Date (heure belge);Horodatage UTC;Page;Etat;Duree (s);Duree (ms)
01/08/2026 11:28:30;2026-08-01T09:28:30.539Z;Courses hippiques (PMU);OK;4,1;4147
01/08/2026 11:28:30;2026-08-01T09:28:30.539Z;Courses de lévriers;OK;3,9;3902
01/08/2026 11:34:34;2026-08-01T09:34:34.096Z;Courses hippiques (PMU);OK;4,0;3972
01/08/2026 11:34:34;2026-08-01T09:34:34.096Z;Courses de lévriers;OK;5,5;5529
01/08/2026 11:37:23;2026-08-01T09:37:23.033Z;Courses hippiques (PMU);OK;4,5;4516
01/08/2026 11:37:23;2026-08-01T09:37:23.033Z;Courses de lévriers;OK;5,2;5214
01/08/2026 11:41:42;2026-08-01T09:41:42.296Z;Courses hippiques (PMU);OK;4,9;4867
01/08/2026 11:41:42;2026-08-01T09:41:42.296Z;Courses de lévriers;OK;4,7;4666
01/08/2026 11:49:17;2026-08-01T09:49:17.513Z;Courses hippiques (PMU);OK;3,8;3829
01/08/2026 11:49:17;2026-08-01T09:49:17.513Z;Courses de lévriers;OK;2,6;2562
01/08/2026 11:55:25;2026-08-01T09:55:25.753Z;Courses hippiques (PMU);OK;4,2;4160
01/08/2026 11:55:25;2026-08-01T09:55:25.753Z;Courses de lévriers;OK;4,7;4695
01/08/2026 12:02:06;2026-08-01T10:02:06.408Z;Courses hippiques (PMU);OK;5,4;5445
01/08/2026 12:02:06;2026-08-01T10:02:06.408Z;Courses de lévriers;OK;5,1;5144
01/08/2026 12:03:33;2026-08-01T10:03:33.920Z;Courses hippiques (PMU);OK;3,9;3868
01/08/2026 12:03:33;2026-08-01T10:03:33.920Z;Courses de lévriers;OK;3,5;3513
01/08/2026 12:09:22;2026-08-01T10:09:22.618Z;Courses hippiques (PMU);OK;5,6;5577
01/08/2026 12:09:22;2026-08-01T10:09:22.618Z;Courses de lévriers;OK;5,3;5250
01/08/2026 12:13:22;2026-08-01T10:13:22.692Z;Courses hippiques (PMU);OK;5,7;5677
01/08/2026 12:13:22;2026-08-01T10:13:22.692Z;Courses de lévriers;OK;4,9;4870
01/08/2026 12:25:27;2026-08-01T10:25:27.541Z;Courses hippiques (PMU);OK;5,1;5096
01/08/2026 12:25:27;2026-08-01T10:25:27.541Z;Courses de lévriers;OK;4,8;4838
01/08/2026 12:37:22;2026-08-01T10:37:22.950Z;Courses hippiques (PMU);OK;5,4;5401
01/08/2026 12:37:22;2026-08-01T10:37:22.950Z;Courses de lévriers;OK;4,7;4722
01/08/2026 12:49:32;2026-08-01T10:49:32.198Z;Courses hippiques (PMU);OK;4,7;4725
01/08/2026 12:49:32;2026-08-01T10:49:32.198Z;Courses de lévriers;OK;4,7;4687
01/08/2026 12:50:40;2026-08-01T10:50:40.170Z;Courses hippiques (PMU);OK;6,2;6153
01/08/2026 12:50:40;2026-08-01T10:50:40.170Z;Courses de lévriers;OK;4,6;4557
01/08/2026 13:02:24;2026-08-01T11:02:24.017Z;Courses hippiques (PMU);ECHEC;30,0;30014
01/08/2026 13:02:24;2026-08-01T11:02:24.017Z;Courses de lévriers;OK;3,3;3257
01/08/2026 13:13:27;2026-08-01T11:13:27.974Z;Courses hippiques (PMU);OK;5,7;5689
01/08/2026 13:13:27;2026-08-01T11:13:27.974Z;Courses de lévriers;OK;4,5;4489
01/08/2026 13:25:26;2026-08-01T11:25:26.045Z;Courses hippiques (PMU);ECHEC;4,0;3980
01/08/2026 13:25:26;2026-08-01T11:25:26.045Z;Courses de lévriers;OK;4,4;4432
01/08/2026 13:37:31;2026-08-01T11:37:31.137Z;Courses hippiques (PMU);OK;5,1;5145
01/08/2026 13:37:31;2026-08-01T11:37:31.137Z;Courses de lévriers;OK;4,6;4605
01/08/2026 13:49:22;2026-08-01T11:49:22.068Z;Courses hippiques (PMU);ECHEC;3,9;3907
01/08/2026 13:49:22;2026-08-01T11:49:22.068Z;Courses de lévriers;OK;4,4;4356
01/08/2026 14:01:57;2026-08-01T12:01:57.583Z;Courses hippiques (PMU);OK;5,3;5336
01/08/2026 14:01:57;2026-08-01T12:01:57.583Z;Courses de lévriers;OK;5,7;5665
01/08/2026 14:13:19;2026-08-01T12:13:19.337Z;Courses hippiques (PMU);ECHEC;3,9;3901
01/08/2026 14:13:19;2026-08-01T12:13:19.337Z;Courses de lévriers;OK;4,5;4481
01/08/2026 14:25:16;2026-08-01T12:25:16.965Z;Courses hippiques (PMU);OK;3,3;3300
01/08/2026 14:25:16;2026-08-01T12:25:16.965Z;Courses de lévriers;OK;3,7;3671
01/08/2026 14:37:26;2026-08-01T12:37:26.137Z;Courses hippiques (PMU);OK;4,2;4213
01/08/2026 14:37:26;2026-08-01T12:37:26.137Z;Courses de lévriers;OK;4,4;4371
01/08/2026 14:49:30;2026-08-01T12:49:30.498Z;Courses hippiques (PMU);OK;5,0;5011
01/08/2026 14:49:30;2026-08-01T12:49:30.498Z;Courses de lévriers;OK;4,4;4359
01/08/2026 15:01:54;2026-08-01T13:01:54.281Z;Courses hippiques (PMU);OK;5,2;5216
01/08/2026 15:01:54;2026-08-01T13:01:54.281Z;Courses de lévriers;OK;4,4;4354
01/08/2026 15:13:29;2026-08-01T13:13:29.335Z;Courses hippiques (PMU);OK;5,1;5084
01/08/2026 15:13:29;2026-08-01T13:13:29.335Z;Courses de lévriers;OK;4,4;4374
01/08/2026 15:25:24;2026-08-01T13:25:24.616Z;Courses hippiques (PMU);OK;5,6;5600
01/08/2026 15:25:24;2026-08-01T13:25:24.616Z;Courses de lévriers;OK;6,9;6917
01/08/2026 15:37:24;2026-08-01T13:37:24.065Z;Courses hippiques (PMU);OK;5,0;5038
01/08/2026 15:37:24;2026-08-01T13:37:24.065Z;Courses de lévriers;OK;4,4;4398
01/08/2026 15:49:34;2026-08-01T13:49:34.009Z;Courses hippiques (PMU);OK;4,5;4532
01/08/2026 15:49:34;2026-08-01T13:49:34.009Z;Courses de lévriers;OK;3,5;3514
01/08/2026 15:58:16;2026-08-01T13:58:16.397Z;Courses hippiques (PMU);OK;4,9;4921
01/08/2026 15:58:16;2026-08-01T13:58:16.397Z;Courses de lévriers;OK;4,9;4876
01/08/2026 16:01:55;2026-08-01T14:01:55.351Z;Courses hippiques (PMU);OK;5,1;5082
01/08/2026 16:01:55;2026-08-01T14:01:55.351Z;Courses de lévriers;OK;5,2;5162
01/08/2026 16:13:35;2026-08-01T14:13:35.123Z;Courses hippiques (PMU);OK;5,0;4983
01/08/2026 16:13:35;2026-08-01T14:13:35.123Z;Courses de lévriers;OK;4,4;4362
01/08/2026 16:25:20;2026-08-01T14:25:20.193Z;Courses hippiques (PMU);OK;5,2;5211
01/08/2026 16:25:20;2026-08-01T14:25:20.193Z;Courses de lévriers;OK;4,5;4457
01/08/2026 16:37:25;2026-08-01T14:37:25.594Z;Courses hippiques (PMU);OK;5,1;5111
01/08/2026 16:37:25;2026-08-01T14:37:25.594Z;Courses de lévriers;OK;4,6;4577
01/08/2026 16:49:29;2026-08-01T14:49:29.622Z;Courses hippiques (PMU);OK;5,0;4960
01/08/2026 16:49:29;2026-08-01T14:49:29.622Z;Courses de lévriers;OK;4,3;4267
01/08/2026 17:02:07;2026-08-01T15:02:07.220Z;Courses hippiques (PMU);OK;3,8;3825
01/08/2026 17:02:07;2026-08-01T15:02:07.220Z;Courses de lévriers;OK;4,3;4340
01/08/2026 17:13:26;2026-08-01T15:13:26.640Z;Courses hippiques (PMU);OK;4,9;4934
01/08/2026 17:13:26;2026-08-01T15:13:26.640Z;Courses de lévriers;OK;4,9;4885
01/08/2026 17:25:28;2026-08-01T15:25:28.070Z;Courses hippiques (PMU);OK;5,4;5358
01/08/2026 17:25:28;2026-08-01T15:25:28.070Z;Courses de lévriers;OK;4,9;4863
01/08/2026 17:37:30;2026-08-01T15:37:30.238Z;Courses hippiques (PMU);OK;4,9;4915
01/08/2026 17:37:30;2026-08-01T15:37:30.238Z;Courses de lévriers;OK;4,7;4693
01/08/2026 17:49:31;2026-08-01T15:49:31.514Z;Courses hippiques (PMU);OK;6,8;6754
01/08/2026 17:49:31;2026-08-01T15:49:31.514Z;Courses de lévriers;OK;5,4;5371
01/08/2026 18:01:58;2026-08-01T16:01:58.128Z;Courses hippiques (PMU);OK;4,8;4763
01/08/2026 18:01:58;2026-08-01T16:01:58.128Z;Courses de lévriers;OK;4,5;4491
01/08/2026 18:13:27;2026-08-01T16:13:27.025Z;Courses hippiques (PMU);OK;4,8;4836
01/08/2026 18:13:27;2026-08-01T16:13:27.025Z;Courses de lévriers;OK;6,7;6666
01/08/2026 18:15:07;2026-08-01T16:15:07.061Z;Courses hippiques (PMU);ECHEC;4,4;4361
01/08/2026 18:15:07;2026-08-01T16:15:07.061Z;Courses de lévriers;OK;5,3;5337
01/08/2026 18:25:22;2026-08-01T16:25:22.783Z;Courses hippiques (PMU);OK;5,1;5084
01/08/2026 18:25:22;2026-08-01T16:25:22.783Z;Courses de lévriers;OK;4,3;4308
01/08/2026 18:37:25;2026-08-01T16:37:25.865Z;Courses hippiques (PMU);OK;4,9;4931
01/08/2026 18:37:25;2026-08-01T16:37:25.865Z;Courses de lévriers;OK;4,5;4530
01/08/2026 18:49:24;2026-08-01T16:49:24.695Z;Courses hippiques (PMU);OK;5,0;5032
01/08/2026 18:49:24;2026-08-01T16:49:24.695Z;Courses de lévriers;OK;4,5;4550
01/08/2026 19:01:48;2026-08-01T17:01:48.285Z;Courses hippiques (PMU);OK;3,1;3128
01/08/2026 19:01:48;2026-08-01T17:01:48.285Z;Courses de lévriers;OK;4,2;4152
01/08/2026 19:13:19;2026-08-01T17:13:19.384Z;Courses hippiques (PMU);OK;5,1;5086
01/08/2026 19:13:19;2026-08-01T17:13:19.384Z;Courses de lévriers;OK;4,6;4617
01/08/2026 19:25:22;2026-08-01T17:25:22.530Z;Courses hippiques (PMU);ECHEC;4,0;4043
01/08/2026 19:25:22;2026-08-01T17:25:22.530Z;Courses de lévriers;OK;4,4;4380
01/08/2026 19:37:20;2026-08-01T17:37:20.151Z;Courses hippiques (PMU);ECHEC;4,4;4379
01/08/2026 19:37:20;2026-08-01T17:37:20.151Z;Courses de lévriers;OK;4,4;4415
01/08/2026 19:49:29;2026-08-01T17:49:29.234Z;Courses hippiques (PMU);OK;5,0;5014
01/08/2026 19:49:29;2026-08-01T17:49:29.234Z;Courses de lévriers;OK;4,5;4495
01/08/2026 20:01:54;2026-08-01T18:01:54.866Z;Courses hippiques (PMU);OK;5,1;5114
01/08/2026 20:01:54;2026-08-01T18:01:54.866Z;Courses de lévriers;OK;4,8;4816
01/08/2026 20:13:25;2026-08-01T18:13:25.246Z;Courses hippiques (PMU);OK;5,3;5325
01/08/2026 20:13:25;2026-08-01T18:13:25.246Z;Courses de lévriers;OK;4,7;4713
01/08/2026 20:25:26;2026-08-01T18:25:26.606Z;Courses hippiques (PMU);OK;5,1;5069
01/08/2026 20:25:26;2026-08-01T18:25:26.606Z;Courses de lévriers;OK;4,5;4518
01/08/2026 20:37:30;2026-08-01T18:37:30.438Z;Courses hippiques (PMU);OK;4,3;4336
01/08/2026 20:37:30;2026-08-01T18:37:30.438Z;Courses de lévriers;OK;4,4;4359
01/08/2026 20:49:30;2026-08-01T18:49:30.200Z;Courses hippiques (PMU);OK;6,3;6326
01/08/2026 20:49:30;2026-08-01T18:49:30.200Z;Courses de lévriers;OK;5,7;5663
01/08/2026 21:01:57;2026-08-01T19:01:57.031Z;Courses hippiques (PMU);OK;5,6;5564
01/08/2026 21:01:57;2026-08-01T19:01:57.031Z;Courses de lévriers;OK;4,6;4641
01/08/2026 21:13:21;2026-08-01T19:13:21.259Z;Courses hippiques (PMU);OK;5,0;4966
01/08/2026 21:13:21;2026-08-01T19:13:21.259Z;Courses de lévriers;OK;4,6;4580
01/08/2026 21:25:40;2026-08-01T19:25:40.664Z;Courses hippiques (PMU);OK;4,9;4932
01/08/2026 21:25:40;2026-08-01T19:25:40.664Z;Courses de lévriers;OK;4,3;4267
01/08/2026 21:36:47;2026-08-01T19:36:47.239Z;Courses hippiques (PMU);OK;4,2;4228
01/08/2026 21:36:47;2026-08-01T19:36:47.239Z;Courses de lévriers;OK;3,8;3794
01/08/2026 21:49:23;2026-08-01T19:49:23.864Z;Courses hippiques (PMU);OK;4,2;4166
01/08/2026 21:49:23;2026-08-01T19:49:23.864Z;Courses de lévriers;OK;4,4;4363
01/08/2026 22:01:50;2026-08-01T20:01:50.094Z;Courses hippiques (PMU);OK;4,3;4322
01/08/2026 22:01:50;2026-08-01T20:01:50.094Z;Courses de lévriers;OK;4,4;4360
01/08/2026 22:13:28;2026-08-01T20:13:28.472Z;Courses hippiques (PMU);OK;6,0;6041
01/08/2026 22:13:28;2026-08-01T20:13:28.472Z;Courses de lévriers;OK;4,7;4747
01/08/2026 22:25:25;2026-08-01T20:25:25.420Z;Courses hippiques (PMU);OK;5,3;5316
01/08/2026 22:25:25;2026-08-01T20:25:25.420Z;Courses de lévriers;OK;5,7;5703
01/08/2026 22:37:21;2026-08-01T20:37:21.534Z;Courses hippiques (PMU);OK;4,5;4500
01/08/2026 22:37:21;2026-08-01T20:37:21.534Z;Courses de lévriers;OK;3,8;3763
01/08/2026 22:49:30;2026-08-01T20:49:30.039Z;Courses hippiques (PMU);OK;6,2;6187
01/08/2026 22:49:30;2026-08-01T20:49:30.039Z;Courses de lévriers;OK;5,2;5219
01/08/2026 23:02:11;2026-08-01T21:02:11.854Z;Courses hippiques (PMU);OK;6,4;6353
01/08/2026 23:02:11;2026-08-01T21:02:11.854Z;Courses de lévriers;OK;5,7;5688
01/08/2026 23:13:37;2026-08-01T21:13:37.765Z;Courses hippiques (PMU);OK;5,4;5391
01/08/2026 23:13:37;2026-08-01T21:13:37.765Z;Courses de lévriers;OK;4,9;4855
01/08/2026 23:25:28;2026-08-01T21:25:28.920Z;Courses hippiques (PMU);OK;4,9;4899
01/08/2026 23:25:28;2026-08-01T21:25:28.920Z;Courses de lévriers;OK;4,5;4540
01/08/2026 23:37:35;2026-08-01T21:37:35.461Z;Courses hippiques (PMU);OK;5,2;5218
01/08/2026 23:37:35;2026-08-01T21:37:35.461Z;Courses de lévriers;OK;4,9;4884
01/08/2026 23:49:20;2026-08-01T21:49:20.212Z;Courses hippiques (PMU);OK;5,1;5097
01/08/2026 23:49:20;2026-08-01T21:49:20.212Z;Courses de lévriers;OK;4,4;4402
02/08/2026 00:13:03;2026-08-01T22:13:03.152Z;Courses hippiques (PMU);OK;2,8;2841
02/08/2026 00:13:03;2026-08-01T22:13:03.152Z;Courses de lévriers;OK;1,3;1263
02/08/2026 05:55:55;2026-08-02T03:55:55.128Z;Courses hippiques (PMU);OK;2,1;2131
02/08/2026 05:55:55;2026-08-02T03:55:55.128Z;Courses de lévriers;OK;1,6;1572
02/08/2026 08:01:53;2026-08-02T06:01:53.295Z;Courses hippiques (PMU);OK;2,0;1972
02/08/2026 08:01:53;2026-08-02T06:01:53.295Z;Courses de lévriers;OK;1,4;1377
02/08/2026 08:13:17;2026-08-02T06:13:17.970Z;Courses hippiques (PMU);OK;1,9;1937
02/08/2026 08:13:17;2026-08-02T06:13:17.970Z;Courses de lévriers;OK;1,5;1482
02/08/2026 08:25:33;2026-08-02T06:25:33.011Z;Courses hippiques (PMU);OK;2,1;2062
02/08/2026 08:25:33;2026-08-02T06:25:33.011Z;Courses de lévriers;OK;1,5;1524
02/08/2026 08:37:17;2026-08-02T06:37:17.313Z;Courses hippiques (PMU);OK;4,0;4043
02/08/2026 08:37:17;2026-08-02T06:37:17.313Z;Courses de lévriers;OK;4,4;4363
02/08/2026 08:49:29;2026-08-02T06:49:29.974Z;Courses hippiques (PMU);OK;4,7;4706
02/08/2026 08:49:29;2026-08-02T06:49:29.974Z;Courses de lévriers;OK;4,8;4771
02/08/2026 09:02:07;2026-08-02T07:02:07.616Z;Courses hippiques (PMU);ECHEC;3,2;3174
02/08/2026 09:02:07;2026-08-02T07:02:07.616Z;Courses de lévriers;OK;3,6;3607
02/08/2026 09:13:26;2026-08-02T07:13:26.894Z;Courses hippiques (PMU);OK;5,5;5505
02/08/2026 09:13:26;2026-08-02T07:13:26.894Z;Courses de lévriers;OK;5,0;5026
02/08/2026 09:25:25;2026-08-02T07:25:25.293Z;Courses hippiques (PMU);OK;5,8;5795
02/08/2026 09:25:25;2026-08-02T07:25:25.293Z;Courses de lévriers;OK;4,5;4479
02/08/2026 09:37:27;2026-08-02T07:37:27.236Z;Courses hippiques (PMU);OK;4,3;4262
02/08/2026 09:37:27;2026-08-02T07:37:27.236Z;Courses de lévriers;OK;3,8;3786
02/08/2026 09:49:30;2026-08-02T07:49:30.166Z;Courses hippiques (PMU);OK;4,9;4938
02/08/2026 09:49:30;2026-08-02T07:49:30.166Z;Courses de lévriers;OK;4,6;4621
02/08/2026 10:01:52;2026-08-02T08:01:52.193Z;Courses hippiques (PMU);OK;5,3;5314
02/08/2026 10:01:52;2026-08-02T08:01:52.193Z;Courses de lévriers;OK;4,7;4659
02/08/2026 10:13:19;2026-08-02T08:13:19.981Z;Courses hippiques (PMU);OK;4,8;4850
02/08/2026 10:13:19;2026-08-02T08:13:19.981Z;Courses de lévriers;OK;4,4;4358
02/08/2026 10:25:16;2026-08-02T08:25:16.809Z;Courses hippiques (PMU);OK;4,2;4186
02/08/2026 10:25:16;2026-08-02T08:25:16.809Z;Courses de lévriers;OK;4,3;4320
02/08/2026 10:37:22;2026-08-02T08:37:22.640Z;Courses hippiques (PMU);ECHEC;5,5;5533
02/08/2026 10:37:22;2026-08-02T08:37:22.640Z;Courses de lévriers;OK;4,6;4636
02/08/2026 10:38:38;2026-08-02T08:38:38.119Z;Courses hippiques (PMU);OK;4,7;4677
02/08/2026 10:38:38;2026-08-02T08:38:38.119Z;Courses de lévriers;OK;4,6;4644
02/08/2026 10:49:22;2026-08-02T08:49:22.691Z;Courses hippiques (PMU);OK;4,9;4872
02/08/2026 10:49:22;2026-08-02T08:49:22.691Z;Courses de lévriers;OK;6,0;5978
02/08/2026 11:02:00;2026-08-02T09:02:00.480Z;Courses hippiques (PMU);ECHEC;4,3;4330
02/08/2026 11:02:00;2026-08-02T09:02:00.480Z;Courses de lévriers;OK;4,9;4886
02/08/2026 11:13:16;2026-08-02T09:13:16.529Z;Courses hippiques (PMU);OK;4,4;4410
02/08/2026 11:13:16;2026-08-02T09:13:16.529Z;Courses de lévriers;OK;4,5;4453
02/08/2026 11:25:31;2026-08-02T09:25:31.874Z;Courses hippiques (PMU);OK;5,0;4981
02/08/2026 11:25:31;2026-08-02T09:25:31.874Z;Courses de lévriers;OK;4,7;4698
02/08/2026 11:37:25;2026-08-02T09:37:25.632Z;Courses hippiques (PMU);OK;5,7;5732
02/08/2026 11:37:25;2026-08-02T09:37:25.632Z;Courses de lévriers;OK;5,6;5554
02/08/2026 11:49:37;2026-08-02T09:49:37.988Z;Courses hippiques (PMU);ECHEC;5,8;5790
02/08/2026 11:49:37;2026-08-02T09:49:37.988Z;Courses de lévriers;OK;6,7;6700
02/08/2026 12:01:57;2026-08-02T10:01:57.552Z;Courses hippiques (PMU);OK;5,5;5515
02/08/2026 12:01:57;2026-08-02T10:01:57.552Z;Courses de lévriers;OK;5,1;5137
02/08/2026 12:13:17;2026-08-02T10:13:17.858Z;Courses hippiques (PMU);OK;5,1;5125
02/08/2026 12:13:17;2026-08-02T10:13:17.858Z;Courses de lévriers;OK;4,5;4454
02/08/2026 12:25:17;2026-08-02T10:25:17.831Z;Courses hippiques (PMU);OK;4,0;4039
02/08/2026 12:25:17;2026-08-02T10:25:17.831Z;Courses de lévriers;OK;5,0;5005
02/08/2026 12:37:17;2026-08-02T10:37:17.090Z;Courses hippiques (PMU);OK;4,0;4048
02/08/2026 12:37:17;2026-08-02T10:37:17.090Z;Courses de lévriers;OK;3,7;3709
02/08/2026 12:49:15;2026-08-02T10:49:15.060Z;Courses hippiques (PMU);ECHEC;4,0;4019
02/08/2026 12:49:15;2026-08-02T10:49:15.060Z;Courses de lévriers;OK;4,4;4363
02/08/2026 12:52:06;2026-08-02T10:52:06.712Z;Courses hippiques (PMU);OK;4,3;4331
02/08/2026 12:52:06;2026-08-02T10:52:06.712Z;Courses de lévriers;OK;5,4;5427
02/08/2026 13:01:51;2026-08-02T11:01:51.168Z;Courses hippiques (PMU);OK;5,4;5385
02/08/2026 13:01:51;2026-08-02T11:01:51.168Z;Courses de lévriers;OK;6,0;5987
02/08/2026 13:13:40;2026-08-02T11:13:40.281Z;Courses hippiques (PMU);OK;5,5;5485
02/08/2026 13:13:40;2026-08-02T11:13:40.281Z;Courses de lévriers;OK;5,1;5063
02/08/2026 13:25:18;2026-08-02T11:25:18.539Z;Courses hippiques (PMU);OK;4,9;4920
02/08/2026 13:25:18;2026-08-02T11:25:18.539Z;Courses de lévriers;OK;4,8;4833
02/08/2026 13:37:27;2026-08-02T11:37:27.839Z;Courses hippiques (PMU);OK;5,1;5077
02/08/2026 13:37:27;2026-08-02T11:37:27.839Z;Courses de lévriers;OK;4,2;4171
02/08/2026 13:49:21;2026-08-02T11:49:21.908Z;Courses hippiques (PMU);OK;4,9;4870
02/08/2026 13:49:21;2026-08-02T11:49:21.908Z;Courses de lévriers;OK;5,6;5567
02/08/2026 14:01:54;2026-08-02T12:01:54.497Z;Courses hippiques (PMU);OK;5,2;5162
02/08/2026 14:01:54;2026-08-02T12:01:54.497Z;Courses de lévriers;OK;5,6;5636
02/08/2026 14:13:28;2026-08-02T12:13:28.776Z;Courses hippiques (PMU);OK;4,9;4940
02/08/2026 14:13:28;2026-08-02T12:13:28.776Z;Courses de lévriers;OK;4,6;4648
02/08/2026 14:25:23;2026-08-02T12:25:23.917Z;Courses hippiques (PMU);OK;4,1;4125
02/08/2026 14:25:23;2026-08-02T12:25:23.917Z;Courses de lévriers;OK;4,3;4343
02/08/2026 14:37:27;2026-08-02T12:37:27.535Z;Courses hippiques (PMU);OK;5,0;4980
02/08/2026 14:37:27;2026-08-02T12:37:27.535Z;Courses de lévriers;OK;5,5;5545
02/08/2026 14:49:25;2026-08-02T12:49:25.060Z;Courses hippiques (PMU);OK;5,6;5600
02/08/2026 14:49:25;2026-08-02T12:49:25.060Z;Courses de lévriers;OK;4,4;4437
02/08/2026 15:01:56;2026-08-02T13:01:56.953Z;Courses hippiques (PMU);OK;4,5;4455
02/08/2026 15:01:56;2026-08-02T13:01:56.953Z;Courses de lévriers;OK;4,8;4756
02/08/2026 15:13:18;2026-08-02T13:13:18.385Z;Courses hippiques (PMU);OK;4,7;4737
02/08/2026 15:13:18;2026-08-02T13:13:18.385Z;Courses de lévriers;OK;4,5;4501
02/08/2026 15:25:26;2026-08-02T13:25:26.647Z;Courses hippiques (PMU);OK;4,9;4907
02/08/2026 15:25:26;2026-08-02T13:25:26.647Z;Courses de lévriers;OK;5,2;5228
02/08/2026 15:37:19;2026-08-02T13:37:19.378Z;Courses hippiques (PMU);OK;4,3;4270
02/08/2026 15:37:19;2026-08-02T13:37:19.378Z;Courses de lévriers;OK;3,8;3842
02/08/2026 15:49:29;2026-08-02T13:49:29.102Z;Courses hippiques (PMU);OK;5,1;5063
02/08/2026 15:49:29;2026-08-02T13:49:29.102Z;Courses de lévriers;OK;5,1;5147
02/08/2026 15:58:41;2026-08-02T13:58:41.700Z;Courses hippiques (PMU);OK;4,9;4854
02/08/2026 15:58:41;2026-08-02T13:58:41.700Z;Courses de lévriers;OK;4,3;4336
02/08/2026 16:01:51;2026-08-02T14:01:51.032Z;Courses hippiques (PMU);OK;4,0;4007
02/08/2026 16:01:51;2026-08-02T14:01:51.032Z;Courses de lévriers;OK;4,7;4706
02/08/2026 16:13:32;2026-08-02T14:13:32.328Z;Courses hippiques (PMU);OK;3,9;3946
02/08/2026 16:13:32;2026-08-02T14:13:32.328Z;Courses de lévriers;OK;4,3;4310
02/08/2026 16:25:23;2026-08-02T14:25:23.731Z;Courses hippiques (PMU);OK;4,4;4361
02/08/2026 16:25:23;2026-08-02T14:25:23.731Z;Courses de lévriers;OK;4,3;4342
02/08/2026 16:37:23;2026-08-02T14:37:23.573Z;Courses hippiques (PMU);OK;5,2;5243
02/08/2026 16:37:23;2026-08-02T14:37:23.573Z;Courses de lévriers;OK;5,6;5602
02/08/2026 16:49:16;2026-08-02T14:49:16.056Z;Courses hippiques (PMU);ECHEC;3,4;3353
02/08/2026 16:49:16;2026-08-02T14:49:16.056Z;Courses de lévriers;OK;3,7;3725
02/08/2026 17:02:12;2026-08-02T15:02:12.605Z;Courses hippiques (PMU);OK;4,6;4593
02/08/2026 17:02:12;2026-08-02T15:02:12.605Z;Courses de lévriers;OK;4,9;4858
02/08/2026 17:13:15;2026-08-02T15:13:15.273Z;Courses hippiques (PMU);OK;4,2;4158
02/08/2026 17:13:15;2026-08-02T15:13:15.273Z;Courses de lévriers;OK;4,5;4513
02/08/2026 17:25:18;2026-08-02T15:25:18.569Z;Courses hippiques (PMU);OK;3,9;3925
02/08/2026 17:25:18;2026-08-02T15:25:18.569Z;Courses de lévriers;OK;4,3;4272
02/08/2026 17:49:16;2026-08-02T15:49:16.078Z;Courses hippiques (PMU);OK;3,9;3909
02/08/2026 17:49:16;2026-08-02T15:49:16.078Z;Courses de lévriers;OK;4,5;4481
02/08/2026 18:01:53;2026-08-02T16:01:53.472Z;Courses hippiques (PMU);OK;4,0;3966
02/08/2026 18:01:53;2026-08-02T16:01:53.472Z;Courses de lévriers;OK;4,4;4381
02/08/2026 18:13:27;2026-08-02T16:13:27.658Z;Courses hippiques (PMU);OK;4,4;4354
02/08/2026 18:13:27;2026-08-02T16:13:27.658Z;Courses de lévriers;OK;3,9;3883
02/08/2026 18:14:44;2026-08-02T16:14:44.791Z;Courses hippiques (PMU);OK;5,6;5563
02/08/2026 18:14:44;2026-08-02T16:14:44.791Z;Courses de lévriers;OK;5,6;5642
02/08/2026 18:25:20;2026-08-02T16:25:20.836Z;Courses hippiques (PMU);ECHEC;3,9;3881
02/08/2026 18:25:20;2026-08-02T16:25:20.836Z;Courses de lévriers;OK;4,6;4628
02/08/2026 18:37:23;2026-08-02T16:37:23.353Z;Courses hippiques (PMU);OK;4,9;4948
02/08/2026 18:37:23;2026-08-02T16:37:23.353Z;Courses de lévriers;OK;5,0;4969
02/08/2026 18:49:31;2026-08-02T16:49:31.468Z;Courses hippiques (PMU);OK;4,0;4046
02/08/2026 18:49:31;2026-08-02T16:49:31.468Z;Courses de lévriers;OK;4,3;4329
02/08/2026 19:02:01;2026-08-02T17:02:01.619Z;Courses hippiques (PMU);OK;5,1;5077
02/08/2026 19:02:01;2026-08-02T17:02:01.619Z;Courses de lévriers;OK;7,0;7003
02/08/2026 19:13:30;2026-08-02T17:13:30.331Z;Courses hippiques (PMU);OK;5,0;4965
02/08/2026 19:13:30;2026-08-02T17:13:30.331Z;Courses de lévriers;OK;5,3;5329
02/08/2026 19:25:16;2026-08-02T17:25:16.565Z;Courses hippiques (PMU);OK;4,4;4385
02/08/2026 19:25:16;2026-08-02T17:25:16.565Z;Courses de lévriers;OK;4,6;4618
02/08/2026 19:32:47;2026-08-02T17:32:47.419Z;Courses hippiques (PMU);OK;4,5;4473
02/08/2026 19:32:47;2026-08-02T17:32:47.419Z;Courses de lévriers;OK;4,7;4667
02/08/2026 19:37:17;2026-08-02T17:37:17.623Z;Courses hippiques (PMU);OK;4,0;3958
02/08/2026 19:37:17;2026-08-02T17:37:17.623Z;Courses de lévriers;OK;3,8;3780
02/08/2026 19:49:17;2026-08-02T17:49:17.869Z;Courses hippiques (PMU);OK;3,2;3223
02/08/2026 19:49:17;2026-08-02T17:49:17.869Z;Courses de lévriers;OK;3,6;3644
02/08/2026 20:01:48;2026-08-02T18:01:48.735Z;Courses hippiques (PMU);OK;4,2;4176
02/08/2026 20:01:48;2026-08-02T18:01:48.735Z;Courses de lévriers;OK;4,6;4583
02/08/2026 20:13:21;2026-08-02T18:13:21.473Z;Courses hippiques (PMU);OK;5,3;5312
02/08/2026 20:13:21;2026-08-02T18:13:21.473Z;Courses de lévriers;OK;4,9;4886
02/08/2026 20:25:29;2026-08-02T18:25:29.910Z;Courses hippiques (PMU);OK;5,0;5020
02/08/2026 20:25:29;2026-08-02T18:25:29.910Z;Courses de lévriers;OK;4,6;4592
02/08/2026 20:37:38;2026-08-02T18:37:38.254Z;Courses hippiques (PMU);OK;5,3;5346
02/08/2026 20:37:38;2026-08-02T18:37:38.254Z;Courses de lévriers;OK;5,9;5877
02/08/2026 20:49:17;2026-08-02T18:49:17.431Z;Courses hippiques (PMU);OK;4,9;4853
02/08/2026 20:49:17;2026-08-02T18:49:17.431Z;Courses de lévriers;OK;4,4;4394
02/08/2026 21:01:54;2026-08-02T19:01:54.521Z;Courses hippiques (PMU);OK;4,0;3965
02/08/2026 21:01:54;2026-08-02T19:01:54.521Z;Courses de lévriers;OK;4,3;4346
02/08/2026 21:13:33;2026-08-02T19:13:33.845Z;Courses hippiques (PMU);OK;5,0;5011
02/08/2026 21:13:33;2026-08-02T19:13:33.845Z;Courses de lévriers;OK;4,8;4823
02/08/2026 21:25:22;2026-08-02T19:25:22.775Z;Courses hippiques (PMU);OK;4,0;3960
02/08/2026 21:25:22;2026-08-02T19:25:22.775Z;Courses de lévriers;OK;4,7;4699
02/08/2026 21:36:59;2026-08-02T19:36:59.462Z;Courses hippiques (PMU);OK;4,0;3991
02/08/2026 21:36:59;2026-08-02T19:36:59.462Z;Courses de lévriers;OK;4,9;4932
02/08/2026 21:49:21;2026-08-02T19:49:21.426Z;Courses hippiques (PMU);OK;4,1;4053
02/08/2026 21:49:21;2026-08-02T19:49:21.426Z;Courses de lévriers;OK;3,8;3783
02/08/2026 22:01:53;2026-08-02T20:01:53.677Z;Courses hippiques (PMU);OK;4,3;4307
02/08/2026 22:01:53;2026-08-02T20:01:53.677Z;Courses de lévriers;OK;4,6;4649
02/08/2026 22:13:20;2026-08-02T20:13:20.227Z;Courses hippiques (PMU);OK;4,2;4204
02/08/2026 22:13:20;2026-08-02T20:13:20.227Z;Courses de lévriers;OK;4,4;4413
02/08/2026 22:25:22;2026-08-02T20:25:22.823Z;Courses hippiques (PMU);OK;5,5;5483
02/08/2026 22:25:22;2026-08-02T20:25:22.823Z;Courses de lévriers;OK;4,6;4609
02/08/2026 22:37:23;2026-08-02T20:37:23.721Z;Courses hippiques (PMU);OK;4,1;4114
02/08/2026 22:37:23;2026-08-02T20:37:23.721Z;Courses de lévriers;OK;4,5;4487
02/08/2026 22:49:23;2026-08-02T20:49:23.829Z;Courses hippiques (PMU);OK;4,1;4084
02/08/2026 22:49:23;2026-08-02T20:49:23.829Z;Courses de lévriers;OK;6,7;6738
02/08/2026 23:01:58;2026-08-02T21:01:58.518Z;Courses hippiques (PMU);OK;4,3;4265
02/08/2026 23:01:58;2026-08-02T21:01:58.518Z;Courses de lévriers;OK;3,6;3604
02/08/2026 23:13:21;2026-08-02T21:13:21.592Z;Courses hippiques (PMU);OK;3,0;3032
02/08/2026 23:13:21;2026-08-02T21:13:21.592Z;Courses de lévriers;OK;4,6;4645
02/08/2026 23:25:18;2026-08-02T21:25:18.480Z;Courses hippiques (PMU);OK;5,0;5023
02/08/2026 23:25:18;2026-08-02T21:25:18.480Z;Courses de lévriers;OK;4,6;4603
02/08/2026 23:37:19;2026-08-02T21:37:19.312Z;Courses hippiques (PMU);OK;4,2;4209
02/08/2026 23:37:19;2026-08-02T21:37:19.312Z;Courses de lévriers;OK;4,2;4203
02/08/2026 23:49:30;2026-08-02T21:49:30.331Z;Courses hippiques (PMU);OK;6,4;6421
02/08/2026 23:49:30;2026-08-02T21:49:30.331Z;Courses de lévriers;OK;5,6;5602
03/08/2026 00:12:29;2026-08-02T22:12:29.794Z;Courses hippiques (PMU);OK;3,0;2970
03/08/2026 00:12:29;2026-08-02T22:12:29.794Z;Courses de lévriers;OK;1,3;1275
03/08/2026 05:57:24;2026-08-03T03:57:24.738Z;Courses hippiques (PMU);OK;2,2;2234
03/08/2026 05:57:24;2026-08-03T03:57:24.738Z;Courses de lévriers;OK;2,0;2044
03/08/2026 08:01:58;2026-08-03T06:01:58.508Z;Courses hippiques (PMU);OK;2,6;2587
03/08/2026 08:01:58;2026-08-03T06:01:58.508Z;Courses de lévriers;OK;1,5;1528
03/08/2026 08:14:41;2026-08-03T06:14:41.024Z;Courses hippiques (PMU);OK;1,7;1725
03/08/2026 08:14:41;2026-08-03T06:14:41.024Z;Courses de lévriers;OK;1,5;1509
03/08/2026 08:28:20;2026-08-03T06:28:20.820Z;Courses hippiques (PMU);OK;2,1;2107
03/08/2026 08:28:20;2026-08-03T06:28:20.820Z;Courses de lévriers;OK;1,6;1567
03/08/2026 08:37:32;2026-08-03T06:37:32.443Z;Courses hippiques (PMU);OK;4,5;4546
03/08/2026 08:37:32;2026-08-03T06:37:32.443Z;Courses de lévriers;OK;4,7;4654
03/08/2026 08:49:19;2026-08-03T06:49:19.196Z;Courses hippiques (PMU);OK;3,0;3032
03/08/2026 08:49:19;2026-08-03T06:49:19.196Z;Courses de lévriers;OK;3,8;3809
03/08/2026 09:02:23;2026-08-03T07:02:23.465Z;Courses hippiques (PMU);OK;4,0;4009
03/08/2026 09:02:23;2026-08-03T07:02:23.465Z;Courses de lévriers;OK;3,9;3939
03/08/2026 09:13:25;2026-08-03T07:13:25.932Z;Courses hippiques (PMU);OK;4,9;4921
03/08/2026 09:13:25;2026-08-03T07:13:25.932Z;Courses de lévriers;OK;4,7;4724
03/08/2026 09:25:27;2026-08-03T07:25:27.177Z;Courses hippiques (PMU);OK;5,0;4988
03/08/2026 09:25:27;2026-08-03T07:25:27.177Z;Courses de lévriers;OK;4,6;4645
03/08/2026 09:37:40;2026-08-03T07:37:40.831Z;Courses hippiques (PMU);OK;5,6;5605
03/08/2026 09:37:40;2026-08-03T07:37:40.831Z;Courses de lévriers;OK;5,2;5194
03/08/2026 09:49:25;2026-08-03T07:49:25.328Z;Courses hippiques (PMU);OK;5,0;5006
03/08/2026 09:49:25;2026-08-03T07:49:25.328Z;Courses de lévriers;OK;4,9;4898
03/08/2026 10:02:04;2026-08-03T08:02:04.733Z;Courses hippiques (PMU);OK;4,8;4841
03/08/2026 10:02:04;2026-08-03T08:02:04.733Z;Courses de lévriers;OK;5,5;5523
03/08/2026 10:13:21;2026-08-03T08:13:21.502Z;Courses hippiques (PMU);OK;4,4;4408
03/08/2026 10:13:21;2026-08-03T08:13:21.502Z;Courses de lévriers;OK;4,7;4712
03/08/2026 10:25:19;2026-08-03T08:25:19.592Z;Courses hippiques (PMU);OK;6,0;6019
03/08/2026 10:25:19;2026-08-03T08:25:19.592Z;Courses de lévriers;OK;4,5;4547
03/08/2026 10:37:18;2026-08-03T08:37:18.798Z;Courses hippiques (PMU);OK;3,4;3363
03/08/2026 10:37:18;2026-08-03T08:37:18.798Z;Courses de lévriers;OK;3,7;3721
03/08/2026 10:49:31;2026-08-03T08:49:31.052Z;Courses hippiques (PMU);OK;4,9;4855
03/08/2026 10:49:31;2026-08-03T08:49:31.052Z;Courses de lévriers;OK;6,3;6316
03/08/2026 11:02:55;2026-08-03T09:02:55.651Z;Courses hippiques (PMU);OK;4,6;4592
03/08/2026 11:02:55;2026-08-03T09:02:55.651Z;Courses de lévriers;OK;5,1;5086
03/08/2026 11:14:19;2026-08-03T09:14:19.541Z;Courses hippiques (PMU);OK;5,2;5192
03/08/2026 11:14:19;2026-08-03T09:14:19.541Z;Courses de lévriers;OK;7,0;7041
03/08/2026 11:25:28;2026-08-03T09:25:28.085Z;Courses hippiques (PMU);OK;6,1;6051
03/08/2026 11:25:28;2026-08-03T09:25:28.085Z;Courses de lévriers;OK;6,1;6120
03/08/2026 11:37:24;2026-08-03T09:37:24.297Z;Courses hippiques (PMU);OK;5,2;5197
03/08/2026 11:37:24;2026-08-03T09:37:24.297Z;Courses de lévriers;OK;4,7;4721
03/08/2026 11:49:24;2026-08-03T09:49:24.004Z;Courses hippiques (PMU);OK;4,1;4069
03/08/2026 11:49:24;2026-08-03T09:49:24.004Z;Courses de lévriers;OK;4,6;4567
03/08/2026 12:01:54;2026-08-03T10:01:54.303Z;Courses hippiques (PMU);OK;5,3;5323
03/08/2026 12:01:54;2026-08-03T10:01:54.303Z;Courses de lévriers;OK;5,0;5020
03/08/2026 12:08:04;2026-08-03T10:08:04.625Z;Courses hippiques (PMU);OK;3,9;3921
03/08/2026 12:08:04;2026-08-03T10:08:04.625Z;Courses de lévriers;OK;4,3;4310
03/08/2026 12:13:38;2026-08-03T10:13:38.901Z;Courses hippiques (PMU);OK;5,4;5421
03/08/2026 12:13:38;2026-08-03T10:13:38.901Z;Courses de lévriers;OK;5,0;5032
03/08/2026 12:25:57;2026-08-03T10:25:57.055Z;Courses hippiques (PMU);OK;5,4;5444
03/08/2026 12:25:57;2026-08-03T10:25:57.055Z;Courses de lévriers;OK;7,1;7086
03/08/2026 12:37:18;2026-08-03T10:37:18.261Z;Courses hippiques (PMU);OK;4,8;4806
03/08/2026 12:37:18;2026-08-03T10:37:18.261Z;Courses de lévriers;OK;4,6;4594
03/08/2026 12:49:16;2026-08-03T10:49:16.501Z;Courses hippiques (PMU);OK;4,8;4800
03/08/2026 12:49:16;2026-08-03T10:49:16.501Z;Courses de lévriers;OK;4,3;4283
03/08/2026 13:01:50;2026-08-03T11:01:50.654Z;Courses hippiques (PMU);OK;4,1;4124
03/08/2026 13:01:50;2026-08-03T11:01:50.654Z;Courses de lévriers;OK;4,1;4077
03/08/2026 13:13:33;2026-08-03T11:13:33.005Z;Courses hippiques (PMU);OK;6,4;6391
03/08/2026 13:13:33;2026-08-03T11:13:33.005Z;Courses de lévriers;OK;5,2;5214
03/08/2026 13:25:23;2026-08-03T11:25:23.294Z;Courses hippiques (PMU);OK;4,5;4506
03/08/2026 13:25:23;2026-08-03T11:25:23.294Z;Courses de lévriers;OK;5,1;5062
03/08/2026 13:37:26;2026-08-03T11:37:26.832Z;Courses hippiques (PMU);OK;6,8;6823
03/08/2026 13:37:26;2026-08-03T11:37:26.832Z;Courses de lévriers;OK;5,4;5376
03/08/2026 13:49:22;2026-08-03T11:49:22.404Z;Courses hippiques (PMU);OK;4,2;4174
03/08/2026 13:49:22;2026-08-03T11:49:22.404Z;Courses de lévriers;OK;5,2;5211
03/08/2026 14:01:56;2026-08-03T12:01:56.732Z;Courses hippiques (PMU);OK;5,0;4976
03/08/2026 14:01:56;2026-08-03T12:01:56.732Z;Courses de lévriers;OK;5,1;5097
03/08/2026 14:13:30;2026-08-03T12:13:30.286Z;Courses hippiques (PMU);OK;5,2;5183
03/08/2026 14:13:30;2026-08-03T12:13:30.286Z;Courses de lévriers;OK;4,6;4604
03/08/2026 14:25:27;2026-08-03T12:25:27.531Z;Courses hippiques (PMU);OK;5,1;5108
03/08/2026 14:25:27;2026-08-03T12:25:27.531Z;Courses de lévriers;OK;5,0;4971
03/08/2026 14:37:23;2026-08-03T12:37:23.720Z;Courses hippiques (PMU);OK;5,3;5260
03/08/2026 14:37:23;2026-08-03T12:37:23.720Z;Courses de lévriers;OK;3,8;3779
03/08/2026 14:49:24;2026-08-03T12:49:24.790Z;Courses hippiques (PMU);ECHEC;3,9;3850
03/08/2026 14:49:24;2026-08-03T12:49:24.790Z;Courses de lévriers;OK;4,6;4552
03/08/2026 15:01:51;2026-08-03T13:01:51.179Z;Courses hippiques (PMU);OK;4,9;4925
03/08/2026 15:01:51;2026-08-03T13:01:51.179Z;Courses de lévriers;OK;4,9;4933
03/08/2026 15:13:31;2026-08-03T13:13:31.949Z;Courses hippiques (PMU);OK;5,3;5320
03/08/2026 15:13:31;2026-08-03T13:13:31.949Z;Courses de lévriers;OK;5,5;5496
03/08/2026 15:25:35;2026-08-03T13:25:35.204Z;Courses hippiques (PMU);OK;5,3;5336
03/08/2026 15:25:35;2026-08-03T13:25:35.204Z;Courses de lévriers;OK;5,0;5041
03/08/2026 15:37:44;2026-08-03T13:37:44.750Z;Courses hippiques (PMU);OK;5,2;5238
03/08/2026 15:37:44;2026-08-03T13:37:44.750Z;Courses de lévriers;OK;5,6;5638
03/08/2026 15:49:35;2026-08-03T13:49:35.273Z;Courses hippiques (PMU);OK;4,6;4568
03/08/2026 15:49:35;2026-08-03T13:49:35.273Z;Courses de lévriers;OK;5,1;5088
03/08/2026 16:02:00;2026-08-03T14:02:00.472Z;Courses hippiques (PMU);OK;4,8;4765
03/08/2026 16:02:00;2026-08-03T14:02:00.472Z;Courses de lévriers;OK;5,1;5109
03/08/2026 16:13:26;2026-08-03T14:13:26.573Z;Courses hippiques (PMU);OK;5,7;5656
03/08/2026 16:13:26;2026-08-03T14:13:26.573Z;Courses de lévriers;OK;5,3;5271
03/08/2026 16:25:25;2026-08-03T14:25:25.375Z;Courses hippiques (PMU);OK;4,5;4463
03/08/2026 16:25:25;2026-08-03T14:25:25.375Z;Courses de lévriers;OK;5,2;5237
03/08/2026 16:38:04;2026-08-03T14:38:04.690Z;Courses hippiques (PMU);ECHEC;30,0;30007
03/08/2026 16:38:04;2026-08-03T14:38:04.690Z;Courses de lévriers;OK;8,9;8950
03/08/2026 16:49:40;2026-08-03T14:49:40.729Z;Courses hippiques (PMU);OK;5,1;5149
03/08/2026 16:49:40;2026-08-03T14:49:40.729Z;Courses de lévriers;OK;5,3;5307
03/08/2026 17:02:00;2026-08-03T15:02:00.737Z;Courses hippiques (PMU);OK;5,6;5596
03/08/2026 17:02:00;2026-08-03T15:02:00.737Z;Courses de lévriers;OK;4,9;4945
03/08/2026 17:13:22;2026-08-03T15:13:22.441Z;Courses hippiques (PMU);OK;5,5;5487
03/08/2026 17:13:22;2026-08-03T15:13:22.441Z;Courses de lévriers;OK;5,4;5387
03/08/2026 17:19:30;2026-08-03T15:19:30.895Z;Courses hippiques (PMU);OK;5,2;5225
03/08/2026 17:19:30;2026-08-03T15:19:30.895Z;Courses de lévriers;OK;7,2;7197
03/08/2026 17:25:28;2026-08-03T15:25:28.111Z;Courses hippiques (PMU);OK;5,7;5678
03/08/2026 17:25:28;2026-08-03T15:25:28.111Z;Courses de lévriers;OK;5,1;5114
03/08/2026 17:37:34;2026-08-03T15:37:34.483Z;Courses hippiques (PMU);OK;5,2;5246
03/08/2026 17:37:34;2026-08-03T15:37:34.483Z;Courses de lévriers;OK;6,6;6599
03/08/2026 17:50:04;2026-08-03T15:50:04.309Z;Courses hippiques (PMU);ECHEC;30,0;30004
03/08/2026 17:50:04;2026-08-03T15:50:04.309Z;Courses de lévriers;ECHEC;8,4;8405
03/08/2026 18:02:06;2026-08-03T16:02:06.379Z;Courses hippiques (PMU);OK;4,9;4900
03/08/2026 18:02:06;2026-08-03T16:02:06.379Z;Courses de lévriers;OK;6,0;6035
03/08/2026 18:13:32;2026-08-03T16:13:32.043Z;Courses hippiques (PMU);ECHEC;4,1;4106
03/08/2026 18:13:32;2026-08-03T16:13:32.043Z;Courses de lévriers;OK;6,1;6060
03/08/2026 18:25:28;2026-08-03T16:25:28.608Z;Courses hippiques (PMU);OK;4,5;4545
03/08/2026 18:25:28;2026-08-03T16:25:28.608Z;Courses de lévriers;OK;8,5;8544
03/08/2026 18:37:26;2026-08-03T16:37:26.000Z;Courses hippiques (PMU);OK;5,7;5677
03/08/2026 18:37:26;2026-08-03T16:37:26.000Z;Courses de lévriers;OK;5,4;5375
03/08/2026 18:49:26;2026-08-03T16:49:26.703Z;Courses hippiques (PMU);OK;5,1;5125
03/08/2026 18:49:26;2026-08-03T16:49:26.703Z;Courses de lévriers;OK;4,9;4878
03/08/2026 19:01:58;2026-08-03T17:01:58.991Z;Courses hippiques (PMU);OK;5,5;5532
03/08/2026 19:01:58;2026-08-03T17:01:58.991Z;Courses de lévriers;OK;6,2;6189
03/08/2026 19:13:29;2026-08-03T17:13:29.303Z;Courses hippiques (PMU);OK;5,7;5660
03/08/2026 19:13:29;2026-08-03T17:13:29.303Z;Courses de lévriers;OK;5,3;5342
03/08/2026 19:25:29;2026-08-03T17:25:29.012Z;Courses hippiques (PMU);OK;5,7;5746
03/08/2026 19:25:29;2026-08-03T17:25:29.012Z;Courses de lévriers;OK;4,8;4780
03/08/2026 19:37:27;2026-08-03T17:37:27.575Z;Courses hippiques (PMU);OK;4,8;4848
03/08/2026 19:37:27;2026-08-03T17:37:27.575Z;Courses de lévriers;OK;5,4;5383
03/08/2026 19:49:23;2026-08-03T17:49:23.803Z;Courses hippiques (PMU);OK;5,5;5517
03/08/2026 19:49:23;2026-08-03T17:49:23.803Z;Courses de lévriers;OK;4,7;4732
03/08/2026 20:02:05;2026-08-03T18:02:05.942Z;Courses hippiques (PMU);OK;5,8;5785
03/08/2026 20:02:05;2026-08-03T18:02:05.942Z;Courses de lévriers;OK;4,5;4523
03/08/2026 20:13:38;2026-08-03T18:13:38.488Z;Courses hippiques (PMU);OK;5,4;5377
03/08/2026 20:13:38;2026-08-03T18:13:38.488Z;Courses de lévriers;OK;6,4;6378
03/08/2026 20:25:33;2026-08-03T18:25:33.694Z;Courses hippiques (PMU);OK;5,2;5203
03/08/2026 20:25:33;2026-08-03T18:25:33.694Z;Courses de lévriers;OK;5,8;5822
03/08/2026 20:37:19;2026-08-03T18:37:19.552Z;Courses hippiques (PMU);OK;5,0;4985
03/08/2026 20:37:19;2026-08-03T18:37:19.552Z;Courses de lévriers;OK;4,7;4726
03/08/2026 20:49:33;2026-08-03T18:49:33.834Z;Courses hippiques (PMU);OK;4,8;4784
03/08/2026 20:49:33;2026-08-03T18:49:33.834Z;Courses de lévriers;OK;4,6;4606
03/08/2026 21:01:59;2026-08-03T19:01:59.121Z;Courses hippiques (PMU);OK;5,5;5543
03/08/2026 21:01:59;2026-08-03T19:01:59.121Z;Courses de lévriers;OK;5,8;5782
03/08/2026 21:13:24;2026-08-03T19:13:24.171Z;Courses hippiques (PMU);OK;4,6;4578
03/08/2026 21:13:24;2026-08-03T19:13:24.171Z;Courses de lévriers;OK;5,2;5218
03/08/2026 21:25:29;2026-08-03T19:25:29.839Z;Courses hippiques (PMU);OK;4,1;4106
03/08/2026 21:25:29;2026-08-03T19:25:29.839Z;Courses de lévriers;OK;4,4;4405
03/08/2026 21:37:46;2026-08-03T19:37:46.390Z;Courses hippiques (PMU);OK;4,6;4587
03/08/2026 21:37:46;2026-08-03T19:37:46.390Z;Courses de lévriers;ECHEC;4,9;4871
03/08/2026 21:49:49;2026-08-03T19:49:49.620Z;Courses hippiques (PMU);ECHEC;30,0;30004
03/08/2026 21:49:49;2026-08-03T19:49:49.620Z;Courses de lévriers;OK;5,7;5725
03/08/2026 22:00:28;2026-08-03T20:00:28.250Z;Courses hippiques (PMU);OK;5,1;5130
03/08/2026 22:00:28;2026-08-03T20:00:28.250Z;Courses de lévriers;OK;6,0;6042
03/08/2026 22:02:42;2026-08-03T20:02:42.901Z;Courses hippiques (PMU);ECHEC;30,0;30011
03/08/2026 22:02:42;2026-08-03T20:02:42.901Z;Courses de lévriers;ECHEC;15,1;15121
03/08/2026 22:13:35;2026-08-03T20:13:35.842Z;Courses hippiques (PMU);OK;5,0;5010
03/08/2026 22:13:35;2026-08-03T20:13:35.842Z;Courses de lévriers;OK;5,7;5736
03/08/2026 22:25:31;2026-08-03T20:25:31.147Z;Courses hippiques (PMU);OK;4,0;4041
03/08/2026 22:25:31;2026-08-03T20:25:31.147Z;Courses de lévriers;OK;5,4;5438
03/08/2026 22:37:22;2026-08-03T20:37:22.290Z;Courses hippiques (PMU);OK;4,3;4309
03/08/2026 22:37:22;2026-08-03T20:37:22.290Z;Courses de lévriers;OK;4,4;4389
03/08/2026 22:49:36;2026-08-03T20:49:36.859Z;Courses hippiques (PMU);OK;5,5;5459
03/08/2026 22:49:36;2026-08-03T20:49:36.859Z;Courses de lévriers;OK;5,1;5134
03/08/2026 23:01:52;2026-08-03T21:01:52.102Z;Courses hippiques (PMU);OK;4,2;4205
03/08/2026 23:01:52;2026-08-03T21:01:52.102Z;Courses de lévriers;OK;5,4;5449
03/08/2026 23:13:29;2026-08-03T21:13:29.880Z;Courses hippiques (PMU);OK;5,4;5441
03/08/2026 23:13:29;2026-08-03T21:13:29.880Z;Courses de lévriers;OK;4,9;4854
03/08/2026 23:25:23;2026-08-03T21:25:23.915Z;Courses hippiques (PMU);OK;4,0;3998
03/08/2026 23:25:23;2026-08-03T21:25:23.915Z;Courses de lévriers;OK;4,3;4346
03/08/2026 23:37:24;2026-08-03T21:37:24.238Z;Courses hippiques (PMU);OK;6,4;6394
03/08/2026 23:37:24;2026-08-03T21:37:24.238Z;Courses de lévriers;OK;3,7;3658
03/08/2026 23:49:35;2026-08-03T21:49:35.648Z;Courses hippiques (PMU);OK;6,2;6247
03/08/2026 23:49:35;2026-08-03T21:49:35.648Z;Courses de lévriers;OK;5,7;5692
04/08/2026 00:19:43;2026-08-03T22:19:43.076Z;Courses hippiques (PMU);OK;3,6;3606
04/08/2026 00:19:43;2026-08-03T22:19:43.076Z;Courses de lévriers;OK;1,7;1720
04/08/2026 05:40:50;2026-08-04T03:40:50.519Z;Courses hippiques (PMU);OK;5,5;5548
04/08/2026 05:40:50;2026-08-04T03:40:50.519Z;Courses de lévriers;OK;1,7;1735
04/08/2026 08:01:47;2026-08-04T06:01:47.167Z;Courses hippiques (PMU);OK;2,7;2712
04/08/2026 08:01:47;2026-08-04T06:01:47.167Z;Courses de lévriers;OK;1,7;1671
04/08/2026 08:13:38;2026-08-04T06:13:38.251Z;Courses hippiques (PMU);OK;2,5;2470
04/08/2026 08:13:38;2026-08-04T06:13:38.251Z;Courses de lévriers;OK;1,7;1735
04/08/2026 08:25:28;2026-08-04T06:25:28.686Z;Courses hippiques (PMU);OK;1,9;1945
04/08/2026 08:25:28;2026-08-04T06:25:28.686Z;Courses de lévriers;OK;1,3;1262
04/08/2026 08:37:27;2026-08-04T06:37:27.087Z;Courses hippiques (PMU);OK;5,0;5041
04/08/2026 08:37:27;2026-08-04T06:37:27.087Z;Courses de lévriers;OK;4,5;4521
04/08/2026 08:49:24;2026-08-04T06:49:24.178Z;Courses hippiques (PMU);OK;6,4;6405
04/08/2026 08:49:24;2026-08-04T06:49:24.178Z;Courses de lévriers;OK;5,9;5945
04/08/2026 09:01:51;2026-08-04T07:01:51.118Z;Courses hippiques (PMU);OK;5,0;4966
04/08/2026 09:01:51;2026-08-04T07:01:51.118Z;Courses de lévriers;OK;3,8;3764
04/08/2026 09:13:16;2026-08-04T07:13:16.442Z;Courses hippiques (PMU);OK;3,4;3380
04/08/2026 09:13:16;2026-08-04T07:13:16.442Z;Courses de lévriers;OK;3,6;3552
04/08/2026 09:25:22;2026-08-04T07:25:22.365Z;Courses hippiques (PMU);OK;4,9;4882
04/08/2026 09:25:22;2026-08-04T07:25:22.365Z;Courses de lévriers;OK;4,7;4657
04/08/2026 09:37:31;2026-08-04T07:37:31.642Z;Courses hippiques (PMU);OK;4,9;4869
04/08/2026 09:37:31;2026-08-04T07:37:31.642Z;Courses de lévriers;OK;6,3;6316
04/08/2026 09:49:19;2026-08-04T07:49:19.062Z;Courses hippiques (PMU);OK;4,1;4073
04/08/2026 09:49:19;2026-08-04T07:49:19.062Z;Courses de lévriers;OK;3,2;3167
04/08/2026 10:01:57;2026-08-04T08:01:57.239Z;Courses hippiques (PMU);OK;4,6;4647
04/08/2026 10:01:57;2026-08-04T08:01:57.239Z;Courses de lévriers;OK;6,6;6581
04/08/2026 10:13:35;2026-08-04T08:13:35.430Z;Courses hippiques (PMU);OK;5,0;5005
04/08/2026 10:13:35;2026-08-04T08:13:35.430Z;Courses de lévriers;OK;5,2;5205
04/08/2026 10:25:24;2026-08-04T08:25:24.518Z;Courses hippiques (PMU);OK;4,8;4813
04/08/2026 10:25:24;2026-08-04T08:25:24.518Z;Courses de lévriers;OK;5,2;5236
04/08/2026 10:37:34;2026-08-04T08:37:34.347Z;Courses hippiques (PMU);OK;5,1;5051
04/08/2026 10:37:34;2026-08-04T08:37:34.347Z;Courses de lévriers;OK;6,1;6077
04/08/2026 10:49:27;2026-08-04T08:49:27.265Z;Courses hippiques (PMU);OK;5,8;5773
04/08/2026 10:49:27;2026-08-04T08:49:27.265Z;Courses de lévriers;OK;5,3;5276
04/08/2026 11:01:56;2026-08-04T09:01:56.840Z;Courses hippiques (PMU);OK;3,2;3176
04/08/2026 11:01:56;2026-08-04T09:01:56.840Z;Courses de lévriers;OK;4,1;4080
04/08/2026 11:11:57;2026-08-04T09:11:57.797Z;Courses hippiques (PMU);OK;5,8;5841
04/08/2026 11:11:57;2026-08-04T09:11:57.797Z;Courses de lévriers;OK;3,7;3740
04/08/2026 11:13:38;2026-08-04T09:13:38.312Z;Courses hippiques (PMU);OK;4,8;4843
04/08/2026 11:13:38;2026-08-04T09:13:38.312Z;Courses de lévriers;OK;5,6;5612
04/08/2026 11:25:23;2026-08-04T09:25:23.413Z;Courses hippiques (PMU);OK;5,2;5174
04/08/2026 11:25:23;2026-08-04T09:25:23.413Z;Courses de lévriers;OK;4,2;4239
04/08/2026 11:37:47;2026-08-04T09:37:47.734Z;Courses hippiques (PMU);OK;5,1;5057
04/08/2026 11:37:47;2026-08-04T09:37:47.734Z;Courses de lévriers;OK;6,1;6130
04/08/2026 11:49:38;2026-08-04T09:49:38.778Z;Courses hippiques (PMU);ECHEC;4,3;4257
04/08/2026 11:49:38;2026-08-04T09:49:38.778Z;Courses de lévriers;OK;6,6;6645
04/08/2026 12:01:57;2026-08-04T10:01:57.201Z;Courses hippiques (PMU);ECHEC;5,0;5015
04/08/2026 12:01:57;2026-08-04T10:01:57.201Z;Courses de lévriers;OK;6,3;6281
04/08/2026 12:13:21;2026-08-04T10:13:21.899Z;Courses hippiques (PMU);OK;4,0;4046
04/08/2026 12:13:21;2026-08-04T10:13:21.899Z;Courses de lévriers;OK;3,9;3865
04/08/2026 12:25:29;2026-08-04T10:25:29.229Z;Courses hippiques (PMU);OK;5,5;5451
04/08/2026 12:25:29;2026-08-04T10:25:29.229Z;Courses de lévriers;OK;4,8;4818
04/08/2026 12:37:26;2026-08-04T10:37:26.324Z;Courses hippiques (PMU);OK;5,0;5038
04/08/2026 12:37:26;2026-08-04T10:37:26.324Z;Courses de lévriers;OK;5,0;4950
04/08/2026 12:49:34;2026-08-04T10:49:34.127Z;Courses hippiques (PMU);ECHEC;4,2;4239
04/08/2026 12:49:34;2026-08-04T10:49:34.127Z;Courses de lévriers;OK;5,0;5046
04/08/2026 13:02:00;2026-08-04T11:02:00.977Z;Courses hippiques (PMU);OK;4,3;4254
04/08/2026 13:02:00;2026-08-04T11:02:00.977Z;Courses de lévriers;OK;5,1;5134
04/08/2026 13:13:25;2026-08-04T11:13:25.352Z;Courses hippiques (PMU);OK;5,0;4984
04/08/2026 13:13:25;2026-08-04T11:13:25.352Z;Courses de lévriers;OK;5,1;5127
04/08/2026 13:25:26;2026-08-04T11:25:26.885Z;Courses hippiques (PMU);OK;4,2;4181
04/08/2026 13:25:26;2026-08-04T11:25:26.885Z;Courses de lévriers;OK;4,7;4723
04/08/2026 13:34:47;2026-08-04T11:34:47.203Z;Courses hippiques (PMU);OK;3,9;3887
04/08/2026 13:34:47;2026-08-04T11:34:47.203Z;Courses de lévriers;OK;4,2;4211
04/08/2026 13:37:37;2026-08-04T11:37:37.852Z;Courses hippiques (PMU);OK;4,8;4788
04/08/2026 13:37:37;2026-08-04T11:37:37.852Z;Courses de lévriers;OK;5,1;5140
04/08/2026 13:49:25;2026-08-04T11:49:25.344Z;Courses hippiques (PMU);OK;4,0;3970
04/08/2026 13:49:25;2026-08-04T11:49:25.344Z;Courses de lévriers;OK;5,7;5718
04/08/2026 14:01:55;2026-08-04T12:01:55.590Z;Courses hippiques (PMU);OK;4,7;4683
04/08/2026 14:01:55;2026-08-04T12:01:55.590Z;Courses de lévriers;OK;4,7;4694
04/08/2026 14:13:18;2026-08-04T12:13:18.441Z;Courses hippiques (PMU);OK;3,9;3917
04/08/2026 14:13:18;2026-08-04T12:13:18.441Z;Courses de lévriers;OK;4,9;4875
04/08/2026 14:25:38;2026-08-04T12:25:38.227Z;Courses hippiques (PMU);OK;4,8;4794
04/08/2026 14:25:38;2026-08-04T12:25:38.227Z;Courses de lévriers;OK;6,0;5962
04/08/2026 14:37:17;2026-08-04T12:37:17.802Z;Courses hippiques (PMU);ECHEC;4,2;4221
04/08/2026 14:37:17;2026-08-04T12:37:17.802Z;Courses de lévriers;ECHEC;3,8;3815
04/08/2026 14:49:29;2026-08-04T12:49:29.750Z;Courses hippiques (PMU);ECHEC;6,5;6467
04/08/2026 14:49:29;2026-08-04T12:49:29.750Z;Courses de lévriers;OK;6,7;6696
04/08/2026 15:02:20;2026-08-04T13:02:20.587Z;Courses hippiques (PMU);OK;5,2;5232
04/08/2026 15:02:20;2026-08-04T13:02:20.587Z;Courses de lévriers;OK;4,9;4922
04/08/2026 15:13:28;2026-08-04T13:13:28.637Z;Courses hippiques (PMU);OK;4,2;4154
04/08/2026 15:13:28;2026-08-04T13:13:28.637Z;Courses de lévriers;OK;4,7;4683
04/08/2026 15:25:32;2026-08-04T13:25:32.398Z;Courses hippiques (PMU);OK;6,7;6730
04/08/2026 15:25:32;2026-08-04T13:25:32.398Z;Courses de lévriers;OK;5,6;5633
04/08/2026 15:37:23;2026-08-04T13:37:23.317Z;Courses hippiques (PMU);OK;5,9;5934
04/08/2026 15:37:23;2026-08-04T13:37:23.317Z;Courses de lévriers;OK;6,1;6078
04/08/2026 15:49:24;2026-08-04T13:49:24.298Z;Courses hippiques (PMU);ECHEC;4,1;4084
04/08/2026 15:49:24;2026-08-04T13:49:24.298Z;Courses de lévriers;OK;6,1;6143
04/08/2026 16:01:53;2026-08-04T14:01:53.487Z;Courses hippiques (PMU);OK;3,7;3674
04/08/2026 16:01:53;2026-08-04T14:01:53.487Z;Courses de lévriers;OK;4,8;4775
04/08/2026 16:13:31;2026-08-04T14:13:31.183Z;Courses hippiques (PMU);OK;5,3;5285
04/08/2026 16:13:31;2026-08-04T14:13:31.183Z;Courses de lévriers;OK;5,2;5176
04/08/2026 16:25:37;2026-08-04T14:25:37.549Z;Courses hippiques (PMU);OK;7,2;7227
04/08/2026 16:25:37;2026-08-04T14:25:37.549Z;Courses de lévriers;OK;5,3;5302
04/08/2026 16:37:51;2026-08-04T14:37:51.161Z;Courses hippiques (PMU);ECHEC;4,3;4295
04/08/2026 16:37:51;2026-08-04T14:37:51.161Z;Courses de lévriers;OK;4,7;4733
04/08/2026 16:41:52;2026-08-04T14:41:52.154Z;Courses hippiques (PMU);ECHEC;3,9;3851
04/08/2026 16:41:52;2026-08-04T14:41:52.154Z;Courses de lévriers;OK;4,5;4477
04/08/2026 16:49:30;2026-08-04T14:49:30.256Z;Courses hippiques (PMU);OK;5,3;5274
04/08/2026 16:49:30;2026-08-04T14:49:30.256Z;Courses de lévriers;OK;6,3;6314
04/08/2026 17:02:36;2026-08-04T15:02:36.577Z;Courses hippiques (PMU);ECHEC;4,4;4373
04/08/2026 17:02:36;2026-08-04T15:02:36.577Z;Courses de lévriers;OK;5,7;5660
04/08/2026 17:13:20;2026-08-04T15:13:20.671Z;Courses hippiques (PMU);ECHEC;3,7;3725
04/08/2026 17:13:20;2026-08-04T15:13:20.671Z;Courses de lévriers;OK;4,6;4574
04/08/2026 17:25:44;2026-08-04T15:25:44.613Z;Courses hippiques (PMU);OK;5,9;5865
04/08/2026 17:25:44;2026-08-04T15:25:44.613Z;Courses de lévriers;OK;4,9;4949
04/08/2026 17:37:25;2026-08-04T15:37:25.248Z;Courses hippiques (PMU);OK;4,0;3992
04/08/2026 17:37:25;2026-08-04T15:37:25.248Z;Courses de lévriers;OK;4,4;4445
04/08/2026 17:49:27;2026-08-04T15:49:27.119Z;Courses hippiques (PMU);OK;7,0;6951
04/08/2026 17:49:27;2026-08-04T15:49:27.119Z;Courses de lévriers;OK;5,0;5017
04/08/2026 18:02:10;2026-08-04T16:02:10.627Z;Courses hippiques (PMU);OK;5,2;5184
04/08/2026 18:02:10;2026-08-04T16:02:10.627Z;Courses de lévriers;OK;4,8;4763
04/08/2026 18:13:32;2026-08-04T16:13:32.189Z;Courses hippiques (PMU);OK;4,4;4442
04/08/2026 18:13:32;2026-08-04T16:13:32.189Z;Courses de lévriers;OK;5,0;5028
04/08/2026 18:25:35;2026-08-04T16:25:35.644Z;Courses hippiques (PMU);OK;5,0;4966
04/08/2026 18:25:35;2026-08-04T16:25:35.644Z;Courses de lévriers;OK;5,3;5344
04/08/2026 18:37:28;2026-08-04T16:37:28.809Z;Courses hippiques (PMU);OK;4,6;4562
04/08/2026 18:37:28;2026-08-04T16:37:28.809Z;Courses de lévriers;OK;4,6;4575
04/08/2026 18:49:23;2026-08-04T16:49:23.911Z;Courses hippiques (PMU);OK;5,9;5876
04/08/2026 18:49:23;2026-08-04T16:49:23.911Z;Courses de lévriers;OK;4,6;4564
04/08/2026 19:02:25;2026-08-04T17:02:25.868Z;Courses hippiques (PMU);OK;5,8;5820
04/08/2026 19:02:25;2026-08-04T17:02:25.868Z;Courses de lévriers;OK;5,0;4978
04/08/2026 19:05:22;2026-08-04T17:05:22.049Z;Courses hippiques (PMU);OK;6,4;6388
04/08/2026 19:05:22;2026-08-04T17:05:22.049Z;Courses de lévriers;OK;7,1;7132
04/08/2026 19:13:30;2026-08-04T17:13:30.484Z;Courses hippiques (PMU);ECHEC;4,2;4180
04/08/2026 19:13:30;2026-08-04T17:13:30.484Z;Courses de lévriers;OK;4,9;4934
04/08/2026 19:25:23;2026-08-04T17:25:23.733Z;Courses hippiques (PMU);OK;4,1;4134
04/08/2026 19:25:23;2026-08-04T17:25:23.733Z;Courses de lévriers;OK;4,4;4372
04/08/2026 19:37:22;2026-08-04T17:37:22.963Z;Courses hippiques (PMU);OK;5,3;5262
04/08/2026 19:37:22;2026-08-04T17:37:22.963Z;Courses de lévriers;OK;4,7;4705
04/08/2026 19:49:24;2026-08-04T17:49:24.460Z;Courses hippiques (PMU);OK;5,2;5229
04/08/2026 19:49:24;2026-08-04T17:49:24.460Z;Courses de lévriers;OK;4,3;4339
04/08/2026 20:01:56;2026-08-04T18:01:56.921Z;Courses hippiques (PMU);OK;4,1;4120
04/08/2026 20:01:56;2026-08-04T18:01:56.921Z;Courses de lévriers;OK;4,8;4775
04/08/2026 20:13:56;2026-08-04T18:13:56.285Z;Courses hippiques (PMU);ECHEC;30,0;30002
04/08/2026 20:13:56;2026-08-04T18:13:56.285Z;Courses de lévriers;OK;9,6;9648
04/08/2026 20:25:28;2026-08-04T18:25:28.906Z;Courses hippiques (PMU);ECHEC;3,9;3928
04/08/2026 20:25:28;2026-08-04T18:25:28.906Z;Courses de lévriers;OK;4,4;4414
04/08/2026 20:37:26;2026-08-04T18:37:26.917Z;Courses hippiques (PMU);OK;5,3;5269
04/08/2026 20:37:26;2026-08-04T18:37:26.917Z;Courses de lévriers;OK;5,7;5733
04/08/2026 20:49:28;2026-08-04T18:49:28.643Z;Courses hippiques (PMU);OK;5,2;5235
04/08/2026 20:49:28;2026-08-04T18:49:28.643Z;Courses de lévriers;OK;5,8;5815
04/08/2026 21:02:00;2026-08-04T19:02:00.267Z;Courses hippiques (PMU);OK;5,0;4980
04/08/2026 21:02:00;2026-08-04T19:02:00.267Z;Courses de lévriers;OK;6,0;5967
04/08/2026 21:13:26;2026-08-04T19:13:26.313Z;Courses hippiques (PMU);OK;6,1;6102
04/08/2026 21:13:26;2026-08-04T19:13:26.313Z;Courses de lévriers;OK;5,4;5424
04/08/2026 21:25:41;2026-08-04T19:25:41.401Z;Courses hippiques (PMU);OK;5,2;5228
04/08/2026 21:25:41;2026-08-04T19:25:41.401Z;Courses de lévriers;OK;5,6;5582
04/08/2026 21:37:32;2026-08-04T19:37:32.696Z;Courses hippiques (PMU);OK;4,3;4280
04/08/2026 21:37:32;2026-08-04T19:37:32.696Z;Courses de lévriers;OK;4,8;4795
04/08/2026 21:49:46;2026-08-04T19:49:46.475Z;Courses hippiques (PMU);OK;6,2;6150
04/08/2026 21:49:46;2026-08-04T19:49:46.475Z;Courses de lévriers;OK;4,4;4426
04/08/2026 21:59:22;2026-08-04T19:59:22.719Z;Courses hippiques (PMU);OK;6,5;6453
04/08/2026 21:59:22;2026-08-04T19:59:22.719Z;Courses de lévriers;OK;5,2;5235
04/08/2026 22:02:14;2026-08-04T20:02:14.500Z;Courses hippiques (PMU);OK;4,4;4374
04/08/2026 22:02:14;2026-08-04T20:02:14.500Z;Courses de lévriers;OK;4,8;4824
04/08/2026 22:13:30;2026-08-04T20:13:30.451Z;Courses hippiques (PMU);OK;5,0;5047
04/08/2026 22:13:30;2026-08-04T20:13:30.451Z;Courses de lévriers;OK;5,0;4969
04/08/2026 22:25:44;2026-08-04T20:25:44.957Z;Courses hippiques (PMU);OK;5,6;5615
04/08/2026 22:25:44;2026-08-04T20:25:44.957Z;Courses de lévriers;OK;6,0;6046
04/08/2026 22:37:27;2026-08-04T20:37:27.287Z;Courses hippiques (PMU);OK;4,2;4238
04/08/2026 22:37:27;2026-08-04T20:37:27.287Z;Courses de lévriers;OK;4,7;4738
04/08/2026 22:49:31;2026-08-04T20:49:31.642Z;Courses hippiques (PMU);OK;5,1;5126
04/08/2026 22:49:31;2026-08-04T20:49:31.642Z;Courses de lévriers;OK;4,4;4369
04/08/2026 23:01:50;2026-08-04T21:01:50.105Z;Courses hippiques (PMU);OK;4,5;4450
04/08/2026 23:01:50;2026-08-04T21:01:50.105Z;Courses de lévriers;OK;4,7;4669
04/08/2026 23:14:43;2026-08-04T21:14:43.990Z;Courses hippiques (PMU);OK;4,9;4921
04/08/2026 23:14:43;2026-08-04T21:14:43.990Z;Courses de lévriers;OK;5,7;5664
04/08/2026 23:25:24;2026-08-04T21:25:24.815Z;Courses hippiques (PMU);OK;4,6;4582
04/08/2026 23:25:24;2026-08-04T21:25:24.815Z;Courses de lévriers;OK;5,0;5019
04/08/2026 23:37:30;2026-08-04T21:37:30.638Z;Courses hippiques (PMU);OK;5,2;5243
04/08/2026 23:37:30;2026-08-04T21:37:30.638Z;Courses de lévriers;OK;5,7;5679
04/08/2026 23:49:26;2026-08-04T21:49:26.312Z;Courses hippiques (PMU);OK;4,6;4612
04/08/2026 23:49:26;2026-08-04T21:49:26.312Z;Courses de lévriers;OK;5,1;5135
05/08/2026 00:30:36;2026-08-04T22:30:36.323Z;Courses hippiques (PMU);OK;2,3;2255
05/08/2026 00:30:36;2026-08-04T22:30:36.323Z;Courses de lévriers;OK;1,6;1609
05/08/2026 05:35:32;2026-08-05T03:35:32.554Z;Courses hippiques (PMU);OK;3,0;3001
05/08/2026 05:35:32;2026-08-05T03:35:32.554Z;Courses de lévriers;OK;1,3;1306
05/08/2026 08:01:57;2026-08-05T06:01:57.269Z;Courses hippiques (PMU);OK;3,5;3495
05/08/2026 08:01:57;2026-08-05T06:01:57.269Z;Courses de lévriers;OK;2,9;2880
05/08/2026 08:13:25;2026-08-05T06:13:25.495Z;Courses hippiques (PMU);OK;3,9;3873
05/08/2026 08:13:25;2026-08-05T06:13:25.495Z;Courses de lévriers;OK;1,6;1568
05/08/2026 08:25:15;2026-08-05T06:25:15.335Z;Courses hippiques (PMU);OK;2,2;2194
05/08/2026 08:25:15;2026-08-05T06:25:15.335Z;Courses de lévriers;OK;1,6;1556
05/08/2026 08:37:36;2026-08-05T06:37:36.944Z;Courses hippiques (PMU);OK;5,7;5695
05/08/2026 08:37:36;2026-08-05T06:37:36.944Z;Courses de lévriers;OK;6,1;6053
05/08/2026 08:49:23;2026-08-05T06:49:23.930Z;Courses hippiques (PMU);OK;4,8;4780
05/08/2026 08:49:23;2026-08-05T06:49:23.930Z;Courses de lévriers;OK;4,7;4720
05/08/2026 09:02:09;2026-08-05T07:02:09.741Z;Courses hippiques (PMU);OK;5,4;5373
05/08/2026 09:02:09;2026-08-05T07:02:09.741Z;Courses de lévriers;OK;5,7;5688
05/08/2026 09:13:31;2026-08-05T07:13:31.325Z;Courses hippiques (PMU);OK;5,8;5826
05/08/2026 09:13:31;2026-08-05T07:13:31.325Z;Courses de lévriers;OK;5,9;5922
05/08/2026 09:25:27;2026-08-05T07:25:27.009Z;Courses hippiques (PMU);OK;4,0;4033
05/08/2026 09:25:27;2026-08-05T07:25:27.009Z;Courses de lévriers;OK;4,8;4750
05/08/2026 09:37:20;2026-08-05T07:37:20.826Z;Courses hippiques (PMU);OK;4,0;4049
05/08/2026 09:37:20;2026-08-05T07:37:20.826Z;Courses de lévriers;OK;3,9;3863
05/08/2026 09:49:29;2026-08-05T07:49:29.637Z;Courses hippiques (PMU);OK;5,3;5342
05/08/2026 09:49:29;2026-08-05T07:49:29.637Z;Courses de lévriers;OK;5,0;5022
05/08/2026 10:02:09;2026-08-05T08:02:09.927Z;Courses hippiques (PMU);OK;4,7;4740
05/08/2026 10:02:09;2026-08-05T08:02:09.927Z;Courses de lévriers;OK;5,6;5601
05/08/2026 10:13:25;2026-08-05T08:13:25.363Z;Courses hippiques (PMU);OK;3,2;3248
05/08/2026 10:13:25;2026-08-05T08:13:25.363Z;Courses de lévriers;OK;3,6;3648
05/08/2026 10:25:19;2026-08-05T08:25:19.492Z;Courses hippiques (PMU);OK;4,8;4783
05/08/2026 10:25:19;2026-08-05T08:25:19.492Z;Courses de lévriers;OK;4,6;4554
05/08/2026 10:37:59;2026-08-05T08:37:59.266Z;Courses hippiques (PMU);ECHEC;30,0;30015
05/08/2026 10:37:59;2026-08-05T08:37:59.266Z;Courses de lévriers;OK;5,8;5831
05/08/2026 10:49:18;2026-08-05T08:49:18.872Z;Courses hippiques (PMU);OK;4,0;3952
05/08/2026 10:49:18;2026-08-05T08:49:18.872Z;Courses de lévriers;OK;4,7;4687
05/08/2026 11:01:50;2026-08-05T09:01:50.131Z;Courses hippiques (PMU);ECHEC;4,5;4532
05/08/2026 11:01:50;2026-08-05T09:01:50.131Z;Courses de lévriers;OK;4,8;4782
05/08/2026 11:08:50;2026-08-05T09:08:50.524Z;Courses hippiques (PMU);OK;5,3;5270
05/08/2026 11:08:50;2026-08-05T09:08:50.524Z;Courses de lévriers;OK;5,8;5765
05/08/2026 11:13:44;2026-08-05T09:13:44.838Z;Courses hippiques (PMU);OK;6,1;6057
05/08/2026 11:13:44;2026-08-05T09:13:44.838Z;Courses de lévriers;OK;6,0;6004
05/08/2026 11:25:30;2026-08-05T09:25:30.462Z;Courses hippiques (PMU);OK;5,2;5198
05/08/2026 11:25:30;2026-08-05T09:25:30.462Z;Courses de lévriers;OK;4,9;4858
05/08/2026 11:37:32;2026-08-05T09:37:32.051Z;Courses hippiques (PMU);OK;5,6;5560
05/08/2026 11:37:32;2026-08-05T09:37:32.051Z;Courses de lévriers;OK;6,0;5986
05/08/2026 11:49:25;2026-08-05T09:49:25.989Z;Courses hippiques (PMU);OK;5,4;5444
05/08/2026 11:49:25;2026-08-05T09:49:25.989Z;Courses de lévriers;OK;4,8;4848
05/08/2026 12:02:01;2026-08-05T10:02:01.935Z;Courses hippiques (PMU);OK;5,2;5152
05/08/2026 12:02:01;2026-08-05T10:02:01.935Z;Courses de lévriers;OK;6,1;6076
05/08/2026 12:13:25;2026-08-05T10:13:25.750Z;Courses hippiques (PMU);OK;5,7;5679
05/08/2026 12:13:25;2026-08-05T10:13:25.750Z;Courses de lévriers;OK;5,1;5089
05/08/2026 12:25:23;2026-08-05T10:25:23.150Z;Courses hippiques (PMU);ECHEC;3,6;3569
05/08/2026 12:25:23;2026-08-05T10:25:23.150Z;Courses de lévriers;OK;3,8;3772
05/08/2026 12:37:26;2026-08-05T10:37:26.685Z;Courses hippiques (PMU);OK;3,8;3758
05/08/2026 12:37:26;2026-08-05T10:37:26.685Z;Courses de lévriers;OK;4,9;4851
05/08/2026 12:49:21;2026-08-05T10:49:21.022Z;Courses hippiques (PMU);OK;5,0;5046
05/08/2026 12:49:21;2026-08-05T10:49:21.022Z;Courses de lévriers;OK;4,8;4842
05/08/2026 13:01:49;2026-08-05T11:01:49.025Z;Courses hippiques (PMU);OK;4,1;4130
05/08/2026 13:01:49;2026-08-05T11:01:49.025Z;Courses de lévriers;OK;4,8;4845
05/08/2026 13:13:20;2026-08-05T11:13:20.451Z;Courses hippiques (PMU);OK;4,0;3991
05/08/2026 13:13:20;2026-08-05T11:13:20.451Z;Courses de lévriers;OK;4,8;4791
05/08/2026 13:25:25;2026-08-05T11:25:25.935Z;Courses hippiques (PMU);ECHEC;3,9;3879
05/08/2026 13:25:25;2026-08-05T11:25:25.935Z;Courses de lévriers;OK;5,5;5499
05/08/2026 13:31:45;2026-08-05T11:31:45.060Z;Courses hippiques (PMU);OK;4,1;4087
05/08/2026 13:31:45;2026-08-05T11:31:45.060Z;Courses de lévriers;OK;4,3;4311
05/08/2026 13:37:17;2026-08-05T11:37:17.812Z;Courses hippiques (PMU);ECHEC;4,1;4059
05/08/2026 13:37:17;2026-08-05T11:37:17.812Z;Courses de lévriers;OK;4,4;4360
05/08/2026 13:49:27;2026-08-05T11:49:27.170Z;Courses hippiques (PMU);OK;6,0;5992
05/08/2026 13:49:27;2026-08-05T11:49:27.170Z;Courses de lévriers;OK;4,4;4404
05/08/2026 14:01:56;2026-08-05T12:01:56.224Z;Courses hippiques (PMU);ECHEC;4,0;4014
05/08/2026 14:01:56;2026-08-05T12:01:56.224Z;Courses de lévriers;ECHEC;4,6;4634
05/08/2026 14:13:38;2026-08-05T12:13:38.610Z;Courses hippiques (PMU);OK;5,0;5004
05/08/2026 14:13:38;2026-08-05T12:13:38.610Z;Courses de lévriers;OK;5,6;5561
05/08/2026 14:25:29;2026-08-05T12:25:29.305Z;Courses hippiques (PMU);OK;4,9;4901
05/08/2026 14:25:29;2026-08-05T12:25:29.305Z;Courses de lévriers;OK;5,6;5643
05/08/2026 14:37:21;2026-08-05T12:37:21.359Z;Courses hippiques (PMU);OK;4,5;4536
05/08/2026 14:37:21;2026-08-05T12:37:21.359Z;Courses de lévriers;OK;5,0;4997
05/08/2026 14:49:29;2026-08-05T12:49:29.042Z;Courses hippiques (PMU);OK;4,9;4934
05/08/2026 14:49:29;2026-08-05T12:49:29.042Z;Courses de lévriers;OK;5,7;5684
05/08/2026 15:02:20;2026-08-05T13:02:20.456Z;Courses hippiques (PMU);OK;5,0;4977
05/08/2026 15:02:20;2026-08-05T13:02:20.456Z;Courses de lévriers;OK;5,0;5039
05/08/2026 15:13:24;2026-08-05T13:13:24.335Z;Courses hippiques (PMU);ECHEC;3,7;3666
05/08/2026 15:13:24;2026-08-05T13:13:24.335Z;Courses de lévriers;OK;4,4;4382
05/08/2026 15:25:35;2026-08-05T13:25:35.596Z;Courses hippiques (PMU);OK;5,2;5181
05/08/2026 15:25:35;2026-08-05T13:25:35.596Z;Courses de lévriers;OK;5,5;5507
05/08/2026 15:37:16;2026-08-05T13:37:16.903Z;Courses hippiques (PMU);OK;4,7;4705
05/08/2026 15:37:16;2026-08-05T13:37:16.903Z;Courses de lévriers;OK;4,7;4722
05/08/2026 15:49:17;2026-08-05T13:49:17.307Z;Courses hippiques (PMU);OK;3,9;3892
05/08/2026 15:49:17;2026-08-05T13:49:17.307Z;Courses de lévriers;OK;4,6;4592
05/08/2026 16:01:55;2026-08-05T14:01:55.651Z;Courses hippiques (PMU);OK;4,1;4110
05/08/2026 16:01:55;2026-08-05T14:01:55.651Z;Courses de lévriers;OK;4,5;4465
05/08/2026 16:13:42;2026-08-05T14:13:42.311Z;Courses hippiques (PMU);OK;4,7;4671
05/08/2026 16:13:42;2026-08-05T14:13:42.311Z;Courses de lévriers;OK;4,8;4803
05/08/2026 16:26:28;2026-08-05T14:26:28.724Z;Courses hippiques (PMU);OK;6,2;6152
05/08/2026 16:26:28;2026-08-05T14:26:28.724Z;Courses de lévriers;OK;6,2;6179
05/08/2026 16:35:22;2026-08-05T14:35:22.772Z;Courses hippiques (PMU);OK;3,7;3748
05/08/2026 16:35:22;2026-08-05T14:35:22.772Z;Courses de lévriers;OK;5,4;5354
05/08/2026 16:37:24;2026-08-05T14:37:24.215Z;Courses hippiques (PMU);OK;4,8;4793
05/08/2026 16:37:24;2026-08-05T14:37:24.215Z;Courses de lévriers;OK;5,5;5462
05/08/2026 16:49:30;2026-08-05T14:49:30.747Z;Courses hippiques (PMU);OK;5,9;5930
05/08/2026 16:49:30;2026-08-05T14:49:30.747Z;Courses de lévriers;OK;6,7;6687
05/08/2026 17:02:06;2026-08-05T15:02:06.732Z;Courses hippiques (PMU);OK;4,9;4942
05/08/2026 17:02:06;2026-08-05T15:02:06.732Z;Courses de lévriers;OK;5,2;5159
05/08/2026 17:13:20;2026-08-05T15:13:20.550Z;Courses hippiques (PMU);OK;4,3;4337
05/08/2026 17:13:20;2026-08-05T15:13:20.550Z;Courses de lévriers;OK;5,1;5139
05/08/2026 17:25:35;2026-08-05T15:25:35.380Z;Courses hippiques (PMU);OK;5,1;5089
05/08/2026 17:25:35;2026-08-05T15:25:35.380Z;Courses de lévriers;OK;6,4;6436
05/08/2026 17:37:23;2026-08-05T15:37:23.178Z;Courses hippiques (PMU);OK;5,3;5337
05/08/2026 17:37:23;2026-08-05T15:37:23.178Z;Courses de lévriers;OK;5,2;5166
05/08/2026 17:49:33;2026-08-05T15:49:33.578Z;Courses hippiques (PMU);OK;5,1;5091
05/08/2026 17:49:33;2026-08-05T15:49:33.578Z;Courses de lévriers;OK;5,6;5595
05/08/2026 18:02:02;2026-08-05T16:02:02.655Z;Courses hippiques (PMU);OK;5,0;5043
05/08/2026 18:02:02;2026-08-05T16:02:02.655Z;Courses de lévriers;OK;5,9;5879
05/08/2026 18:13:23;2026-08-05T16:13:23.089Z;Courses hippiques (PMU);OK;4,3;4339
05/08/2026 18:13:23;2026-08-05T16:13:23.089Z;Courses de lévriers;OK;5,7;5685
05/08/2026 18:25:18;2026-08-05T16:25:18.946Z;Courses hippiques (PMU);ECHEC;3,9;3873
05/08/2026 18:25:18;2026-08-05T16:25:18.946Z;Courses de lévriers;OK;4,5;4500
05/08/2026 18:37:17;2026-08-05T16:37:17.930Z;Courses hippiques (PMU);OK;4,3;4312
05/08/2026 18:37:17;2026-08-05T16:37:17.930Z;Courses de lévriers;OK;4,4;4387
05/08/2026 18:50:15;2026-08-05T16:50:15.399Z;Courses hippiques (PMU);OK;6,5;6472
05/08/2026 18:50:15;2026-08-05T16:50:15.399Z;Courses de lévriers;OK;5,9;5943
05/08/2026 18:54:43;2026-08-05T16:54:43.551Z;Courses hippiques (PMU);OK;4,1;4125
05/08/2026 18:54:43;2026-08-05T16:54:43.551Z;Courses de lévriers;OK;5,6;5582
05/08/2026 19:02:15;2026-08-05T17:02:15.986Z;Courses hippiques (PMU);ECHEC;4,4;4438
05/08/2026 19:02:15;2026-08-05T17:02:15.986Z;Courses de lévriers;OK;5,9;5921
05/08/2026 19:13:47;2026-08-05T17:13:47.565Z;Courses hippiques (PMU);ECHEC;30,0;30002
05/08/2026 19:13:47;2026-08-05T17:13:47.565Z;Courses de lévriers;OK;5,8;5766
05/08/2026 19:25:26;2026-08-05T17:25:26.996Z;Courses hippiques (PMU);OK;5,0;4988
05/08/2026 19:25:26;2026-08-05T17:25:26.996Z;Courses de lévriers;OK;6,0;5962
05/08/2026 19:37:47;2026-08-05T17:37:47.748Z;Courses hippiques (PMU);OK;6,5;6511
05/08/2026 19:37:47;2026-08-05T17:37:47.748Z;Courses de lévriers;OK;5,4;5394
05/08/2026 19:49:38;2026-08-05T17:49:38.711Z;Courses hippiques (PMU);OK;4,9;4908
05/08/2026 19:49:38;2026-08-05T17:49:38.711Z;Courses de lévriers;OK;5,4;5422
05/08/2026 20:01:59;2026-08-05T18:01:59.428Z;Courses hippiques (PMU);OK;5,0;5017
05/08/2026 20:01:59;2026-08-05T18:01:59.428Z;Courses de lévriers;OK;5,9;5926
05/08/2026 20:13:18;2026-08-05T18:13:18.119Z;Courses hippiques (PMU);OK;3,9;3897
05/08/2026 20:13:18;2026-08-05T18:13:18.119Z;Courses de lévriers;OK;4,3;4349
05/08/2026 20:25:23;2026-08-05T18:25:23.034Z;Courses hippiques (PMU);OK;4,4;4441
05/08/2026 20:25:23;2026-08-05T18:25:23.034Z;Courses de lévriers;OK;5,1;5141
05/08/2026 20:37:26;2026-08-05T18:37:26.551Z;Courses hippiques (PMU);OK;4,3;4306
05/08/2026 20:37:26;2026-08-05T18:37:26.551Z;Courses de lévriers;OK;5,7;5720
05/08/2026 20:49:29;2026-08-05T18:49:29.518Z;Courses hippiques (PMU);OK;3,9;3947
05/08/2026 20:49:29;2026-08-05T18:49:29.518Z;Courses de lévriers;OK;4,8;4772
05/08/2026 21:01:49;2026-08-05T19:01:49.106Z;Courses hippiques (PMU);OK;4,2;4240
05/08/2026 21:01:49;2026-08-05T19:01:49.106Z;Courses de lévriers;OK;4,8;4811
05/08/2026 21:13:31;2026-08-05T19:13:31.150Z;Courses hippiques (PMU);OK;5,9;5872
05/08/2026 21:13:31;2026-08-05T19:13:31.150Z;Courses de lévriers;OK;5,0;4987
05/08/2026 21:25:34;2026-08-05T19:25:34.645Z;Courses hippiques (PMU);OK;4,6;4618
05/08/2026 21:25:34;2026-08-05T19:25:34.645Z;Courses de lévriers;OK;5,2;5212
05/08/2026 21:37:19;2026-08-05T19:37:19.469Z;Courses hippiques (PMU);OK;5,2;5176
05/08/2026 21:37:19;2026-08-05T19:37:19.469Z;Courses de lévriers;OK;4,4;4423
05/08/2026 21:49:21;2026-08-05T19:49:21.511Z;Courses hippiques (PMU);OK;4,5;4468
05/08/2026 21:49:21;2026-08-05T19:49:21.511Z;Courses de lévriers;OK;5,9;5946
05/08/2026 21:57:25;2026-08-05T19:57:25.923Z;Courses hippiques (PMU);OK;4,6;4610
05/08/2026 21:57:25;2026-08-05T19:57:25.923Z;Courses de lévriers;OK;5,8;5786
05/08/2026 22:01:52;2026-08-05T20:01:52.214Z;Courses hippiques (PMU);OK;5,5;5450
05/08/2026 22:01:52;2026-08-05T20:01:52.214Z;Courses de lévriers;OK;5,4;5414
05/08/2026 22:13:55;2026-08-05T20:13:55.426Z;Courses hippiques (PMU);OK;5,6;5566
05/08/2026 22:13:55;2026-08-05T20:13:55.426Z;Courses de lévriers;OK;5,4;5426
05/08/2026 22:25:24;2026-08-05T20:25:24.462Z;Courses hippiques (PMU);OK;5,0;4996
05/08/2026 22:25:24;2026-08-05T20:25:24.462Z;Courses de lévriers;OK;5,1;5082
05/08/2026 22:37:33;2026-08-05T20:37:33.741Z;Courses hippiques (PMU);OK;5,0;4987
05/08/2026 22:37:33;2026-08-05T20:37:33.741Z;Courses de lévriers;OK;7,2;7182
05/08/2026 22:49:33;2026-08-05T20:49:33.535Z;Courses hippiques (PMU);OK;5,3;5262
05/08/2026 22:49:33;2026-08-05T20:49:33.535Z;Courses de lévriers;OK;5,8;5762
05/08/2026 23:01:50;2026-08-05T21:01:50.289Z;Courses hippiques (PMU);OK;5,8;5848
05/08/2026 23:01:50;2026-08-05T21:01:50.289Z;Courses de lévriers;OK;4,3;4328
05/08/2026 23:13:25;2026-08-05T21:13:25.743Z;Courses hippiques (PMU);OK;5,4;5409
05/08/2026 23:13:25;2026-08-05T21:13:25.743Z;Courses de lévriers;OK;5,6;5579
05/08/2026 23:25:17;2026-08-05T21:25:17.448Z;Courses hippiques (PMU);OK;4,3;4336
05/08/2026 23:25:17;2026-08-05T21:25:17.448Z;Courses de lévriers;OK;4,4;4403
05/08/2026 23:37:18;2026-08-05T21:37:18.593Z;Courses hippiques (PMU);OK;3,7;3735
05/08/2026 23:37:18;2026-08-05T21:37:18.593Z;Courses de lévriers;OK;4,4;4382
05/08/2026 23:49:21;2026-08-05T21:49:21.764Z;Courses hippiques (PMU);OK;4,2;4233
05/08/2026 23:49:21;2026-08-05T21:49:21.764Z;Courses de lévriers;OK;5,7;5743
06/08/2026 00:29:14;2026-08-05T22:29:14.777Z;Courses hippiques (PMU);OK;2,2;2174
06/08/2026 00:29:14;2026-08-05T22:29:14.777Z;Courses de lévriers;OK;1,3;1309
06/08/2026 05:42:01;2026-08-06T03:42:01.766Z;Courses hippiques (PMU);OK;2,3;2310
06/08/2026 05:42:01;2026-08-06T03:42:01.766Z;Courses de lévriers;OK;2,2;2239
06/08/2026 08:13:26;2026-08-06T06:13:26.054Z;Courses hippiques (PMU);OK;2,7;2670
06/08/2026 08:13:26;2026-08-06T06:13:26.054Z;Courses de lévriers;OK;2,8;2783
06/08/2026 08:25:19;2026-08-06T06:25:19.938Z;Courses hippiques (PMU);OK;2,2;2219
06/08/2026 08:25:19;2026-08-06T06:25:19.938Z;Courses de lévriers;OK;1,5;1542
06/08/2026 08:37:42;2026-08-06T06:37:42.257Z;Courses hippiques (PMU);ECHEC;20,8;20761
06/08/2026 08:37:42;2026-08-06T06:37:42.257Z;Courses de lévriers;OK;4,3;4307
06/08/2026 08:49:51;2026-08-06T06:49:51.361Z;Courses hippiques (PMU);ECHEC;21,0;20954
06/08/2026 08:49:51;2026-08-06T06:49:51.361Z;Courses de lévriers;OK;5,5;5507
06/08/2026 09:01:56;2026-08-06T07:01:56.086Z;Courses hippiques (PMU);OK;4,7;4735
06/08/2026 09:01:56;2026-08-06T07:01:56.086Z;Courses de lévriers;OK;5,3;5251
06/08/2026 09:13:19;2026-08-06T07:13:19.467Z;Courses hippiques (PMU);OK;4,1;4072
06/08/2026 09:13:19;2026-08-06T07:13:19.467Z;Courses de lévriers;OK;4,4;4397
06/08/2026 09:25:26;2026-08-06T07:25:26.575Z;Courses hippiques (PMU);OK;4,1;4072
06/08/2026 09:25:26;2026-08-06T07:25:26.575Z;Courses de lévriers;OK;4,3;4314
06/08/2026 09:37:18;2026-08-06T07:37:18.035Z;Courses hippiques (PMU);OK;4,0;3994
06/08/2026 09:37:18;2026-08-06T07:37:18.035Z;Courses de lévriers;OK;4,4;4414
06/08/2026 09:49:33;2026-08-06T07:49:33.126Z;Courses hippiques (PMU);OK;5,3;5350
06/08/2026 09:49:33;2026-08-06T07:49:33.126Z;Courses de lévriers;OK;5,3;5307
06/08/2026 10:02:04;2026-08-06T08:02:04.579Z;Courses hippiques (PMU);OK;5,8;5771
06/08/2026 10:02:04;2026-08-06T08:02:04.579Z;Courses de lévriers;OK;5,6;5576
06/08/2026 10:13:20;2026-08-06T08:13:20.269Z;Courses hippiques (PMU);OK;5,2;5170
06/08/2026 10:13:20;2026-08-06T08:13:20.269Z;Courses de lévriers;OK;4,8;4811
06/08/2026 10:25:37;2026-08-06T08:25:37.812Z;Courses hippiques (PMU);OK;5,8;5755
06/08/2026 10:25:37;2026-08-06T08:25:37.812Z;Courses de lévriers;OK;5,2;5237
06/08/2026 10:37:19;2026-08-06T08:37:19.496Z;Courses hippiques (PMU);OK;4,9;4923
06/08/2026 10:37:19;2026-08-06T08:37:19.496Z;Courses de lévriers;OK;4,7;4661
06/08/2026 10:49:17;2026-08-06T08:49:17.920Z;Courses hippiques (PMU);OK;4,0;4046
06/08/2026 10:49:17;2026-08-06T08:49:17.920Z;Courses de lévriers;OK;4,7;4671
06/08/2026 11:01:53;2026-08-06T09:01:53.119Z;Courses hippiques (PMU);OK;4,7;4734
06/08/2026 11:01:53;2026-08-06T09:01:53.119Z;Courses de lévriers;OK;4,2;4152
06/08/2026 11:08:32;2026-08-06T09:08:32.268Z;Courses hippiques (PMU);OK;4,0;4018
06/08/2026 11:08:32;2026-08-06T09:08:32.268Z;Courses de lévriers;OK;3,0;3004
06/08/2026 11:13:25;2026-08-06T09:13:25.449Z;Courses hippiques (PMU);ECHEC;5,0;4961
06/08/2026 11:13:25;2026-08-06T09:13:25.449Z;Courses de lévriers;OK;6,5;6527
06/08/2026 11:25:28;2026-08-06T09:25:28.766Z;Courses hippiques (PMU);OK;5,3;5328
06/08/2026 11:25:28;2026-08-06T09:25:28.766Z;Courses de lévriers;OK;5,0;4957
06/08/2026 11:37:31;2026-08-06T09:37:31.427Z;Courses hippiques (PMU);OK;4,2;4155
06/08/2026 11:37:31;2026-08-06T09:37:31.427Z;Courses de lévriers;OK;4,8;4766
06/08/2026 11:49:18;2026-08-06T09:49:18.025Z;Courses hippiques (PMU);OK;3,6;3598
06/08/2026 11:49:18;2026-08-06T09:49:18.025Z;Courses de lévriers;OK;4,7;4684
06/08/2026 12:02:05;2026-08-06T10:02:05.720Z;Courses hippiques (PMU);OK;4,6;4604
06/08/2026 12:02:05;2026-08-06T10:02:05.720Z;Courses de lévriers;OK;5,1;5127
06/08/2026 12:13:32;2026-08-06T10:13:32.260Z;Courses hippiques (PMU);ECHEC;4,9;4863
06/08/2026 12:13:32;2026-08-06T10:13:32.260Z;Courses de lévriers;OK;5,2;5177
06/08/2026 12:25:27;2026-08-06T10:25:27.832Z;Courses hippiques (PMU);OK;4,6;4614
06/08/2026 12:25:27;2026-08-06T10:25:27.832Z;Courses de lévriers;OK;5,9;5888
06/08/2026 12:37:38;2026-08-06T10:37:38.910Z;Courses hippiques (PMU);OK;5,5;5483
06/08/2026 12:37:38;2026-08-06T10:37:38.910Z;Courses de lévriers;OK;5,7;5694
06/08/2026 12:49:25;2026-08-06T10:49:25.220Z;Courses hippiques (PMU);ECHEC;5,0;4978
06/08/2026 12:49:25;2026-08-06T10:49:25.220Z;Courses de lévriers;OK;5,4;5416
06/08/2026 13:01:49;2026-08-06T11:01:49.721Z;Courses hippiques (PMU);OK;3,8;3834
06/08/2026 13:01:49;2026-08-06T11:01:49.721Z;Courses de lévriers;OK;5,7;5661
06/08/2026 13:13:32;2026-08-06T11:13:32.536Z;Courses hippiques (PMU);OK;4,3;4348
06/08/2026 13:13:32;2026-08-06T11:13:32.536Z;Courses de lévriers;OK;5,0;5031
06/08/2026 13:25:36;2026-08-06T11:25:36.487Z;Courses hippiques (PMU);OK;6,5;6450
06/08/2026 13:25:36;2026-08-06T11:25:36.487Z;Courses de lévriers;OK;4,8;4842
06/08/2026 13:35:24;2026-08-06T11:35:24.752Z;Courses hippiques (PMU);OK;4,8;4832
06/08/2026 13:35:24;2026-08-06T11:35:24.752Z;Courses de lévriers;OK;6,0;6033
06/08/2026 13:37:23;2026-08-06T11:37:23.278Z;Courses hippiques (PMU);OK;5,3;5349
06/08/2026 13:37:23;2026-08-06T11:37:23.278Z;Courses de lévriers;OK;5,3;5307
06/08/2026 13:49:27;2026-08-06T11:49:27.111Z;Courses hippiques (PMU);OK;4,9;4851
06/08/2026 13:49:27;2026-08-06T11:49:27.111Z;Courses de lévriers;OK;4,6;4616
06/08/2026 14:01:57;2026-08-06T12:01:57.614Z;Courses hippiques (PMU);OK;4,8;4752
06/08/2026 14:01:57;2026-08-06T12:01:57.614Z;Courses de lévriers;OK;4,4;4397
06/08/2026 14:13:17;2026-08-06T12:13:17.708Z;Courses hippiques (PMU);OK;4,0;3957
06/08/2026 14:13:17;2026-08-06T12:13:17.708Z;Courses de lévriers;OK;3,6;3589
06/08/2026 14:25:35;2026-08-06T12:25:35.028Z;Courses hippiques (PMU);OK;5,4;5435
06/08/2026 14:25:35;2026-08-06T12:25:35.028Z;Courses de lévriers;OK;5,2;5207
06/08/2026 14:37:21;2026-08-06T12:37:21.873Z;Courses hippiques (PMU);OK;5,0;5018
06/08/2026 14:37:21;2026-08-06T12:37:21.873Z;Courses de lévriers;OK;4,8;4783
06/08/2026 14:49:37;2026-08-06T12:49:37.711Z;Courses hippiques (PMU);OK;5,0;4964
06/08/2026 14:49:37;2026-08-06T12:49:37.711Z;Courses de lévriers;OK;6,9;6924
06/08/2026 15:01:58;2026-08-06T13:01:58.034Z;Courses hippiques (PMU);OK;4,8;4754
06/08/2026 15:01:58;2026-08-06T13:01:58.034Z;Courses de lévriers;OK;4,4;4401
06/08/2026 15:13:39;2026-08-06T13:13:39.029Z;Courses hippiques (PMU);OK;4,9;4886
06/08/2026 15:13:39;2026-08-06T13:13:39.029Z;Courses de lévriers;OK;5,0;5003
06/08/2026 15:25:24;2026-08-06T13:25:24.324Z;Courses hippiques (PMU);ECHEC;4,2;4247
06/08/2026 15:25:24;2026-08-06T13:25:24.324Z;Courses de lévriers;OK;5,1;5079
06/08/2026 15:37:19;2026-08-06T13:37:19.520Z;Courses hippiques (PMU);ECHEC;3,8;3773
06/08/2026 15:37:19;2026-08-06T13:37:19.520Z;Courses de lévriers;OK;5,3;5326
06/08/2026 15:49:27;2026-08-06T13:49:27.277Z;Courses hippiques (PMU);OK;5,3;5267
06/08/2026 15:49:27;2026-08-06T13:49:27.277Z;Courses de lévriers;OK;5,9;5905
06/08/2026 16:02:04;2026-08-06T14:02:04.128Z;Courses hippiques (PMU);OK;5,1;5088
06/08/2026 16:02:04;2026-08-06T14:02:04.128Z;Courses de lévriers;OK;4,8;4843
06/08/2026 16:13:27;2026-08-06T14:13:27.539Z;Courses hippiques (PMU);OK;9,3;9344
06/08/2026 16:13:27;2026-08-06T14:13:27.539Z;Courses de lévriers;OK;5,2;5239
06/08/2026 16:25:24;2026-08-06T14:25:24.554Z;Courses hippiques (PMU);OK;5,0;4979
06/08/2026 16:25:24;2026-08-06T14:25:24.554Z;Courses de lévriers;OK;4,5;4466
06/08/2026 16:37:25;2026-08-06T14:37:25.553Z;Courses hippiques (PMU);OK;5,4;5357
06/08/2026 16:37:25;2026-08-06T14:37:25.553Z;Courses de lévriers;OK;5,7;5721
06/08/2026 16:49:20;2026-08-06T14:49:20.662Z;Courses hippiques (PMU);OK;4,2;4152
06/08/2026 16:49:20;2026-08-06T14:49:20.662Z;Courses de lévriers;OK;4,8;4755
06/08/2026 17:01:58;2026-08-06T15:01:58.902Z;Courses hippiques (PMU);OK;5,2;5229
06/08/2026 17:01:58;2026-08-06T15:01:58.902Z;Courses de lévriers;OK;5,8;5805
06/08/2026 17:13:29;2026-08-06T15:13:29.795Z;Courses hippiques (PMU);OK;3,8;3817
06/08/2026 17:13:29;2026-08-06T15:13:29.795Z;Courses de lévriers;OK;4,3;4319
06/08/2026 17:38:06;2026-08-06T15:38:06.397Z;Courses hippiques (PMU);OK;4,0;3967
06/08/2026 17:38:06;2026-08-06T15:38:06.397Z;Courses de lévriers;OK;4,4;4376
06/08/2026 17:50:47;2026-08-06T15:50:47.098Z;Courses hippiques (PMU);OK;3,9;3936
06/08/2026 17:50:47;2026-08-06T15:50:47.098Z;Courses de lévriers;OK;4,3;4319
06/08/2026 18:34:11;2026-08-06T16:34:11.414Z;Courses hippiques (PMU);OK;4,9;4936
06/08/2026 18:34:11;2026-08-06T16:34:11.414Z;Courses de lévriers;OK;5,7;5706
06/08/2026 19:24:18;2026-08-06T17:24:18.699Z;Courses hippiques (PMU);OK;3,8;3821
06/08/2026 19:24:18;2026-08-06T17:24:18.699Z;Courses de lévriers;OK;4,5;4503
06/08/2026 19:27:58;2026-08-06T17:27:58.184Z;Courses hippiques (PMU);OK;5,1;5102
06/08/2026 19:27:58;2026-08-06T17:27:58.184Z;Courses de lévriers;OK;4,5;4482
06/08/2026 20:02:50;2026-08-06T18:02:50.918Z;Courses hippiques (PMU);OK;5,3;5320
06/08/2026 20:02:50;2026-08-06T18:02:50.918Z;Courses de lévriers;OK;7,2;7187
06/08/2026 21:59:46;2026-08-06T19:59:46.028Z;Courses hippiques (PMU);OK;4,0;3974
06/08/2026 21:59:46;2026-08-06T19:59:46.028Z;Courses de lévriers;OK;4,4;4357
06/08/2026 22:02:12;2026-08-06T20:02:12.153Z;Courses hippiques (PMU);OK;5,0;4982
06/08/2026 22:02:12;2026-08-06T20:02:12.153Z;Courses de lévriers;OK;4,8;4773
06/08/2026 22:46:56;2026-08-06T20:46:56.945Z;Courses hippiques (PMU);OK;4,0;3959
06/08/2026 22:46:56;2026-08-06T20:46:56.945Z;Courses de lévriers;OK;4,6;4638
06/08/2026 23:14:38;2026-08-06T21:14:38.013Z;Courses hippiques (PMU);OK;5,3;5333
06/08/2026 23:14:38;2026-08-06T21:14:38.013Z;Courses de lévriers;OK;5,7;5749
06/08/2026 23:41:09;2026-08-06T21:41:09.746Z;Courses hippiques (PMU);OK;4,3;4294
06/08/2026 23:41:09;2026-08-06T21:41:09.746Z;Courses de lévriers;OK;5,8;5789
06/08/2026 23:57:05;2026-08-06T21:57:05.573Z;Courses hippiques (PMU);OK;3,8;3823
06/08/2026 23:57:05;2026-08-06T21:57:05.573Z;Courses de lévriers;OK;4,3;4345
07/08/2026 02:17:40;2026-08-07T00:17:40.181Z;Courses hippiques (PMU);OK;3,2;3197
07/08/2026 02:17:40;2026-08-07T00:17:40.181Z;Courses de lévriers;OK;1,5;1548
07/08/2026 05:21:27;2026-08-07T03:21:27.198Z;Courses hippiques (PMU);OK;2,0;1999
07/08/2026 05:21:27;2026-08-07T03:21:27.198Z;Courses de lévriers;OK;1,4;1423
07/08/2026 08:01:49;2026-08-07T06:01:49.386Z;Courses hippiques (PMU);OK;2,3;2317
07/08/2026 08:01:49;2026-08-07T06:01:49.386Z;Courses de lévriers;OK;1,7;1707
07/08/2026 08:13:22;2026-08-07T06:13:22.845Z;Courses hippiques (PMU);OK;1,9;1950
07/08/2026 08:13:22;2026-08-07T06:13:22.845Z;Courses de lévriers;OK;1,3;1294
07/08/2026 08:25:21;2026-08-07T06:25:21.857Z;Courses hippiques (PMU);OK;1,8;1838
07/08/2026 08:25:21;2026-08-07T06:25:21.857Z;Courses de lévriers;OK;1,3;1291
07/08/2026 08:37:26;2026-08-07T06:37:26.221Z;Courses hippiques (PMU);OK;6,0;5997
07/08/2026 08:37:26;2026-08-07T06:37:26.221Z;Courses de lévriers;OK;4,6;4565
07/08/2026 08:49:20;2026-08-07T06:49:20.699Z;Courses hippiques (PMU);OK;6,1;6058
07/08/2026 08:49:20;2026-08-07T06:49:20.699Z;Courses de lévriers;OK;5,9;5878
07/08/2026 09:02:11;2026-08-07T07:02:11.059Z;Courses hippiques (PMU);OK;5,0;4971
07/08/2026 09:02:11;2026-08-07T07:02:11.059Z;Courses de lévriers;OK;4,6;4592
07/08/2026 09:13:33;2026-08-07T07:13:33.947Z;Courses hippiques (PMU);OK;5,1;5066
07/08/2026 09:13:33;2026-08-07T07:13:33.947Z;Courses de lévriers;OK;5,7;5658
07/08/2026 09:25:18;2026-08-07T07:25:18.818Z;Courses hippiques (PMU);OK;5,5;5528
07/08/2026 09:25:18;2026-08-07T07:25:18.818Z;Courses de lévriers;OK;4,9;4914
07/08/2026 09:37:28;2026-08-07T07:37:28.870Z;Courses hippiques (PMU);OK;4,8;4793
07/08/2026 09:37:28;2026-08-07T07:37:28.870Z;Courses de lévriers;OK;4,2;4220
07/08/2026 09:44:17;2026-08-07T07:44:17.936Z;Courses hippiques (PMU);OK;5,0;4995
07/08/2026 09:44:17;2026-08-07T07:44:17.936Z;Courses de lévriers;OK;5,6;5552
07/08/2026 09:49:17;2026-08-07T07:49:17.477Z;Courses hippiques (PMU);OK;4,8;4772
07/08/2026 09:49:17;2026-08-07T07:49:17.477Z;Courses de lévriers;OK;4,5;4458
07/08/2026 10:01:53;2026-08-07T08:01:53.010Z;Courses hippiques (PMU);OK;5,5;5479
07/08/2026 10:01:53;2026-08-07T08:01:53.010Z;Courses de lévriers;OK;4,4;4441
07/08/2026 10:13:20;2026-08-07T08:13:20.796Z;Courses hippiques (PMU);OK;5,4;5378
07/08/2026 10:13:20;2026-08-07T08:13:20.796Z;Courses de lévriers;OK;4,7;4721
07/08/2026 10:25:41;2026-08-07T08:25:41.064Z;Courses hippiques (PMU);OK;4,6;4568
07/08/2026 10:25:41;2026-08-07T08:25:41.064Z;Courses de lévriers;OK;5,4;5427
07/08/2026 10:37:25;2026-08-07T08:37:25.378Z;Courses hippiques (PMU);OK;4,8;4820
07/08/2026 10:37:25;2026-08-07T08:37:25.378Z;Courses de lévriers;OK;4,4;4378
07/08/2026 10:49:27;2026-08-07T08:49:27.486Z;Courses hippiques (PMU);OK;4,9;4924
07/08/2026 10:49:27;2026-08-07T08:49:27.486Z;Courses de lévriers;OK;4,8;4825
07/08/2026 11:02:06;2026-08-07T09:02:06.309Z;Courses hippiques (PMU);OK;6,1;6129
07/08/2026 11:02:06;2026-08-07T09:02:06.309Z;Courses de lévriers;OK;5,6;5600
07/08/2026 11:13:36;2026-08-07T09:13:36.135Z;Courses hippiques (PMU);OK;4,7;4732
07/08/2026 11:13:36;2026-08-07T09:13:36.135Z;Courses de lévriers;OK;5,1;5140
07/08/2026 11:25:35;2026-08-07T09:25:35.897Z;Courses hippiques (PMU);OK;5,0;4993
07/08/2026 11:25:35;2026-08-07T09:25:35.897Z;Courses de lévriers;OK;6,1;6077
07/08/2026 11:37:46;2026-08-07T09:37:46.499Z;Courses hippiques (PMU);OK;5,9;5941
07/08/2026 11:37:46;2026-08-07T09:37:46.499Z;Courses de lévriers;OK;5,8;5752
07/08/2026 11:49:19;2026-08-07T09:49:19.554Z;Courses hippiques (PMU);OK;4,5;4540
07/08/2026 11:49:19;2026-08-07T09:49:19.554Z;Courses de lévriers;ECHEC;5,2;5183
07/08/2026 12:01:50;2026-08-07T10:01:50.447Z;Courses hippiques (PMU);OK;4,8;4821
07/08/2026 12:01:50;2026-08-07T10:01:50.447Z;Courses de lévriers;OK;4,7;4708
07/08/2026 12:12:51;2026-08-07T10:12:51.343Z;Courses hippiques (PMU);OK;5,0;4970
07/08/2026 12:12:51;2026-08-07T10:12:51.343Z;Courses de lévriers;OK;4,5;4501
07/08/2026 12:25:20;2026-08-07T10:25:20.194Z;Courses hippiques (PMU);OK;5,4;5379
07/08/2026 12:25:20;2026-08-07T10:25:20.194Z;Courses de lévriers;OK;6,1;6139
07/08/2026 12:37:29;2026-08-07T10:37:29.822Z;Courses hippiques (PMU);OK;5,1;5075
07/08/2026 12:37:29;2026-08-07T10:37:29.822Z;Courses de lévriers;OK;5,1;5089
07/08/2026 12:49:35;2026-08-07T10:49:35.081Z;Courses hippiques (PMU);OK;5,1;5091
07/08/2026 12:49:35;2026-08-07T10:49:35.081Z;Courses de lévriers;OK;5,9;5906
07/08/2026 13:02:12;2026-08-07T11:02:12.817Z;Courses hippiques (PMU);OK;5,0;4993
07/08/2026 13:02:12;2026-08-07T11:02:12.817Z;Courses de lévriers;OK;5,6;5600
07/08/2026 13:13:27;2026-08-07T11:13:27.498Z;Courses hippiques (PMU);OK;4,9;4852
07/08/2026 13:13:27;2026-08-07T11:13:27.498Z;Courses de lévriers;OK;5,6;5579
07/08/2026 13:25:34;2026-08-07T11:25:34.682Z;Courses hippiques (PMU);OK;5,1;5074
07/08/2026 13:25:34;2026-08-07T11:25:34.682Z;Courses de lévriers;OK;4,6;4642
07/08/2026 13:37:47;2026-08-07T11:37:47.212Z;Courses hippiques (PMU);OK;4,9;4927
07/08/2026 13:37:47;2026-08-07T11:37:47.212Z;Courses de lévriers;OK;4,8;4837
07/08/2026 13:49:46;2026-08-07T11:49:46.100Z;Courses hippiques (PMU);OK;4,9;4921
07/08/2026 13:49:46;2026-08-07T11:49:46.100Z;Courses de lévriers;OK;6,4;6416
07/08/2026 14:02:01;2026-08-07T12:02:01.368Z;Courses hippiques (PMU);OK;5,1;5149
07/08/2026 14:02:01;2026-08-07T12:02:01.368Z;Courses de lévriers;OK;4,3;4302
07/08/2026 14:13:28;2026-08-07T12:13:28.794Z;Courses hippiques (PMU);OK;4,8;4814
07/08/2026 14:13:28;2026-08-07T12:13:28.794Z;Courses de lévriers;OK;5,1;5116
07/08/2026 14:25:30;2026-08-07T12:25:30.560Z;Courses hippiques (PMU);OK;6,2;6155
07/08/2026 14:25:30;2026-08-07T12:25:30.560Z;Courses de lévriers;OK;4,9;4855
07/08/2026 14:37:24;2026-08-07T12:37:24.957Z;Courses hippiques (PMU);OK;5,2;5170
07/08/2026 14:37:24;2026-08-07T12:37:24.957Z;Courses de lévriers;OK;4,9;4880
07/08/2026 14:49:27;2026-08-07T12:49:27.799Z;Courses hippiques (PMU);OK;4,7;4748
07/08/2026 14:49:27;2026-08-07T12:49:27.799Z;Courses de lévriers;OK;4,3;4251
07/08/2026 15:01:51;2026-08-07T13:01:51.302Z;Courses hippiques (PMU);OK;5,5;5541
07/08/2026 15:01:51;2026-08-07T13:01:51.302Z;Courses de lévriers;OK;5,1;5148
07/08/2026 15:13:35;2026-08-07T13:13:35.194Z;Courses hippiques (PMU);OK;5,1;5062
07/08/2026 15:13:35;2026-08-07T13:13:35.194Z;Courses de lévriers;OK;7,0;6959
07/08/2026 15:25:36;2026-08-07T13:25:36.193Z;Courses hippiques (PMU);OK;8,0;8024
07/08/2026 15:25:36;2026-08-07T13:25:36.193Z;Courses de lévriers;OK;6,8;6791
07/08/2026 15:37:31;2026-08-07T13:37:31.684Z;Courses hippiques (PMU);OK;6,0;5955
07/08/2026 15:37:31;2026-08-07T13:37:31.684Z;Courses de lévriers;OK;5,7;5671
07/08/2026 15:41:57;2026-08-07T13:41:57.014Z;Courses hippiques (PMU);OK;5,2;5175
07/08/2026 15:41:57;2026-08-07T13:41:57.014Z;Courses de lévriers;OK;4,5;4481
07/08/2026 15:49:27;2026-08-07T13:49:27.166Z;Courses hippiques (PMU);OK;6,2;6234
07/08/2026 15:49:27;2026-08-07T13:49:27.166Z;Courses de lévriers;OK;5,9;5869
07/08/2026 16:01:56;2026-08-07T14:01:56.130Z;Courses hippiques (PMU);OK;5,7;5651
07/08/2026 16:01:56;2026-08-07T14:01:56.130Z;Courses de lévriers;OK;4,6;4601
07/08/2026 16:13:23;2026-08-07T14:13:23.433Z;Courses hippiques (PMU);OK;5,0;5034
07/08/2026 16:13:23;2026-08-07T14:13:23.433Z;Courses de lévriers;OK;4,6;4585
07/08/2026 16:25:26;2026-08-07T14:25:26.199Z;Courses hippiques (PMU);OK;5,3;5267
07/08/2026 16:25:26;2026-08-07T14:25:26.199Z;Courses de lévriers;OK;5,9;5934
07/08/2026 16:37:20;2026-08-07T14:37:20.637Z;Courses hippiques (PMU);OK;4,1;4071
07/08/2026 16:37:20;2026-08-07T14:37:20.637Z;Courses de lévriers;OK;4,3;4272
07/08/2026 16:49:32;2026-08-07T14:49:32.487Z;Courses hippiques (PMU);ECHEC;5,3;5269
07/08/2026 16:49:32;2026-08-07T14:49:32.487Z;Courses de lévriers;OK;5,6;5636
07/08/2026 17:02:08;2026-08-07T15:02:08.856Z;Courses hippiques (PMU);OK;5,1;5072
07/08/2026 17:02:08;2026-08-07T15:02:08.856Z;Courses de lévriers;OK;7,0;7026
07/08/2026 17:13:19;2026-08-07T15:13:19.561Z;Courses hippiques (PMU);OK;5,9;5912
07/08/2026 17:13:19;2026-08-07T15:13:19.561Z;Courses de lévriers;OK;4,4;4389
07/08/2026 17:25:36;2026-08-07T15:25:36.943Z;Courses hippiques (PMU);OK;5,5;5497
07/08/2026 17:25:36;2026-08-07T15:25:36.943Z;Courses de lévriers;OK;5,3;5313
07/08/2026 17:37:30;2026-08-07T15:37:30.430Z;Courses hippiques (PMU);OK;4,9;4927
07/08/2026 17:37:30;2026-08-07T15:37:30.430Z;Courses de lévriers;OK;4,8;4757
07/08/2026 17:49:24;2026-08-07T15:49:24.969Z;Courses hippiques (PMU);OK;4,2;4184
07/08/2026 17:49:24;2026-08-07T15:49:24.969Z;Courses de lévriers;OK;5,4;5448
07/08/2026 18:01:58;2026-08-07T16:01:58.433Z;Courses hippiques (PMU);OK;5,0;5039
07/08/2026 18:01:58;2026-08-07T16:01:58.433Z;Courses de lévriers;OK;5,4;5383
07/08/2026 18:21:03;2026-08-07T16:21:03.793Z;Courses hippiques (PMU);OK;6,0;6022
07/08/2026 18:21:03;2026-08-07T16:21:03.793Z;Courses de lévriers;OK;5,1;5091
07/08/2026 18:25:36;2026-08-07T16:25:36.115Z;Courses hippiques (PMU);OK;6,8;6752
07/08/2026 18:25:36;2026-08-07T16:25:36.115Z;Courses de lévriers;OK;5,5;5525
07/08/2026 18:37:26;2026-08-07T16:37:26.537Z;Courses hippiques (PMU);OK;5,0;5029
07/08/2026 18:37:26;2026-08-07T16:37:26.537Z;Courses de lévriers;OK;4,3;4301
07/08/2026 18:49:23;2026-08-07T16:49:23.006Z;Courses hippiques (PMU);ECHEC;4,8;4833
07/08/2026 18:49:23;2026-08-07T16:49:23.006Z;Courses de lévriers;OK;5,5;5455
07/08/2026 19:01:53;2026-08-07T17:01:53.430Z;Courses hippiques (PMU);ECHEC;4,1;4081
07/08/2026 19:01:53;2026-08-07T17:01:53.430Z;Courses de lévriers;OK;4,3;4307
07/08/2026 19:13:28;2026-08-07T17:13:28.480Z;Courses hippiques (PMU);OK;4,9;4908
07/08/2026 19:13:28;2026-08-07T17:13:28.480Z;Courses de lévriers;OK;5,6;5596
07/08/2026 19:25:24;2026-08-07T17:25:24.598Z;Courses hippiques (PMU);OK;5,6;5637
07/08/2026 19:25:24;2026-08-07T17:25:24.598Z;Courses de lévriers;OK;5,7;5674
07/08/2026 19:37:19;2026-08-07T17:37:19.704Z;Courses hippiques (PMU);OK;5,2;5152
07/08/2026 19:37:19;2026-08-07T17:37:19.704Z;Courses de lévriers;OK;5,1;5145
07/08/2026 19:49:22;2026-08-07T17:49:22.315Z;Courses hippiques (PMU);OK;4,9;4879
07/08/2026 19:49:22;2026-08-07T17:49:22.315Z;Courses de lévriers;OK;4,4;4398
07/08/2026 20:01:51;2026-08-07T18:01:51.509Z;Courses hippiques (PMU);OK;4,4;4369
07/08/2026 20:01:51;2026-08-07T18:01:51.509Z;Courses de lévriers;OK;4,4;4429
07/08/2026 20:13:29;2026-08-07T18:13:29.652Z;Courses hippiques (PMU);OK;5,0;5011
07/08/2026 20:13:29;2026-08-07T18:13:29.652Z;Courses de lévriers;OK;4,7;4711
07/08/2026 20:25:17;2026-08-07T18:25:17.577Z;Courses hippiques (PMU);OK;4,1;4095
07/08/2026 20:25:17;2026-08-07T18:25:17.577Z;Courses de lévriers;OK;4,4;4358
07/08/2026 20:37:25;2026-08-07T18:37:25.935Z;Courses hippiques (PMU);ECHEC;6,5;6477
07/08/2026 20:37:25;2026-08-07T18:37:25.935Z;Courses de lévriers;OK;5,0;4993
07/08/2026 20:49:30;2026-08-07T18:49:30.159Z;Courses hippiques (PMU);OK;6,1;6084
07/08/2026 20:49:30;2026-08-07T18:49:30.159Z;Courses de lévriers;OK;5,0;4986
07/08/2026 21:02:05;2026-08-07T19:02:05.351Z;Courses hippiques (PMU);OK;5,5;5526
07/08/2026 21:02:05;2026-08-07T19:02:05.351Z;Courses de lévriers;OK;5,8;5785
07/08/2026 21:13:39;2026-08-07T19:13:39.721Z;Courses hippiques (PMU);OK;5,2;5226
07/08/2026 21:13:39;2026-08-07T19:13:39.721Z;Courses de lévriers;OK;5,8;5755
07/08/2026 21:18:06;2026-08-07T19:18:06.697Z;Courses hippiques (PMU);OK;6,4;6436
07/08/2026 21:18:06;2026-08-07T19:18:06.697Z;Courses de lévriers;OK;5,8;5790
07/08/2026 21:25:25;2026-08-07T19:25:25.083Z;Courses hippiques (PMU);OK;5,7;5709
07/08/2026 21:25:25;2026-08-07T19:25:25.083Z;Courses de lévriers;OK;6,4;6400
07/08/2026 21:37:35;2026-08-07T19:37:35.258Z;Courses hippiques (PMU);OK;5,4;5367
07/08/2026 21:37:35;2026-08-07T19:37:35.258Z;Courses de lévriers;OK;5,8;5797
07/08/2026 21:49:26;2026-08-07T19:49:26.427Z;Courses hippiques (PMU);OK;5,2;5221
07/08/2026 21:49:26;2026-08-07T19:49:26.427Z;Courses de lévriers;OK;5,4;5407
07/08/2026 22:01:59;2026-08-07T20:01:59.608Z;Courses hippiques (PMU);OK;5,5;5521
07/08/2026 22:01:59;2026-08-07T20:01:59.608Z;Courses de lévriers;OK;6,1;6138
07/08/2026 22:13:31;2026-08-07T20:13:31.240Z;Courses hippiques (PMU);OK;5,3;5292
07/08/2026 22:13:31;2026-08-07T20:13:31.240Z;Courses de lévriers;OK;6,0;5953
07/08/2026 22:25:19;2026-08-07T20:25:19.814Z;Courses hippiques (PMU);OK;4,0;4028
07/08/2026 22:25:19;2026-08-07T20:25:19.814Z;Courses de lévriers;OK;4,4;4440
07/08/2026 22:37:44;2026-08-07T20:37:44.255Z;Courses hippiques (PMU);OK;6,0;6032
07/08/2026 22:37:44;2026-08-07T20:37:44.255Z;Courses de lévriers;OK;5,9;5914
07/08/2026 22:49:18;2026-08-07T20:49:18.402Z;Courses hippiques (PMU);OK;4,9;4879
07/08/2026 22:49:18;2026-08-07T20:49:18.402Z;Courses de lévriers;OK;4,4;4408
07/08/2026 23:01:57;2026-08-07T21:01:57.639Z;Courses hippiques (PMU);OK;6,5;6463
07/08/2026 23:01:57;2026-08-07T21:01:57.639Z;Courses de lévriers;OK;6,9;6899
07/08/2026 23:13:29;2026-08-07T21:13:29.145Z;Courses hippiques (PMU);OK;5,4;5445
07/08/2026 23:13:29;2026-08-07T21:13:29.145Z;Courses de lévriers;OK;4,9;4871
07/08/2026 23:25:33;2026-08-07T21:25:33.369Z;Courses hippiques (PMU);OK;4,9;4887
07/08/2026 23:25:33;2026-08-07T21:25:33.369Z;Courses de lévriers;OK;4,3;4287
07/08/2026 23:37:23;2026-08-07T21:37:23.418Z;Courses hippiques (PMU);OK;5,1;5090
07/08/2026 23:37:23;2026-08-07T21:37:23.418Z;Courses de lévriers;OK;5,7;5670
07/08/2026 23:49:28;2026-08-07T21:49:28.175Z;Courses hippiques (PMU);OK;7,8;7755
07/08/2026 23:49:28;2026-08-07T21:49:28.175Z;Courses de lévriers;OK;4,8;4789
07/08/2026 23:57:47;2026-08-07T21:57:47.198Z;Courses hippiques (PMU);OK;6,4;6402
07/08/2026 23:57:47;2026-08-07T21:57:47.198Z;Courses de lévriers;OK;6,0;5975
08/08/2026 04:23:36;2026-08-08T02:23:36.764Z;Courses hippiques (PMU);OK;1,9;1932
08/08/2026 04:23:36;2026-08-08T02:23:36.764Z;Courses de lévriers;OK;1,3;1278
08/08/2026 06:30:12;2026-08-08T04:30:12.046Z;Courses hippiques (PMU);OK;2,2;2213
08/08/2026 06:30:12;2026-08-08T04:30:12.046Z;Courses de lévriers;OK;1,3;1349
08/08/2026 08:01:54;2026-08-08T06:01:54.988Z;Courses hippiques (PMU);OK;1,7;1743
08/08/2026 08:01:54;2026-08-08T06:01:54.988Z;Courses de lévriers;OK;1,4;1412
08/08/2026 08:13:15;2026-08-08T06:13:15.062Z;Courses hippiques (PMU);OK;2,3;2330
08/08/2026 08:13:15;2026-08-08T06:13:15.062Z;Courses de lévriers;OK;2,7;2718
08/08/2026 08:25:11;2026-08-08T06:25:11.429Z;Courses hippiques (PMU);OK;2,2;2163
08/08/2026 08:25:11;2026-08-08T06:25:11.429Z;Courses de lévriers;OK;1,5;1453
08/08/2026 08:37:36;2026-08-08T06:37:36.969Z;Courses hippiques (PMU);ECHEC;20,1;20144
08/08/2026 08:37:36;2026-08-08T06:37:36.969Z;Courses de lévriers;OK;4,6;4639
08/08/2026 08:49:34;2026-08-08T06:49:34.322Z;Courses hippiques (PMU);OK;4,9;4862
08/08/2026 08:49:34;2026-08-08T06:49:34.322Z;Courses de lévriers;OK;4,9;4871
08/08/2026 09:01:54;2026-08-08T07:01:54.551Z;Courses hippiques (PMU);OK;7,0;6992
08/08/2026 09:01:54;2026-08-08T07:01:54.551Z;Courses de lévriers;OK;5,8;5791
08/08/2026 09:13:22;2026-08-08T07:13:22.430Z;Courses hippiques (PMU);OK;4,6;4569
08/08/2026 09:13:22;2026-08-08T07:13:22.430Z;Courses de lévriers;OK;3,6;3553
08/08/2026 09:17:41;2026-08-08T07:17:41.167Z;Courses hippiques (PMU);OK;4,1;4135
08/08/2026 09:17:41;2026-08-08T07:17:41.167Z;Courses de lévriers;OK;4,4;4390
08/08/2026 09:25:37;2026-08-08T07:25:37.022Z;Courses hippiques (PMU);OK;5,3;5291
08/08/2026 09:25:37;2026-08-08T07:25:37.022Z;Courses de lévriers;OK;5,7;5710
08/08/2026 09:37:37;2026-08-08T07:37:37.274Z;Courses hippiques (PMU);OK;4,8;4816
08/08/2026 09:37:37;2026-08-08T07:37:37.274Z;Courses de lévriers;OK;4,3;4322
08/08/2026 09:49:18;2026-08-08T07:49:18.898Z;Courses hippiques (PMU);OK;6,1;6065
08/08/2026 09:49:18;2026-08-08T07:49:18.898Z;Courses de lévriers;OK;4,4;4432
08/08/2026 10:02:01;2026-08-08T08:02:01.608Z;Courses hippiques (PMU);OK;3,9;3867
08/08/2026 10:02:01;2026-08-08T08:02:01.608Z;Courses de lévriers;OK;4,3;4334
08/08/2026 10:13:21;2026-08-08T08:13:21.947Z;Courses hippiques (PMU);OK;3,7;3698
08/08/2026 10:13:21;2026-08-08T08:13:21.947Z;Courses de lévriers;OK;4,6;4648
08/08/2026 10:25:22;2026-08-08T08:25:22.131Z;Courses hippiques (PMU);OK;3,7;3704
08/08/2026 10:25:22;2026-08-08T08:25:22.131Z;Courses de lévriers;OK;3,8;3817
08/08/2026 10:37:18;2026-08-08T08:37:18.452Z;Courses hippiques (PMU);ECHEC;3,9;3940
08/08/2026 10:37:18;2026-08-08T08:37:18.452Z;Courses de lévriers;OK;4,7;4721
08/08/2026 10:49:26;2026-08-08T08:49:26.785Z;Courses hippiques (PMU);OK;5,0;5026
08/08/2026 10:49:26;2026-08-08T08:49:26.785Z;Courses de lévriers;OK;4,3;4326
08/08/2026 11:01:48;2026-08-08T09:01:48.295Z;Courses hippiques (PMU);OK;6,5;6495
08/08/2026 11:01:48;2026-08-08T09:01:48.295Z;Courses de lévriers;OK;4,6;4605
08/08/2026 11:13:23;2026-08-08T09:13:23.565Z;Courses hippiques (PMU);OK;5,7;5660
08/08/2026 11:13:23;2026-08-08T09:13:23.565Z;Courses de lévriers;OK;5,8;5783
08/08/2026 11:25:34;2026-08-08T09:25:34.839Z;Courses hippiques (PMU);OK;4,9;4930
08/08/2026 11:25:34;2026-08-08T09:25:34.839Z;Courses de lévriers;OK;4,9;4937
08/08/2026 11:37:36;2026-08-08T09:37:36.460Z;Courses hippiques (PMU);OK;4,7;4682
08/08/2026 11:37:36;2026-08-08T09:37:36.460Z;Courses de lévriers;OK;4,5;4483
08/08/2026 11:49:22;2026-08-08T09:49:22.782Z;Courses hippiques (PMU);OK;6,3;6303
08/08/2026 11:49:22;2026-08-08T09:49:22.782Z;Courses de lévriers;OK;5,6;5568
08/08/2026 11:56:31;2026-08-08T09:56:31.665Z;Courses hippiques (PMU);ECHEC;4,0;3994
08/08/2026 11:56:31;2026-08-08T09:56:31.665Z;Courses de lévriers;OK;4,4;4371
08/08/2026 12:01:50;2026-08-08T10:01:50.648Z;Courses hippiques (PMU);ECHEC;4,1;4089
08/08/2026 12:01:50;2026-08-08T10:01:50.648Z;Courses de lévriers;OK;4,4;4385
08/08/2026 12:13:19;2026-08-08T10:13:19.906Z;Courses hippiques (PMU);OK;3,9;3917
08/08/2026 12:13:19;2026-08-08T10:13:19.906Z;Courses de lévriers;OK;4,5;4533
08/08/2026 12:25:22;2026-08-08T10:25:22.299Z;Courses hippiques (PMU);OK;4,9;4923
08/08/2026 12:25:22;2026-08-08T10:25:22.299Z;Courses de lévriers;OK;5,5;5470
08/08/2026 12:37:25;2026-08-08T10:37:25.042Z;Courses hippiques (PMU);OK;5,9;5856
08/08/2026 12:37:25;2026-08-08T10:37:25.042Z;Courses de lévriers;OK;6,3;6295
08/08/2026 12:49:23;2026-08-08T10:49:23.190Z;Courses hippiques (PMU);OK;3,9;3947
08/08/2026 12:49:23;2026-08-08T10:49:23.190Z;Courses de lévriers;OK;4,4;4392
08/08/2026 13:01:48;2026-08-08T11:01:48.070Z;Courses hippiques (PMU);ECHEC;4,8;4850
08/08/2026 13:01:48;2026-08-08T11:01:48.070Z;Courses de lévriers;OK;5,2;5170
08/08/2026 13:13:33;2026-08-08T11:13:33.998Z;Courses hippiques (PMU);OK;4,0;4015
08/08/2026 13:13:33;2026-08-08T11:13:33.998Z;Courses de lévriers;OK;4,3;4322
08/08/2026 13:25:20;2026-08-08T11:25:20.109Z;Courses hippiques (PMU);OK;3,8;3824
08/08/2026 13:25:20;2026-08-08T11:25:20.109Z;Courses de lévriers;OK;4,3;4275
08/08/2026 13:37:22;2026-08-08T11:37:22.277Z;Courses hippiques (PMU);OK;6,1;6066
08/08/2026 13:37:22;2026-08-08T11:37:22.277Z;Courses de lévriers;OK;5,5;5538
08/08/2026 13:49:22;2026-08-08T11:49:22.551Z;Courses hippiques (PMU);OK;4,0;4019
08/08/2026 13:49:22;2026-08-08T11:49:22.551Z;Courses de lévriers;OK;4,3;4327
08/08/2026 14:01:49;2026-08-08T12:01:49.064Z;Courses hippiques (PMU);OK;5,2;5208
08/08/2026 14:01:49;2026-08-08T12:01:49.064Z;Courses de lévriers;OK;4,8;4768
08/08/2026 14:13:22;2026-08-08T12:13:22.085Z;Courses hippiques (PMU);OK;4,5;4531
08/08/2026 14:13:22;2026-08-08T12:13:22.085Z;Courses de lévriers;OK;4,5;4503
08/08/2026 14:25:29;2026-08-08T12:25:29.309Z;Courses hippiques (PMU);OK;5,4;5375
08/08/2026 14:25:29;2026-08-08T12:25:29.309Z;Courses de lévriers;OK;4,7;4722
08/08/2026 14:37:41;2026-08-08T12:37:41.034Z;Courses hippiques (PMU);OK;5,0;4973
08/08/2026 14:37:41;2026-08-08T12:37:41.034Z;Courses de lévriers;OK;5,6;5641
08/08/2026 14:49:31;2026-08-08T12:49:31.121Z;Courses hippiques (PMU);OK;5,0;5042
08/08/2026 14:49:31;2026-08-08T12:49:31.121Z;Courses de lévriers;OK;4,8;4832
08/08/2026 15:01:56;2026-08-08T13:01:56.876Z;Courses hippiques (PMU);OK;3,8;3809
08/08/2026 15:01:56;2026-08-08T13:01:56.876Z;Courses de lévriers;OK;4,4;4357
08/08/2026 15:13:26;2026-08-08T13:13:26.931Z;Courses hippiques (PMU);OK;5,2;5161
08/08/2026 15:13:26;2026-08-08T13:13:26.931Z;Courses de lévriers;OK;5,2;5228
08/08/2026 15:14:36;2026-08-08T13:14:36.885Z;Courses hippiques (PMU);ECHEC;4,1;4094
08/08/2026 15:14:36;2026-08-08T13:14:36.885Z;Courses de lévriers;OK;4,4;4423
08/08/2026 15:26:13;2026-08-08T13:26:13.036Z;Courses hippiques (PMU);ECHEC;30,0;30015
08/08/2026 15:26:13;2026-08-08T13:26:13.036Z;Courses de lévriers;ECHEC;15,2;15160
08/08/2026 15:37:24;2026-08-08T13:37:24.712Z;Courses hippiques (PMU);OK;5,5;5499
08/08/2026 15:37:24;2026-08-08T13:37:24.712Z;Courses de lévriers;OK;5,2;5183
08/08/2026 15:49:20;2026-08-08T13:49:20.676Z;Courses hippiques (PMU);ECHEC;4,5;4460
08/08/2026 15:49:20;2026-08-08T13:49:20.676Z;Courses de lévriers;OK;5,6;5578
08/08/2026 16:01:52;2026-08-08T14:01:52.328Z;Courses hippiques (PMU);OK;4,7;4706
08/08/2026 16:01:52;2026-08-08T14:01:52.328Z;Courses de lévriers;OK;5,8;5768
08/08/2026 16:13:46;2026-08-08T14:13:46.353Z;Courses hippiques (PMU);OK;4,9;4906
08/08/2026 16:13:46;2026-08-08T14:13:46.353Z;Courses de lévriers;OK;4,1;4115
08/08/2026 16:25:19;2026-08-08T14:25:19.401Z;Courses hippiques (PMU);ECHEC;4,0;3992
08/08/2026 16:25:19;2026-08-08T14:25:19.401Z;Courses de lévriers;OK;4,5;4495
08/08/2026 16:37:24;2026-08-08T14:37:24.906Z;Courses hippiques (PMU);OK;4,8;4790
08/08/2026 16:37:24;2026-08-08T14:37:24.906Z;Courses de lévriers;OK;5,4;5393
08/08/2026 16:49:23;2026-08-08T14:49:23.321Z;Courses hippiques (PMU);ECHEC;4,7;4673
08/08/2026 16:49:23;2026-08-08T14:49:23.321Z;Courses de lévriers;OK;4,8;4816
08/08/2026 17:02:04;2026-08-08T15:02:04.763Z;Courses hippiques (PMU);OK;5,9;5898
08/08/2026 17:02:04;2026-08-08T15:02:04.763Z;Courses de lévriers;OK;5,5;5510
08/08/2026 17:13:27;2026-08-08T15:13:27.261Z;Courses hippiques (PMU);OK;4,2;4166
08/08/2026 17:13:27;2026-08-08T15:13:27.261Z;Courses de lévriers;OK;5,3;5339
08/08/2026 17:25:33;2026-08-08T15:25:33.436Z;Courses hippiques (PMU);OK;5,1;5075
08/08/2026 17:25:33;2026-08-08T15:25:33.436Z;Courses de lévriers;OK;5,6;5560
08/08/2026 17:37:23;2026-08-08T15:37:23.438Z;Courses hippiques (PMU);OK;4,8;4843
08/08/2026 17:37:23;2026-08-08T15:37:23.438Z;Courses de lévriers;OK;5,0;4991
08/08/2026 17:48:13;2026-08-08T15:48:13.538Z;Courses hippiques (PMU);OK;4,1;4130
08/08/2026 17:48:13;2026-08-08T15:48:13.538Z;Courses de lévriers;OK;4,3;4317
08/08/2026 17:49:18;2026-08-08T15:49:18.270Z;Courses hippiques (PMU);OK;4,6;4575
08/08/2026 17:49:18;2026-08-08T15:49:18.270Z;Courses de lévriers;OK;4,7;4694
08/08/2026 18:01:49;2026-08-08T16:01:49.857Z;Courses hippiques (PMU);ECHEC;4,3;4290
08/08/2026 18:01:49;2026-08-08T16:01:49.857Z;Courses de lévriers;OK;5,0;4989
08/08/2026 18:13:21;2026-08-08T16:13:21.871Z;Courses hippiques (PMU);OK;5,5;5451
08/08/2026 18:13:21;2026-08-08T16:13:21.871Z;Courses de lévriers;OK;5,3;5276
08/08/2026 18:25:27;2026-08-08T16:25:27.353Z;Courses hippiques (PMU);OK;5,1;5133
08/08/2026 18:25:27;2026-08-08T16:25:27.353Z;Courses de lévriers;OK;4,8;4816
08/08/2026 18:37:34;2026-08-08T16:37:34.631Z;Courses hippiques (PMU);ECHEC;3,7;3676
08/08/2026 18:37:34;2026-08-08T16:37:34.631Z;Courses de lévriers;OK;5,2;5190
08/08/2026 18:49:15;2026-08-08T16:49:15.389Z;Courses hippiques (PMU);OK;4,7;4716
08/08/2026 18:49:15;2026-08-08T16:49:15.389Z;Courses de lévriers;OK;4,3;4256
08/08/2026 19:01:52;2026-08-08T17:01:52.565Z;Courses hippiques (PMU);OK;3,9;3943
08/08/2026 19:01:52;2026-08-08T17:01:52.565Z;Courses de lévriers;OK;4,4;4367
08/08/2026 19:13:28;2026-08-08T17:13:28.453Z;Courses hippiques (PMU);OK;4,8;4782
08/08/2026 19:13:28;2026-08-08T17:13:28.453Z;Courses de lévriers;OK;5,6;5614
08/08/2026 19:25:43;2026-08-08T17:25:43.926Z;Courses hippiques (PMU);ECHEC;30,0;30012
08/08/2026 19:25:43;2026-08-08T17:25:43.926Z;Courses de lévriers;OK;4,5;4521
08/08/2026 19:37:24;2026-08-08T17:37:24.469Z;Courses hippiques (PMU);ECHEC;3,8;3805
08/08/2026 19:37:24;2026-08-08T17:37:24.469Z;Courses de lévriers;OK;4,4;4404
08/08/2026 19:49:15;2026-08-08T17:49:15.582Z;Courses hippiques (PMU);OK;4,6;4584
08/08/2026 19:49:15;2026-08-08T17:49:15.582Z;Courses de lévriers;OK;4,3;4313
08/08/2026 20:01:45;2026-08-08T18:01:45.327Z;Courses hippiques (PMU);OK;5,3;5257
08/08/2026 20:01:45;2026-08-08T18:01:45.327Z;Courses de lévriers;OK;4,9;4873
08/08/2026 20:13:24;2026-08-08T18:13:24.559Z;Courses hippiques (PMU);OK;5,4;5369
08/08/2026 20:13:24;2026-08-08T18:13:24.559Z;Courses de lévriers;OK;4,6;4590
08/08/2026 20:25:15;2026-08-08T18:25:15.055Z;Courses hippiques (PMU);OK;3,8;3788
08/08/2026 20:25:15;2026-08-08T18:25:15.055Z;Courses de lévriers;OK;5,2;5234
08/08/2026 20:37:23;2026-08-08T18:37:23.003Z;Courses hippiques (PMU);OK;3,8;3812
08/08/2026 20:37:23;2026-08-08T18:37:23.003Z;Courses de lévriers;OK;4,3;4330
08/08/2026 20:49:19;2026-08-08T18:49:19.871Z;Courses hippiques (PMU);OK;4,0;3981
08/08/2026 20:49:19;2026-08-08T18:49:19.871Z;Courses de lévriers;OK;4,4;4385
08/08/2026 21:00:56;2026-08-08T19:00:56.003Z;Courses hippiques (PMU);OK;4,8;4782
08/08/2026 21:00:56;2026-08-08T19:00:56.003Z;Courses de lévriers;OK;6,6;6630
08/08/2026 21:01:49;2026-08-08T19:01:49.020Z;Courses hippiques (PMU);OK;4,2;4225
08/08/2026 21:01:49;2026-08-08T19:01:49.020Z;Courses de lévriers;OK;4,6;4634
08/08/2026 21:13:25;2026-08-08T19:13:25.554Z;Courses hippiques (PMU);OK;6,3;6327
08/08/2026 21:13:25;2026-08-08T19:13:25.554Z;Courses de lévriers;OK;4,7;4669
08/08/2026 21:25:54;2026-08-08T19:25:54.851Z;Courses hippiques (PMU);ECHEC;30,0;30007
08/08/2026 21:25:54;2026-08-08T19:25:54.851Z;Courses de lévriers;OK;4,9;4909
08/08/2026 21:37:19;2026-08-08T19:37:19.865Z;Courses hippiques (PMU);OK;5,2;5236
08/08/2026 21:37:19;2026-08-08T19:37:19.865Z;Courses de lévriers;OK;4,7;4700
08/08/2026 21:49:21;2026-08-08T19:49:21.729Z;Courses hippiques (PMU);OK;3,9;3946
08/08/2026 21:49:21;2026-08-08T19:49:21.729Z;Courses de lévriers;OK;3,8;3752
08/08/2026 22:02:13;2026-08-08T20:02:13.310Z;Courses hippiques (PMU);OK;5,0;4974
08/08/2026 22:02:13;2026-08-08T20:02:13.310Z;Courses de lévriers;OK;4,5;4546
08/08/2026 22:13:30;2026-08-08T20:13:30.733Z;Courses hippiques (PMU);OK;5,9;5925
08/08/2026 22:13:30;2026-08-08T20:13:30.733Z;Courses de lévriers;OK;5,1;5110
08/08/2026 22:25:30;2026-08-08T20:25:30.939Z;Courses hippiques (PMU);OK;6,5;6504
08/08/2026 22:25:30;2026-08-08T20:25:30.939Z;Courses de lévriers;OK;4,8;4822
08/08/2026 22:37:39;2026-08-08T20:37:39.416Z;Courses hippiques (PMU);OK;5,0;5049
08/08/2026 22:37:39;2026-08-08T20:37:39.416Z;Courses de lévriers;OK;4,6;4595
08/08/2026 22:49:18;2026-08-08T20:49:18.724Z;Courses hippiques (PMU);ECHEC;4,2;4153
08/08/2026 22:49:18;2026-08-08T20:49:18.724Z;Courses de lévriers;OK;5,4;5389
08/08/2026 23:01:46;2026-08-08T21:01:46.501Z;Courses hippiques (PMU);OK;4,0;3997
08/08/2026 23:01:46;2026-08-08T21:01:46.501Z;Courses de lévriers;OK;5,5;5467
08/08/2026 23:13:35;2026-08-08T21:13:35.094Z;Courses hippiques (PMU);OK;6,3;6321
08/08/2026 23:13:35;2026-08-08T21:13:35.094Z;Courses de lévriers;OK;4,7;4669
08/08/2026 23:25:40;2026-08-08T21:25:40.677Z;Courses hippiques (PMU);OK;5,2;5239
08/08/2026 23:25:40;2026-08-08T21:25:40.677Z;Courses de lévriers;OK;4,8;4776
08/08/2026 23:37:18;2026-08-08T21:37:18.722Z;Courses hippiques (PMU);OK;4,2;4230
08/08/2026 23:37:18;2026-08-08T21:37:18.722Z;Courses de lévriers;OK;4,3;4281
08/08/2026 23:47:43;2026-08-08T21:47:43.862Z;Courses hippiques (PMU);OK;4,0;4034
08/08/2026 23:47:43;2026-08-08T21:47:43.862Z;Courses de lévriers;OK;4,5;4515
08/08/2026 23:49:24;2026-08-08T21:49:24.557Z;Courses hippiques (PMU);OK;3,9;3873
08/08/2026 23:49:24;2026-08-08T21:49:24.557Z;Courses de lévriers;OK;4,3;4317
09/08/2026 04:30:55;2026-08-09T02:30:55.628Z;Courses hippiques (PMU);OK;1,8;1830
09/08/2026 04:30:55;2026-08-09T02:30:55.628Z;Courses de lévriers;OK;1,3;1278
09/08/2026 06:38:50;2026-08-09T04:38:50.207Z;Courses hippiques (PMU);OK;2,2;2157
09/08/2026 06:38:50;2026-08-09T04:38:50.207Z;Courses de lévriers;OK;1,6;1643
09/08/2026 08:01:58;2026-08-09T06:01:58.355Z;Courses hippiques (PMU);OK;2,6;2552
09/08/2026 08:01:58;2026-08-09T06:01:58.355Z;Courses de lévriers;OK;1,8;1759
09/08/2026 08:13:15;2026-08-09T06:13:15.256Z;Courses hippiques (PMU);OK;2,1;2140
09/08/2026 08:13:15;2026-08-09T06:13:15.256Z;Courses de lévriers;OK;1,4;1411
09/08/2026 08:25:16;2026-08-09T06:25:16.988Z;Courses hippiques (PMU);OK;1,7;1661
09/08/2026 08:25:16;2026-08-09T06:25:16.988Z;Courses de lévriers;OK;1,4;1429
09/08/2026 08:37:33;2026-08-09T06:37:33.548Z;Courses hippiques (PMU);ECHEC;20,2;20160
09/08/2026 08:37:33;2026-08-09T06:37:33.548Z;Courses de lévriers;OK;4,3;4335
09/08/2026 08:49:43;2026-08-09T06:49:43.346Z;Courses hippiques (PMU);ECHEC;20,3;20261
09/08/2026 08:49:43;2026-08-09T06:49:43.346Z;Courses de lévriers;OK;4,5;4453
09/08/2026 09:01:51;2026-08-09T07:01:51.075Z;Courses hippiques (PMU);OK;4,2;4180
09/08/2026 09:01:51;2026-08-09T07:01:51.075Z;Courses de lévriers;OK;6,2;6194
09/08/2026 09:13:16;2026-08-09T07:13:16.229Z;Courses hippiques (PMU);OK;5,0;4969
09/08/2026 09:13:16;2026-08-09T07:13:16.229Z;Courses de lévriers;OK;4,7;4702
09/08/2026 09:19:01;2026-08-09T07:19:01.164Z;Courses hippiques (PMU);OK;4,0;3988
09/08/2026 09:19:01;2026-08-09T07:19:01.164Z;Courses de lévriers;OK;4,3;4314
09/08/2026 09:25:15;2026-08-09T07:25:15.765Z;Courses hippiques (PMU);ECHEC;3,4;3429
09/08/2026 09:25:15;2026-08-09T07:25:15.765Z;Courses de lévriers;OK;4,4;4417
09/08/2026 09:37:37;2026-08-09T07:37:37.253Z;Courses hippiques (PMU);OK;4,1;4069
09/08/2026 09:37:37;2026-08-09T07:37:37.253Z;Courses de lévriers;OK;4,4;4360
09/08/2026 09:49:21;2026-08-09T07:49:21.055Z;Courses hippiques (PMU);OK;4,3;4259
09/08/2026 09:49:21;2026-08-09T07:49:21.055Z;Courses de lévriers;OK;4,9;4871
09/08/2026 10:01:48;2026-08-09T08:01:48.325Z;Courses hippiques (PMU);OK;4,2;4165
09/08/2026 10:01:48;2026-08-09T08:01:48.325Z;Courses de lévriers;OK;4,8;4769
09/08/2026 10:13:29;2026-08-09T08:13:29.855Z;Courses hippiques (PMU);OK;3,2;3239
09/08/2026 10:13:29;2026-08-09T08:13:29.855Z;Courses de lévriers;OK;4,1;4098
09/08/2026 10:25:16;2026-08-09T08:25:16.824Z;Courses hippiques (PMU);OK;3,9;3914
09/08/2026 10:25:16;2026-08-09T08:25:16.824Z;Courses de lévriers;OK;5,5;5456
09/08/2026 10:37:37;2026-08-09T08:37:37.400Z;Courses hippiques (PMU);OK;5,7;5726
09/08/2026 10:37:37;2026-08-09T08:37:37.400Z;Courses de lévriers;OK;4,8;4848
09/08/2026 10:49:21;2026-08-09T08:49:21.053Z;Courses hippiques (PMU);OK;4,1;4120
09/08/2026 10:49:21;2026-08-09T08:49:21.053Z;Courses de lévriers;OK;4,5;4535
09/08/2026 11:01:51;2026-08-09T09:01:51.229Z;Courses hippiques (PMU);OK;3,2;3191
09/08/2026 11:01:51;2026-08-09T09:01:51.229Z;Courses de lévriers;OK;3,8;3828
09/08/2026 11:13:33;2026-08-09T09:13:33.839Z;Courses hippiques (PMU);OK;5,4;5418
09/08/2026 11:13:33;2026-08-09T09:13:33.839Z;Courses de lévriers;OK;5,8;5793
09/08/2026 11:25:21;2026-08-09T09:25:21.885Z;Courses hippiques (PMU);OK;4,7;4730
09/08/2026 11:25:21;2026-08-09T09:25:21.885Z;Courses de lévriers;OK;4,5;4458
09/08/2026 11:37:29;2026-08-09T09:37:29.215Z;Courses hippiques (PMU);OK;5,4;5360
09/08/2026 11:37:29;2026-08-09T09:37:29.215Z;Courses de lévriers;OK;5,5;5480
09/08/2026 11:49:16;2026-08-09T09:49:16.994Z;Courses hippiques (PMU);OK;4,2;4230
09/08/2026 11:49:16;2026-08-09T09:49:16.994Z;Courses de lévriers;OK;4,6;4584
09/08/2026 11:59:15;2026-08-09T09:59:15.142Z;Courses hippiques (PMU);ECHEC;4,5;4515
09/08/2026 11:59:15;2026-08-09T09:59:15.142Z;Courses de lévriers;OK;4,9;4929
09/08/2026 12:02:07;2026-08-09T10:02:07.908Z;Courses hippiques (PMU);OK;4,0;3956
09/08/2026 12:02:07;2026-08-09T10:02:07.908Z;Courses de lévriers;OK;2,7;2723
09/08/2026 12:13:22;2026-08-09T10:13:22.015Z;Courses hippiques (PMU);OK;3,2;3191
09/08/2026 12:13:22;2026-08-09T10:13:22.015Z;Courses de lévriers;OK;3,8;3847
09/08/2026 12:25:19;2026-08-09T10:25:19.414Z;Courses hippiques (PMU);OK;4,7;4668
09/08/2026 12:25:19;2026-08-09T10:25:19.414Z;Courses de lévriers;OK;6,3;6262
09/08/2026 12:37:19;2026-08-09T10:37:19.980Z;Courses hippiques (PMU);OK;4,5;4505
09/08/2026 12:37:19;2026-08-09T10:37:19.980Z;Courses de lévriers;OK;4,4;4351
09/08/2026 12:49:38;2026-08-09T10:49:38.708Z;Courses hippiques (PMU);OK;5,2;5195
09/08/2026 12:49:38;2026-08-09T10:49:38.708Z;Courses de lévriers;OK;4,8;4830
09/08/2026 13:01:45;2026-08-09T11:01:45.057Z;Courses hippiques (PMU);ECHEC;3,8;3846
09/08/2026 13:01:45;2026-08-09T11:01:45.057Z;Courses de lévriers;OK;4,3;4314
09/08/2026 13:13:19;2026-08-09T11:13:19.037Z;Courses hippiques (PMU);OK;4,3;4262
09/08/2026 13:13:19;2026-08-09T11:13:19.037Z;Courses de lévriers;OK;4,7;4691
09/08/2026 13:25:19;2026-08-09T11:25:19.369Z;Courses hippiques (PMU);OK;3,7;3683
09/08/2026 13:25:19;2026-08-09T11:25:19.369Z;Courses de lévriers;OK;4,4;4370
09/08/2026 13:37:26;2026-08-09T11:37:26.028Z;Courses hippiques (PMU);OK;4,0;4037
09/08/2026 13:37:26;2026-08-09T11:37:26.028Z;Courses de lévriers;OK;4,5;4513
09/08/2026 13:49:24;2026-08-09T11:49:24.239Z;Courses hippiques (PMU);OK;4,3;4294
09/08/2026 13:49:24;2026-08-09T11:49:24.239Z;Courses de lévriers;OK;4,6;4638
09/08/2026 14:02:12;2026-08-09T12:02:12.948Z;Courses hippiques (PMU);OK;4,8;4794
09/08/2026 14:02:12;2026-08-09T12:02:12.948Z;Courses de lévriers;OK;4,7;4737
09/08/2026 14:13:29;2026-08-09T12:13:29.229Z;Courses hippiques (PMU);OK;3,9;3881
09/08/2026 14:13:29;2026-08-09T12:13:29.229Z;Courses de lévriers;OK;3,2;3196
09/08/2026 14:25:21;2026-08-09T12:25:21.206Z;Courses hippiques (PMU);OK;3,9;3905
09/08/2026 14:25:21;2026-08-09T12:25:21.206Z;Courses de lévriers;OK;3,9;3920
09/08/2026 14:37:31;2026-08-09T12:37:31.004Z;Courses hippiques (PMU);OK;4,3;4263
09/08/2026 14:37:31;2026-08-09T12:37:31.004Z;Courses de lévriers;OK;4,6;4571
09/08/2026 14:49:18;2026-08-09T12:49:18.184Z;Courses hippiques (PMU);OK;3,6;3593
09/08/2026 14:49:18;2026-08-09T12:49:18.184Z;Courses de lévriers;OK;3,6;3600
09/08/2026 15:02:07;2026-08-09T13:02:07.933Z;Courses hippiques (PMU);OK;4,2;4187
09/08/2026 15:02:07;2026-08-09T13:02:07.933Z;Courses de lévriers;OK;4,4;4370
09/08/2026 15:13:46;2026-08-09T13:13:46.332Z;Courses hippiques (PMU);OK;4,1;4112
09/08/2026 15:13:46;2026-08-09T13:13:46.332Z;Courses de lévriers;OK;4,4;4434
09/08/2026 15:17:46;2026-08-09T13:17:46.513Z;Courses hippiques (PMU);OK;4,7;4664
09/08/2026 15:17:46;2026-08-09T13:17:46.513Z;Courses de lévriers;OK;6,0;6041
09/08/2026 15:25:25;2026-08-09T13:25:25.342Z;Courses hippiques (PMU);ECHEC;4,0;3969
09/08/2026 15:25:25;2026-08-09T13:25:25.342Z;Courses de lévriers;OK;4,3;4319
09/08/2026 15:37:26;2026-08-09T13:37:26.051Z;Courses hippiques (PMU);OK;5,1;5117
09/08/2026 15:37:26;2026-08-09T13:37:26.051Z;Courses de lévriers;OK;5,2;5154
09/08/2026 15:49:30;2026-08-09T13:49:30.417Z;Courses hippiques (PMU);OK;5,2;5227
09/08/2026 15:49:30;2026-08-09T13:49:30.417Z;Courses de lévriers;OK;6,0;5986
09/08/2026 16:02:04;2026-08-09T14:02:04.373Z;Courses hippiques (PMU);ECHEC;7,7;7693
09/08/2026 16:02:04;2026-08-09T14:02:04.373Z;Courses de lévriers;OK;4,8;4819
09/08/2026 16:13:25;2026-08-09T14:13:25.098Z;Courses hippiques (PMU);ECHEC;6,0;6034
09/08/2026 16:13:25;2026-08-09T14:13:25.098Z;Courses de lévriers;OK;4,8;4796
09/08/2026 16:25:20;2026-08-09T14:25:20.988Z;Courses hippiques (PMU);OK;5,1;5127
09/08/2026 16:25:20;2026-08-09T14:25:20.988Z;Courses de lévriers;OK;4,7;4706
09/08/2026 16:37:31;2026-08-09T14:37:31.911Z;Courses hippiques (PMU);OK;4,1;4098
09/08/2026 16:37:31;2026-08-09T14:37:31.911Z;Courses de lévriers;OK;4,8;4752
09/08/2026 16:49:19;2026-08-09T14:49:19.900Z;Courses hippiques (PMU);OK;4,0;4025
09/08/2026 16:49:19;2026-08-09T14:49:19.900Z;Courses de lévriers;OK;4,4;4367
09/08/2026 17:01:56;2026-08-09T15:01:56.510Z;Courses hippiques (PMU);OK;5,0;4999
09/08/2026 17:01:56;2026-08-09T15:01:56.510Z;Courses de lévriers;OK;5,3;5277
09/08/2026 17:13:24;2026-08-09T15:13:24.766Z;Courses hippiques (PMU);ECHEC;3,6;3601
09/08/2026 17:13:24;2026-08-09T15:13:24.766Z;Courses de lévriers;OK;4,3;4343
09/08/2026 17:25:25;2026-08-09T15:25:25.219Z;Courses hippiques (PMU);OK;4,8;4781
09/08/2026 17:25:25;2026-08-09T15:25:25.219Z;Courses de lévriers;OK;4,5;4477
09/08/2026 17:37:22;2026-08-09T15:37:22.819Z;Courses hippiques (PMU);OK;4,1;4106
09/08/2026 17:37:22;2026-08-09T15:37:22.819Z;Courses de lévriers;OK;4,4;4361
09/08/2026 17:48:47;2026-08-09T15:48:47.928Z;Courses hippiques (PMU);OK;3,7;3720
09/08/2026 17:48:47;2026-08-09T15:48:47.928Z;Courses de lévriers;OK;4,3;4340
09/08/2026 18:02:05;2026-08-09T16:02:05.582Z;Courses hippiques (PMU);OK;5,9;5888
09/08/2026 18:02:05;2026-08-09T16:02:05.582Z;Courses de lévriers;OK;5,0;5045
09/08/2026 18:13:35;2026-08-09T16:13:35.341Z;Courses hippiques (PMU);OK;5,1;5083
09/08/2026 18:13:35;2026-08-09T16:13:35.341Z;Courses de lévriers;OK;4,6;4643
09/08/2026 18:25:22;2026-08-09T16:25:22.124Z;Courses hippiques (PMU);OK;4,4;4431
09/08/2026 18:25:22;2026-08-09T16:25:22.124Z;Courses de lévriers;OK;5,5;5512
09/08/2026 18:37:19;2026-08-09T16:37:19.193Z;Courses hippiques (PMU);OK;4,8;4842
09/08/2026 18:37:19;2026-08-09T16:37:19.193Z;Courses de lévriers;OK;4,3;4348
09/08/2026 18:49:21;2026-08-09T16:49:21.738Z;Courses hippiques (PMU);OK;5,3;5263
09/08/2026 18:49:21;2026-08-09T16:49:21.738Z;Courses de lévriers;OK;6,2;6212
09/08/2026 19:02:09;2026-08-09T17:02:09.336Z;Courses hippiques (PMU);OK;6,4;6362
09/08/2026 19:02:09;2026-08-09T17:02:09.336Z;Courses de lévriers;OK;4,8;4844
09/08/2026 19:13:16;2026-08-09T17:13:16.567Z;Courses hippiques (PMU);OK;4,0;4046
09/08/2026 19:13:16;2026-08-09T17:13:16.567Z;Courses de lévriers;OK;4,7;4682
09/08/2026 19:25:25;2026-08-09T17:25:25.420Z;Courses hippiques (PMU);OK;4,3;4277
09/08/2026 19:25:25;2026-08-09T17:25:25.420Z;Courses de lévriers;OK;4,8;4765
09/08/2026 19:37:27;2026-08-09T17:37:27.687Z;Courses hippiques (PMU);OK;4,5;4550
09/08/2026 19:37:27;2026-08-09T17:37:27.687Z;Courses de lévriers;OK;4,6;4629
09/08/2026 19:49:22;2026-08-09T17:49:22.414Z;Courses hippiques (PMU);OK;3,5;3453
09/08/2026 19:49:22;2026-08-09T17:49:22.414Z;Courses de lévriers;OK;3,8;3838
09/08/2026 20:01:46;2026-08-09T18:01:46.229Z;Courses hippiques (PMU);OK;3,9;3883
09/08/2026 20:01:46;2026-08-09T18:01:46.229Z;Courses de lévriers;OK;4,3;4326
09/08/2026 20:13:24;2026-08-09T18:13:24.418Z;Courses hippiques (PMU);OK;4,8;4799
09/08/2026 20:13:24;2026-08-09T18:13:24.418Z;Courses de lévriers;OK;4,8;4785
09/08/2026 20:25:16;2026-08-09T18:25:16.868Z;Courses hippiques (PMU);OK;3,9;3878
09/08/2026 20:25:16;2026-08-09T18:25:16.868Z;Courses de lévriers;OK;4,5;4452
09/08/2026 20:37:24;2026-08-09T18:37:24.483Z;Courses hippiques (PMU);OK;3,8;3787
09/08/2026 20:37:24;2026-08-09T18:37:24.483Z;Courses de lévriers;OK;4,5;4549
09/08/2026 20:49:22;2026-08-09T18:49:22.368Z;Courses hippiques (PMU);OK;5,3;5258
09/08/2026 20:49:22;2026-08-09T18:49:22.368Z;Courses de lévriers;OK;5,6;5609
09/08/2026 21:01:54;2026-08-09T19:01:54.538Z;Courses hippiques (PMU);OK;3,8;3793
09/08/2026 21:01:54;2026-08-09T19:01:54.538Z;Courses de lévriers;OK;4,3;4295
09/08/2026 21:03:43;2026-08-09T19:03:43.353Z;Courses hippiques (PMU);OK;5,0;5037
09/08/2026 21:03:43;2026-08-09T19:03:43.353Z;Courses de lévriers;OK;6,5;6542
09/08/2026 21:13:27;2026-08-09T19:13:27.102Z;Courses hippiques (PMU);OK;5,1;5078
09/08/2026 21:13:27;2026-08-09T19:13:27.102Z;Courses de lévriers;OK;5,7;5670
09/08/2026 21:25:23;2026-08-09T19:25:23.417Z;Courses hippiques (PMU);OK;5,3;5257
09/08/2026 21:25:23;2026-08-09T19:25:23.417Z;Courses de lévriers;OK;5,4;5398
09/08/2026 21:37:36;2026-08-09T19:37:36.766Z;Courses hippiques (PMU);OK;5,3;5267
09/08/2026 21:37:36;2026-08-09T19:37:36.766Z;Courses de lévriers;OK;5,6;5581
09/08/2026 21:49:18;2026-08-09T19:49:18.602Z;Courses hippiques (PMU);OK;3,8;3755
09/08/2026 21:49:18;2026-08-09T19:49:18.602Z;Courses de lévriers;OK;4,6;4578
09/08/2026 22:01:44;2026-08-09T20:01:44.772Z;Courses hippiques (PMU);OK;3,9;3885
09/08/2026 22:01:44;2026-08-09T20:01:44.772Z;Courses de lévriers;OK;4,5;4476
09/08/2026 22:13:25;2026-08-09T20:13:25.025Z;Courses hippiques (PMU);OK;3,8;3843
09/08/2026 22:13:25;2026-08-09T20:13:25.025Z;Courses de lévriers;OK;4,3;4314
09/08/2026 22:25:16;2026-08-09T20:25:16.702Z;Courses hippiques (PMU);OK;4,0;3990
09/08/2026 22:25:16;2026-08-09T20:25:16.702Z;Courses de lévriers;OK;4,4;4369
09/08/2026 22:37:36;2026-08-09T20:37:36.523Z;Courses hippiques (PMU);OK;4,3;4300
09/08/2026 22:37:36;2026-08-09T20:37:36.523Z;Courses de lévriers;OK;4,6;4584
09/08/2026 22:49:19;2026-08-09T20:49:19.255Z;Courses hippiques (PMU);OK;3,7;3704
09/08/2026 22:49:19;2026-08-09T20:49:19.255Z;Courses de lévriers;OK;4,0;3991
09/08/2026 23:01:57;2026-08-09T21:01:57.479Z;Courses hippiques (PMU);OK;4,4;4359
09/08/2026 23:01:57;2026-08-09T21:01:57.479Z;Courses de lévriers;OK;4,7;4656
09/08/2026 23:13:22;2026-08-09T21:13:22.359Z;Courses hippiques (PMU);OK;4,1;4094
09/08/2026 23:13:22;2026-08-09T21:13:22.359Z;Courses de lévriers;OK;5,6;5567
09/08/2026 23:25:23;2026-08-09T21:25:23.188Z;Courses hippiques (PMU);OK;4,0;4049
09/08/2026 23:25:23;2026-08-09T21:25:23.188Z;Courses de lévriers;OK;4,6;4630
09/08/2026 23:37:29;2026-08-09T21:37:29.158Z;Courses hippiques (PMU);OK;3,9;3919
09/08/2026 23:37:29;2026-08-09T21:37:29.158Z;Courses de lévriers;OK;4,4;4396
09/08/2026 23:49:19;2026-08-09T21:49:19.832Z;Courses hippiques (PMU);OK;4,8;4757
09/08/2026 23:49:19;2026-08-09T21:49:19.832Z;Courses de lévriers;OK;4,8;4777
10/08/2026 04:36:40;2026-08-10T02:36:40.184Z;Courses hippiques (PMU);OK;2,0;2046
10/08/2026 04:36:40;2026-08-10T02:36:40.184Z;Courses de lévriers;OK;1,7;1659
10/08/2026 06:56:24;2026-08-10T04:56:24.982Z;Courses hippiques (PMU);OK;2,2;2214
10/08/2026 06:56:24;2026-08-10T04:56:24.982Z;Courses de lévriers;OK;1,4;1421
10/08/2026 08:01:53;2026-08-10T06:01:53.401Z;Courses hippiques (PMU);OK;2,3;2302
10/08/2026 08:01:53;2026-08-10T06:01:53.401Z;Courses de lévriers;OK;1,3;1252
10/08/2026 08:13:24;2026-08-10T06:13:24.654Z;Courses hippiques (PMU);OK;1,8;1755
10/08/2026 08:13:24;2026-08-10T06:13:24.654Z;Courses de lévriers;OK;1,5;1542
10/08/2026 08:25:13;2026-08-10T06:25:13.558Z;Courses hippiques (PMU);OK;2,6;2567
10/08/2026 08:25:13;2026-08-10T06:25:13.558Z;Courses de lévriers;OK;2,1;2103
10/08/2026 08:37:35;2026-08-10T06:37:35.281Z;Courses hippiques (PMU);ECHEC;20,3;20308
10/08/2026 08:37:35;2026-08-10T06:37:35.281Z;Courses de lévriers;OK;5,5;5550
10/08/2026 08:49:33;2026-08-10T06:49:33.513Z;Courses hippiques (PMU);ECHEC;20,3;20309
10/08/2026 08:49:33;2026-08-10T06:49:33.513Z;Courses de lévriers;OK;4,6;4584
10/08/2026 09:02:06;2026-08-10T07:02:06.398Z;Courses hippiques (PMU);OK;3,9;3867
10/08/2026 09:02:06;2026-08-10T07:02:06.398Z;Courses de lévriers;OK;4,5;4522
10/08/2026 09:13:34;2026-08-10T07:13:34.072Z;Courses hippiques (PMU);OK;4,6;4587
10/08/2026 09:13:34;2026-08-10T07:13:34.072Z;Courses de lévriers;OK;5,5;5494
10/08/2026 09:25:29;2026-08-10T07:25:29.151Z;Courses hippiques (PMU);OK;4,0;4024
10/08/2026 09:25:29;2026-08-10T07:25:29.151Z;Courses de lévriers;OK;4,7;4679
10/08/2026 09:37:21;2026-08-10T07:37:21.262Z;Courses hippiques (PMU);OK;4,5;4468
10/08/2026 09:37:21;2026-08-10T07:37:21.262Z;Courses de lévriers;OK;5,0;5025
10/08/2026 09:49:17;2026-08-10T07:49:17.275Z;Courses hippiques (PMU);OK;4,0;4022
10/08/2026 09:49:17;2026-08-10T07:49:17.275Z;Courses de lévriers;OK;4,4;4439
10/08/2026 10:02:13;2026-08-10T08:02:13.288Z;Courses hippiques (PMU);OK;3,9;3904
10/08/2026 10:02:13;2026-08-10T08:02:13.288Z;Courses de lévriers;OK;3,3;3283
10/08/2026 10:06:20;2026-08-10T08:06:20.558Z;Courses hippiques (PMU);OK;4,3;4282
10/08/2026 10:06:20;2026-08-10T08:06:20.558Z;Courses de lévriers;OK;5,7;5651
10/08/2026 10:13:20;2026-08-10T08:13:20.837Z;Courses hippiques (PMU);OK;3,5;3478
10/08/2026 10:13:20;2026-08-10T08:13:20.837Z;Courses de lévriers;OK;4,6;4633
10/08/2026 10:25:22;2026-08-10T08:25:22.493Z;Courses hippiques (PMU);OK;5,0;4987
10/08/2026 10:25:22;2026-08-10T08:25:22.493Z;Courses de lévriers;OK;5,6;5632
10/08/2026 10:37:27;2026-08-10T08:37:27.915Z;Courses hippiques (PMU);OK;4,4;4397
10/08/2026 10:37:27;2026-08-10T08:37:27.915Z;Courses de lévriers;OK;5,0;4983
10/08/2026 10:49:20;2026-08-10T08:49:20.305Z;Courses hippiques (PMU);OK;4,4;4353
10/08/2026 10:49:20;2026-08-10T08:49:20.305Z;Courses de lévriers;OK;5,1;5059
10/08/2026 11:02:09;2026-08-10T09:02:09.372Z;Courses hippiques (PMU);ECHEC;3,9;3864
10/08/2026 11:02:09;2026-08-10T09:02:09.372Z;Courses de lévriers;OK;5,1;5068
10/08/2026 11:13:20;2026-08-10T09:13:20.942Z;Courses hippiques (PMU);OK;5,0;4959
10/08/2026 11:13:20;2026-08-10T09:13:20.942Z;Courses de lévriers;OK;5,1;5099
10/08/2026 11:25:21;2026-08-10T09:25:21.430Z;Courses hippiques (PMU);OK;4,6;4608
10/08/2026 11:25:21;2026-08-10T09:25:21.430Z;Courses de lévriers;OK;5,1;5120
10/08/2026 11:37:24;2026-08-10T09:37:24.411Z;Courses hippiques (PMU);OK;5,2;5159
10/08/2026 11:37:24;2026-08-10T09:37:24.411Z;Courses de lévriers;OK;4,5;4465
10/08/2026 11:49:25;2026-08-10T09:49:25.674Z;Courses hippiques (PMU);OK;4,7;4722
10/08/2026 11:49:25;2026-08-10T09:49:25.674Z;Courses de lévriers;OK;4,9;4898
10/08/2026 12:01:54;2026-08-10T10:01:54.980Z;Courses hippiques (PMU);OK;4,4;4398
10/08/2026 12:01:54;2026-08-10T10:01:54.980Z;Courses de lévriers;OK;4,4;4392
10/08/2026 12:13:21;2026-08-10T10:13:21.800Z;Courses hippiques (PMU);OK;5,2;5164
10/08/2026 12:13:21;2026-08-10T10:13:21.800Z;Courses de lévriers;OK;4,3;4326
10/08/2026 12:25:26;2026-08-10T10:25:26.376Z;Courses hippiques (PMU);OK;5,1;5077
10/08/2026 12:25:26;2026-08-10T10:25:26.376Z;Courses de lévriers;OK;5,1;5124
10/08/2026 12:37:18;2026-08-10T10:37:18.539Z;Courses hippiques (PMU);OK;4,2;4179
10/08/2026 12:37:18;2026-08-10T10:37:18.539Z;Courses de lévriers;OK;5,4;5367
10/08/2026 12:49:32;2026-08-10T10:49:32.931Z;Courses hippiques (PMU);OK;4,8;4769
10/08/2026 12:49:32;2026-08-10T10:49:32.931Z;Courses de lévriers;OK;5,5;5520
10/08/2026 13:01:55;2026-08-10T11:01:55.754Z;Courses hippiques (PMU);ECHEC;4,1;4141
10/08/2026 13:01:55;2026-08-10T11:01:55.754Z;Courses de lévriers;OK;4,6;4600
10/08/2026 13:13:18;2026-08-10T11:13:18.917Z;Courses hippiques (PMU);OK;5,3;5310
10/08/2026 13:13:18;2026-08-10T11:13:18.917Z;Courses de lévriers;OK;4,3;4350
10/08/2026 13:25:27;2026-08-10T11:25:27.526Z;Courses hippiques (PMU);OK;5,2;5219
10/08/2026 13:25:27;2026-08-10T11:25:27.526Z;Courses de lévriers;OK;4,7;4671
10/08/2026 13:37:17;2026-08-10T11:37:17.150Z;Courses hippiques (PMU);OK;4,8;4814
10/08/2026 13:37:17;2026-08-10T11:37:17.150Z;Courses de lévriers;OK;4,4;4387
10/08/2026 13:49:27;2026-08-10T11:49:27.626Z;Courses hippiques (PMU);OK;5,6;5625
10/08/2026 13:49:27;2026-08-10T11:49:27.626Z;Courses de lévriers;OK;5,1;5062
10/08/2026 14:02:16;2026-08-10T12:02:16.314Z;Courses hippiques (PMU);OK;4,9;4891
10/08/2026 14:02:16;2026-08-10T12:02:16.314Z;Courses de lévriers;OK;8,1;8092
10/08/2026 14:13:27;2026-08-10T12:13:27.488Z;Courses hippiques (PMU);OK;5,0;5028
10/08/2026 14:13:27;2026-08-10T12:13:27.488Z;Courses de lévriers;OK;5,1;5098
10/08/2026 14:25:31;2026-08-10T12:25:31.971Z;Courses hippiques (PMU);OK;6,0;5975
10/08/2026 14:25:31;2026-08-10T12:25:31.971Z;Courses de lévriers;OK;5,1;5140
10/08/2026 14:37:40;2026-08-10T12:37:40.881Z;Courses hippiques (PMU);OK;6,8;6755
10/08/2026 14:37:40;2026-08-10T12:37:40.881Z;Courses de lévriers;OK;9,2;9200
10/08/2026 14:49:24;2026-08-10T12:49:24.370Z;Courses hippiques (PMU);OK;5,8;5801
10/08/2026 14:49:24;2026-08-10T12:49:24.370Z;Courses de lévriers;OK;4,4;4391
10/08/2026 15:01:49;2026-08-10T13:01:49.301Z;Courses hippiques (PMU);OK;4,7;4725
10/08/2026 15:01:49;2026-08-10T13:01:49.301Z;Courses de lévriers;OK;4,7;4671
10/08/2026 15:13:27;2026-08-10T13:13:27.268Z;Courses hippiques (PMU);OK;4,1;4096
10/08/2026 15:13:27;2026-08-10T13:13:27.268Z;Courses de lévriers;OK;4,4;4366
10/08/2026 15:25:26;2026-08-10T13:25:26.519Z;Courses hippiques (PMU);OK;6,0;5970
10/08/2026 15:25:26;2026-08-10T13:25:26.519Z;Courses de lévriers;OK;5,7;5699
10/08/2026 15:37:33;2026-08-10T13:37:33.617Z;Courses hippiques (PMU);OK;5,0;5045
10/08/2026 15:37:33;2026-08-10T13:37:33.617Z;Courses de lévriers;OK;4,7;4721
10/08/2026 15:47:06;2026-08-10T13:47:06.040Z;Courses hippiques (PMU);OK;5,1;5116
10/08/2026 15:47:06;2026-08-10T13:47:06.040Z;Courses de lévriers;OK;4,7;4651
10/08/2026 15:49:27;2026-08-10T13:49:27.159Z;Courses hippiques (PMU);OK;5,2;5194
10/08/2026 15:49:27;2026-08-10T13:49:27.159Z;Courses de lévriers;OK;4,7;4686
10/08/2026 16:01:52;2026-08-10T14:01:52.791Z;Courses hippiques (PMU);OK;4,2;4231
10/08/2026 16:01:52;2026-08-10T14:01:52.791Z;Courses de lévriers;OK;4,4;4389
10/08/2026 16:13:23;2026-08-10T14:13:23.320Z;Courses hippiques (PMU);OK;5,2;5217
10/08/2026 16:13:23;2026-08-10T14:13:23.320Z;Courses de lévriers;OK;5,1;5141
10/08/2026 16:25:31;2026-08-10T14:25:31.209Z;Courses hippiques (PMU);OK;5,1;5070
10/08/2026 16:25:31;2026-08-10T14:25:31.209Z;Courses de lévriers;OK;6,9;6902
10/08/2026 16:37:21;2026-08-10T14:37:21.229Z;Courses hippiques (PMU);OK;5,7;5749
10/08/2026 16:37:21;2026-08-10T14:37:21.229Z;Courses de lévriers;OK;4,6;4584
10/08/2026 16:49:20;2026-08-10T14:49:20.272Z;Courses hippiques (PMU);OK;5,1;5090
10/08/2026 16:49:20;2026-08-10T14:49:20.272Z;Courses de lévriers;OK;4,9;4937
10/08/2026 17:02:08;2026-08-10T15:02:08.934Z;Courses hippiques (PMU);OK;5,2;5174
10/08/2026 17:02:08;2026-08-10T15:02:08.934Z;Courses de lévriers;OK;5,6;5572
10/08/2026 17:13:33;2026-08-10T15:13:33.524Z;Courses hippiques (PMU);OK;5,0;4990
10/08/2026 17:13:33;2026-08-10T15:13:33.524Z;Courses de lévriers;OK;6,2;6179
10/08/2026 17:25:22;2026-08-10T15:25:22.910Z;Courses hippiques (PMU);OK;4,2;4174
10/08/2026 17:25:22;2026-08-10T15:25:22.910Z;Courses de lévriers;OK;4,4;4388
10/08/2026 17:37:25;2026-08-10T15:37:25.881Z;Courses hippiques (PMU);OK;4,3;4309
10/08/2026 17:37:25;2026-08-10T15:37:25.881Z;Courses de lévriers;OK;4,5;4549
10/08/2026 17:49:19;2026-08-10T15:49:19.102Z;Courses hippiques (PMU);OK;4,1;4127
10/08/2026 17:49:19;2026-08-10T15:49:19.102Z;Courses de lévriers;OK;4,3;4316
10/08/2026 18:01:55;2026-08-10T16:01:55.707Z;Courses hippiques (PMU);OK;4,7;4702
10/08/2026 18:01:55;2026-08-10T16:01:55.707Z;Courses de lévriers;OK;4,4;4411
10/08/2026 18:11:17;2026-08-10T16:11:17.228Z;Courses hippiques (PMU);OK;5,1;5097
10/08/2026 18:11:17;2026-08-10T16:11:17.228Z;Courses de lévriers;OK;5,8;5825
10/08/2026 18:13:27;2026-08-10T16:13:27.779Z;Courses hippiques (PMU);OK;6,3;6274
10/08/2026 18:13:27;2026-08-10T16:13:27.779Z;Courses de lévriers;OK;4,7;4659
10/08/2026 18:25:22;2026-08-10T16:25:22.151Z;Courses hippiques (PMU);OK;3,9;3902
10/08/2026 18:25:22;2026-08-10T16:25:22.151Z;Courses de lévriers;OK;5,3;5273
10/08/2026 18:37:28;2026-08-10T16:37:28.552Z;Courses hippiques (PMU);OK;6,0;5969
10/08/2026 18:37:28;2026-08-10T16:37:28.552Z;Courses de lévriers;OK;7,6;7602
10/08/2026 18:49:17;2026-08-10T16:49:17.636Z;Courses hippiques (PMU);OK;4,3;4263
10/08/2026 18:49:17;2026-08-10T16:49:17.636Z;Courses de lévriers;OK;5,3;5274
10/08/2026 19:01:51;2026-08-10T17:01:51.050Z;Courses hippiques (PMU);ECHEC;4,1;4062
10/08/2026 19:01:51;2026-08-10T17:01:51.050Z;Courses de lévriers;OK;5,6;5585
10/08/2026 19:13:19;2026-08-10T17:13:19.721Z;Courses hippiques (PMU);OK;4,5;4533
10/08/2026 19:13:19;2026-08-10T17:13:19.721Z;Courses de lévriers;OK;4,3;4321
10/08/2026 19:25:22;2026-08-10T17:25:22.605Z;Courses hippiques (PMU);OK;5,1;5075
10/08/2026 19:25:22;2026-08-10T17:25:22.605Z;Courses de lévriers;OK;4,3;4328
10/08/2026 19:37:31;2026-08-10T17:37:31.094Z;Courses hippiques (PMU);OK;5,3;5350
10/08/2026 19:37:31;2026-08-10T17:37:31.094Z;Courses de lévriers;OK;6,8;6754
10/08/2026 19:49:34;2026-08-10T17:49:34.941Z;Courses hippiques (PMU);OK;8,1;8113
10/08/2026 19:49:34;2026-08-10T17:49:34.941Z;Courses de lévriers;OK;5,6;5562
10/08/2026 20:01:55;2026-08-10T18:01:55.880Z;Courses hippiques (PMU);OK;5,2;5178
10/08/2026 20:01:55;2026-08-10T18:01:55.880Z;Courses de lévriers;OK;5,3;5320
10/08/2026 20:13:52;2026-08-10T18:13:52.114Z;Courses hippiques (PMU);OK;4,9;4870
10/08/2026 20:13:52;2026-08-10T18:13:52.114Z;Courses de lévriers;OK;4,7;4660
10/08/2026 20:25:24;2026-08-10T18:25:24.501Z;Courses hippiques (PMU);OK;4,8;4833
10/08/2026 20:25:24;2026-08-10T18:25:24.501Z;Courses de lévriers;OK;5,5;5452
10/08/2026 20:37:30;2026-08-10T18:37:30.978Z;Courses hippiques (PMU);OK;5,1;5062
10/08/2026 20:37:30;2026-08-10T18:37:30.978Z;Courses de lévriers;OK;6,0;6022
10/08/2026 20:49:23;2026-08-10T18:49:23.115Z;Courses hippiques (PMU);OK;5,0;4998
10/08/2026 20:49:23;2026-08-10T18:49:23.115Z;Courses de lévriers;OK;4,8;4765
10/08/2026 21:01:59;2026-08-10T19:01:59.242Z;Courses hippiques (PMU);OK;5,2;5188
10/08/2026 21:01:59;2026-08-10T19:01:59.242Z;Courses de lévriers;OK;5,8;5802
10/08/2026 21:13:29;2026-08-10T19:13:29.379Z;Courses hippiques (PMU);OK;4,9;4896
10/08/2026 21:13:29;2026-08-10T19:13:29.379Z;Courses de lévriers;OK;5,8;5797
10/08/2026 21:19:33;2026-08-10T19:19:33.886Z;Courses hippiques (PMU);OK;5,3;5323
10/08/2026 21:19:33;2026-08-10T19:19:33.886Z;Courses de lévriers;OK;5,6;5608
10/08/2026 21:25:27;2026-08-10T19:25:27.469Z;Courses hippiques (PMU);OK;5,6;5571
10/08/2026 21:25:27;2026-08-10T19:25:27.469Z;Courses de lévriers;OK;4,5;4486
10/08/2026 21:37:17;2026-08-10T19:37:17.994Z;Courses hippiques (PMU);OK;4,0;3993
10/08/2026 21:37:17;2026-08-10T19:37:17.994Z;Courses de lévriers;OK;5,9;5853
10/08/2026 21:49:21;2026-08-10T19:49:21.462Z;Courses hippiques (PMU);OK;5,1;5057
10/08/2026 21:49:21;2026-08-10T19:49:21.462Z;Courses de lévriers;OK;5,6;5624
10/08/2026 22:01:52;2026-08-10T20:01:52.275Z;Courses hippiques (PMU);OK;5,2;5248
10/08/2026 22:01:52;2026-08-10T20:01:52.275Z;Courses de lévriers;OK;4,8;4807
10/08/2026 22:13:24;2026-08-10T20:13:24.712Z;Courses hippiques (PMU);OK;5,0;5034
10/08/2026 22:13:24;2026-08-10T20:13:24.712Z;Courses de lévriers;OK;4,5;4507
10/08/2026 22:25:15;2026-08-10T20:25:15.309Z;Courses hippiques (PMU);OK;4,0;3956
10/08/2026 22:25:15;2026-08-10T20:25:15.309Z;Courses de lévriers;OK;4,4;4352
10/08/2026 22:37:27;2026-08-10T20:37:27.812Z;Courses hippiques (PMU);OK;4,8;4839
10/08/2026 22:37:27;2026-08-10T20:37:27.812Z;Courses de lévriers;OK;4,8;4809
10/08/2026 22:49:27;2026-08-10T20:49:27.538Z;Courses hippiques (PMU);OK;4,1;4134
10/08/2026 22:49:27;2026-08-10T20:49:27.538Z;Courses de lévriers;OK;5,7;5705
10/08/2026 23:01:55;2026-08-10T21:01:55.837Z;Courses hippiques (PMU);OK;4,2;4199
10/08/2026 23:01:55;2026-08-10T21:01:55.837Z;Courses de lévriers;OK;4,3;4277
10/08/2026 23:13:23;2026-08-10T21:13:23.168Z;Courses hippiques (PMU);OK;5,1;5111
10/08/2026 23:13:23;2026-08-10T21:13:23.168Z;Courses de lévriers;OK;5,7;5748
10/08/2026 23:25:24;2026-08-10T21:25:24.615Z;Courses hippiques (PMU);OK;5,1;5100
10/08/2026 23:25:24;2026-08-10T21:25:24.615Z;Courses de lévriers;OK;5,7;5705
10/08/2026 23:37:27;2026-08-10T21:37:27.140Z;Courses hippiques (PMU);OK;3,9;3877
10/08/2026 23:37:27;2026-08-10T21:37:27.140Z;Courses de lévriers;OK;4,8;4802
10/08/2026 23:49:16;2026-08-10T21:49:16.284Z;Courses hippiques (PMU);OK;5,8;5765
10/08/2026 23:49:16;2026-08-10T21:49:16.284Z;Courses de lévriers;OK;4,3;4271
11/08/2026 00:00:23;2026-08-10T22:00:23.093Z;Courses hippiques (PMU);OK;2,0;2042
11/08/2026 00:00:23;2026-08-10T22:00:23.093Z;Courses de lévriers;OK;1,8;1772
11/08/2026 04:29:54;2026-08-11T02:29:54.299Z;Courses hippiques (PMU);OK;2,3;2295
11/08/2026 04:29:54;2026-08-11T02:29:54.299Z;Courses de lévriers;OK;1,9;1937
11/08/2026 06:41:51;2026-08-11T04:41:51.017Z;Courses hippiques (PMU);OK;2,0;2036
11/08/2026 06:41:51;2026-08-11T04:41:51.017Z;Courses de lévriers;OK;2,8;2796
11/08/2026 08:02:00;2026-08-11T06:02:00.108Z;Courses hippiques (PMU);OK;2,6;2566
11/08/2026 08:02:00;2026-08-11T06:02:00.108Z;Courses de lévriers;OK;1,3;1338
11/08/2026 08:13:12;2026-08-11T06:13:12.405Z;Courses hippiques (PMU);OK;1,8;1848
11/08/2026 08:13:12;2026-08-11T06:13:12.405Z;Courses de lévriers;OK;1,3;1274
11/08/2026 08:25:14;2026-08-11T06:25:14.383Z;Courses hippiques (PMU);OK;1,9;1899
11/08/2026 08:25:14;2026-08-11T06:25:14.383Z;Courses de lévriers;OK;1,3;1303
11/08/2026 08:37:49;2026-08-11T06:37:49.506Z;Courses hippiques (PMU);ECHEC;21,0;20999
11/08/2026 08:37:49;2026-08-11T06:37:49.506Z;Courses de lévriers;OK;4,6;4598
11/08/2026 08:49:24;2026-08-11T06:49:24.868Z;Courses hippiques (PMU);OK;4,2;4186
11/08/2026 08:49:24;2026-08-11T06:49:24.868Z;Courses de lévriers;OK;4,6;4566
11/08/2026 09:01:50;2026-08-11T07:01:50.336Z;Courses hippiques (PMU);OK;4,9;4869
11/08/2026 09:01:50;2026-08-11T07:01:50.336Z;Courses de lévriers;OK;4,5;4489
11/08/2026 09:13:26;2026-08-11T07:13:26.044Z;Courses hippiques (PMU);OK;5,3;5292
11/08/2026 09:13:26;2026-08-11T07:13:26.044Z;Courses de lévriers;OK;4,4;4358
11/08/2026 09:25:25;2026-08-11T07:25:25.709Z;Courses hippiques (PMU);OK;5,3;5317
11/08/2026 09:25:25;2026-08-11T07:25:25.709Z;Courses de lévriers;OK;5,2;5220
11/08/2026 09:37:24;2026-08-11T07:37:24.556Z;Courses hippiques (PMU);OK;4,1;4109
11/08/2026 09:37:24;2026-08-11T07:37:24.556Z;Courses de lévriers;OK;4,4;4361
11/08/2026 09:40:02;2026-08-11T07:40:02.102Z;Courses hippiques (PMU);OK;5,0;5028
11/08/2026 09:40:02;2026-08-11T07:40:02.102Z;Courses de lévriers;OK;4,8;4780
11/08/2026 09:49:19;2026-08-11T07:49:19.612Z;Courses hippiques (PMU);OK;3,5;3482
11/08/2026 09:49:19;2026-08-11T07:49:19.612Z;Courses de lévriers;OK;3,5;3491
11/08/2026 10:01:53;2026-08-11T08:01:53.584Z;Courses hippiques (PMU);OK;5,2;5241
11/08/2026 10:01:53;2026-08-11T08:01:53.584Z;Courses de lévriers;OK;5,7;5677
11/08/2026 10:13:23;2026-08-11T08:13:23.544Z;Courses hippiques (PMU);OK;5,6;5588
11/08/2026 10:13:23;2026-08-11T08:13:23.544Z;Courses de lévriers;OK;4,8;4757
11/08/2026 10:25:27;2026-08-11T08:25:27.420Z;Courses hippiques (PMU);OK;5,4;5369
11/08/2026 10:25:27;2026-08-11T08:25:27.420Z;Courses de lévriers;OK;4,9;4894
11/08/2026 10:37:20;2026-08-11T08:37:20.544Z;Courses hippiques (PMU);OK;4,9;4931
11/08/2026 10:37:20;2026-08-11T08:37:20.544Z;Courses de lévriers;OK;4,4;4365
11/08/2026 10:49:30;2026-08-11T08:49:30.621Z;Courses hippiques (PMU);OK;5,1;5068
11/08/2026 10:49:30;2026-08-11T08:49:30.621Z;Courses de lévriers;OK;4,3;4329
11/08/2026 11:01:58;2026-08-11T09:01:58.360Z;Courses hippiques (PMU);OK;5,3;5344
11/08/2026 11:01:58;2026-08-11T09:01:58.360Z;Courses de lévriers;OK;4,7;4686
11/08/2026 11:13:40;2026-08-11T09:13:40.723Z;Courses hippiques (PMU);OK;3,8;3824
11/08/2026 11:13:40;2026-08-11T09:13:40.723Z;Courses de lévriers;OK;3,6;3640
11/08/2026 11:25:21;2026-08-11T09:25:21.598Z;Courses hippiques (PMU);OK;5,5;5492
11/08/2026 11:25:21;2026-08-11T09:25:21.598Z;Courses de lévriers;OK;5,6;5584
11/08/2026 11:37:28;2026-08-11T09:37:28.297Z;Courses hippiques (PMU);OK;4,3;4341
11/08/2026 11:37:28;2026-08-11T09:37:28.297Z;Courses de lévriers;OK;4,1;4105
11/08/2026 11:49:22;2026-08-11T09:49:22.838Z;Courses hippiques (PMU);OK;5,6;5591
11/08/2026 11:49:22;2026-08-11T09:49:22.838Z;Courses de lévriers;OK;6,0;5964
11/08/2026 12:01:56;2026-08-11T10:01:56.050Z;Courses hippiques (PMU);OK;4,9;4935
11/08/2026 12:01:56;2026-08-11T10:01:56.050Z;Courses de lévriers;OK;5,2;5183
11/08/2026 12:13:22;2026-08-11T10:13:22.783Z;Courses hippiques (PMU);OK;4,9;4943
11/08/2026 12:13:22;2026-08-11T10:13:22.783Z;Courses de lévriers;ECHEC;4,8;4835
11/08/2026 12:25:19;2026-08-11T10:25:19.025Z;Courses hippiques (PMU);OK;5,0;5049
11/08/2026 12:25:19;2026-08-11T10:25:19.025Z;Courses de lévriers;OK;4,5;4452
11/08/2026 12:37:23;2026-08-11T10:37:23.762Z;Courses hippiques (PMU);OK;5,3;5310
11/08/2026 12:37:23;2026-08-11T10:37:23.762Z;Courses de lévriers;OK;5,1;5142
11/08/2026 12:49:17;2026-08-11T10:49:17.490Z;Courses hippiques (PMU);OK;4,3;4334
11/08/2026 12:49:17;2026-08-11T10:49:17.490Z;Courses de lévriers;OK;4,7;4671
11/08/2026 13:01:53;2026-08-11T11:01:53.293Z;Courses hippiques (PMU);OK;10,8;10835
11/08/2026 13:01:53;2026-08-11T11:01:53.293Z;Courses de lévriers;OK;4,7;4675
11/08/2026 13:13:23;2026-08-11T11:13:23.924Z;Courses hippiques (PMU);OK;6,3;6267
11/08/2026 13:13:23;2026-08-11T11:13:23.924Z;Courses de lévriers;OK;5,6;5646
11/08/2026 13:25:34;2026-08-11T11:25:34.033Z;Courses hippiques (PMU);OK;7,4;7447
11/08/2026 13:25:34;2026-08-11T11:25:34.033Z;Courses de lévriers;OK;5,1;5147
11/08/2026 13:37:18;2026-08-11T11:37:18.820Z;Courses hippiques (PMU);OK;4,2;4219
11/08/2026 13:37:18;2026-08-11T11:37:18.820Z;Courses de lévriers;OK;3,8;3831
11/08/2026 13:49:17;2026-08-11T11:49:17.478Z;Courses hippiques (PMU);OK;4,9;4941
11/08/2026 13:49:17;2026-08-11T11:49:17.478Z;Courses de lévriers;OK;4,3;4309
11/08/2026 14:01:59;2026-08-11T12:01:59.731Z;Courses hippiques (PMU);OK;4,9;4924
11/08/2026 14:01:59;2026-08-11T12:01:59.731Z;Courses de lévriers;OK;4,6;4648
11/08/2026 14:13:22;2026-08-11T12:13:22.948Z;Courses hippiques (PMU);OK;5,4;5353
11/08/2026 14:13:22;2026-08-11T12:13:22.948Z;Courses de lévriers;OK;6,0;6008
11/08/2026 14:25:21;2026-08-11T12:25:21.971Z;Courses hippiques (PMU);OK;5,8;5837
11/08/2026 14:25:21;2026-08-11T12:25:21.971Z;Courses de lévriers;OK;4,7;4733
11/08/2026 14:37:37;2026-08-11T12:37:37.024Z;Courses hippiques (PMU);OK;5,2;5164
11/08/2026 14:37:37;2026-08-11T12:37:37.024Z;Courses de lévriers;OK;4,4;4379
11/08/2026 14:49:39;2026-08-11T12:49:39.348Z;Courses hippiques (PMU);OK;5,0;5036
11/08/2026 14:49:39;2026-08-11T12:49:39.348Z;Courses de lévriers;OK;5,0;4975
11/08/2026 15:02:04;2026-08-11T13:02:04.860Z;Courses hippiques (PMU);OK;5,2;5183
11/08/2026 15:02:04;2026-08-11T13:02:04.860Z;Courses de lévriers;OK;5,9;5863
11/08/2026 15:13:24;2026-08-11T13:13:24.131Z;Courses hippiques (PMU);OK;4,6;4641
11/08/2026 15:13:24;2026-08-11T13:13:24.131Z;Courses de lévriers;OK;4,4;4411
11/08/2026 15:25:26;2026-08-11T13:25:26.791Z;Courses hippiques (PMU);OK;6,3;6269
11/08/2026 15:25:26;2026-08-11T13:25:26.791Z;Courses de lévriers;OK;5,4;5380
11/08/2026 15:37:26;2026-08-11T13:37:26.141Z;Courses hippiques (PMU);OK;6,1;6101
11/08/2026 15:37:26;2026-08-11T13:37:26.141Z;Courses de lévriers;OK;4,9;4894
11/08/2026 15:45:24;2026-08-11T13:45:24.609Z;Courses hippiques (PMU);OK;6,5;6546
11/08/2026 15:45:24;2026-08-11T13:45:24.609Z;Courses de lévriers;OK;5,2;5180
11/08/2026 15:49:44;2026-08-11T13:49:44.373Z;Courses hippiques (PMU);OK;5,4;5370
11/08/2026 15:49:44;2026-08-11T13:49:44.373Z;Courses de lévriers;OK;5,6;5588
11/08/2026 16:01:57;2026-08-11T14:01:57.135Z;Courses hippiques (PMU);OK;5,9;5868
11/08/2026 16:01:57;2026-08-11T14:01:57.135Z;Courses de lévriers;OK;4,9;4858
11/08/2026 16:13:20;2026-08-11T14:13:20.229Z;Courses hippiques (PMU);OK;4,8;4777
11/08/2026 16:13:20;2026-08-11T14:13:20.229Z;Courses de lévriers;OK;5,7;5715
11/08/2026 16:25:34;2026-08-11T14:25:34.765Z;Courses hippiques (PMU);OK;4,3;4323
11/08/2026 16:25:34;2026-08-11T14:25:34.765Z;Courses de lévriers;OK;4,8;4757
11/08/2026 16:37:26;2026-08-11T14:37:26.388Z;Courses hippiques (PMU);OK;5,1;5132
11/08/2026 16:37:26;2026-08-11T14:37:26.388Z;Courses de lévriers;OK;4,6;4574
11/08/2026 16:49:22;2026-08-11T14:49:22.591Z;Courses hippiques (PMU);OK;5,9;5917
11/08/2026 16:49:22;2026-08-11T14:49:22.591Z;Courses de lévriers;OK;4,3;4324
11/08/2026 17:02:12;2026-08-11T15:02:12.084Z;Courses hippiques (PMU);OK;5,1;5083
11/08/2026 17:02:12;2026-08-11T15:02:12.084Z;Courses de lévriers;OK;4,8;4791
11/08/2026 17:13:27;2026-08-11T15:13:27.328Z;Courses hippiques (PMU);ECHEC;5,0;5026
11/08/2026 17:13:27;2026-08-11T15:13:27.328Z;Courses de lévriers;OK;5,6;5639
11/08/2026 17:26:39;2026-08-11T15:26:39.712Z;Courses hippiques (PMU);OK;5,1;5073
11/08/2026 17:26:39;2026-08-11T15:26:39.712Z;Courses de lévriers;OK;6,1;6114
11/08/2026 17:37:46;2026-08-11T15:37:46.431Z;Courses hippiques (PMU);ECHEC;6,1;6078
11/08/2026 17:37:46;2026-08-11T15:37:46.431Z;Courses de lévriers;OK;6,0;5967
11/08/2026 17:49:40;2026-08-11T15:49:40.731Z;Courses hippiques (PMU);OK;5,2;5210
11/08/2026 17:49:40;2026-08-11T15:49:40.731Z;Courses de lévriers;OK;4,9;4913
11/08/2026 18:01:49;2026-08-11T16:01:49.993Z;Courses hippiques (PMU);OK;4,6;4561
11/08/2026 18:01:49;2026-08-11T16:01:49.993Z;Courses de lévriers;OK;4,5;4546
11/08/2026 18:12:40;2026-08-11T16:12:40.610Z;Courses hippiques (PMU);OK;4,0;4036
11/08/2026 18:12:40;2026-08-11T16:12:40.610Z;Courses de lévriers;OK;4,4;4407
11/08/2026 18:25:29;2026-08-11T16:25:29.954Z;Courses hippiques (PMU);OK;5,2;5191
11/08/2026 18:25:29;2026-08-11T16:25:29.954Z;Courses de lévriers;OK;5,1;5075
11/08/2026 18:37:38;2026-08-11T16:37:38.189Z;Courses hippiques (PMU);OK;5,2;5227
11/08/2026 18:37:38;2026-08-11T16:37:38.189Z;Courses de lévriers;OK;5,9;5881
11/08/2026 18:49:17;2026-08-11T16:49:17.834Z;Courses hippiques (PMU);OK;5,3;5284
11/08/2026 18:49:17;2026-08-11T16:49:17.834Z;Courses de lévriers;OK;3,8;3811
11/08/2026 19:01:58;2026-08-11T17:01:58.761Z;Courses hippiques (PMU);OK;5,1;5119
11/08/2026 19:01:58;2026-08-11T17:01:58.761Z;Courses de lévriers;OK;4,8;4788
11/08/2026 19:13:17;2026-08-11T17:13:17.703Z;Courses hippiques (PMU);OK;4,2;4155
11/08/2026 19:13:17;2026-08-11T17:13:17.703Z;Courses de lévriers;OK;4,6;4600
11/08/2026 19:25:16;2026-08-11T17:25:16.489Z;Courses hippiques (PMU);OK;5,0;4978
11/08/2026 19:25:16;2026-08-11T17:25:16.489Z;Courses de lévriers;OK;4,3;4295
11/08/2026 19:37:17;2026-08-11T17:37:17.559Z;Courses hippiques (PMU);OK;4,9;4913
11/08/2026 19:37:17;2026-08-11T17:37:17.559Z;Courses de lévriers;OK;4,5;4478
11/08/2026 19:49:18;2026-08-11T17:49:18.300Z;Courses hippiques (PMU);OK;4,8;4792
11/08/2026 19:49:18;2026-08-11T17:49:18.300Z;Courses de lévriers;OK;4,6;4621
11/08/2026 20:01:56;2026-08-11T18:01:56.900Z;Courses hippiques (PMU);OK;5,2;5156
11/08/2026 20:01:56;2026-08-11T18:01:56.900Z;Courses de lévriers;OK;6,6;6600
11/08/2026 20:13:21;2026-08-11T18:13:21.719Z;Courses hippiques (PMU);OK;5,3;5314
11/08/2026 20:13:21;2026-08-11T18:13:21.719Z;Courses de lévriers;OK;5,6;5577
11/08/2026 20:25:38;2026-08-11T18:25:38.669Z;Courses hippiques (PMU);OK;4,7;4694
11/08/2026 20:25:38;2026-08-11T18:25:38.669Z;Courses de lévriers;OK;5,3;5254
11/08/2026 20:37:25;2026-08-11T18:37:25.990Z;Courses hippiques (PMU);OK;5,6;5596
11/08/2026 20:37:25;2026-08-11T18:37:25.990Z;Courses de lévriers;OK;4,8;4806
11/08/2026 20:49:23;2026-08-11T18:49:23.190Z;Courses hippiques (PMU);OK;5,2;5238
11/08/2026 20:49:23;2026-08-11T18:49:23.190Z;Courses de lévriers;OK;5,0;5027
11/08/2026 21:01:58;2026-08-11T19:01:58.445Z;Courses hippiques (PMU);OK;5,0;4973
11/08/2026 21:01:58;2026-08-11T19:01:58.445Z;Courses de lévriers;OK;4,4;4423
11/08/2026 21:13:17;2026-08-11T19:13:17.675Z;Courses hippiques (PMU);OK;5,0;4972
11/08/2026 21:13:17;2026-08-11T19:13:17.675Z;Courses de lévriers;OK;4,5;4495
11/08/2026 21:25:49;2026-08-11T19:25:49.339Z;Courses hippiques (PMU);OK;4,9;4939
11/08/2026 21:25:49;2026-08-11T19:25:49.339Z;Courses de lévriers;OK;4,8;4809
11/08/2026 21:27:45;2026-08-11T19:27:45.029Z;Courses hippiques (PMU);OK;6,6;6608
11/08/2026 21:27:45;2026-08-11T19:27:45.029Z;Courses de lévriers;OK;4,6;4608
11/08/2026 21:37:20;2026-08-11T19:37:20.554Z;Courses hippiques (PMU);ECHEC;4,5;4514
11/08/2026 21:37:20;2026-08-11T19:37:20.554Z;Courses de lévriers;OK;5,1;5089
11/08/2026 21:49:36;2026-08-11T19:49:36.262Z;Courses hippiques (PMU);OK;5,3;5323
11/08/2026 21:49:36;2026-08-11T19:49:36.262Z;Courses de lévriers;OK;4,7;4678
11/08/2026 22:01:52;2026-08-11T20:01:52.386Z;Courses hippiques (PMU);OK;5,8;5762
11/08/2026 22:01:52;2026-08-11T20:01:52.386Z;Courses de lévriers;OK;5,5;5495
11/08/2026 22:13:19;2026-08-11T20:13:19.595Z;Courses hippiques (PMU);OK;4,8;4775
11/08/2026 22:13:19;2026-08-11T20:13:19.595Z;Courses de lévriers;OK;5,6;5559
11/08/2026 22:25:26;2026-08-11T20:25:26.678Z;Courses hippiques (PMU);OK;5,2;5179
11/08/2026 22:25:26;2026-08-11T20:25:26.678Z;Courses de lévriers;OK;5,7;5736
11/08/2026 22:37:19;2026-08-11T20:37:19.591Z;Courses hippiques (PMU);OK;4,9;4889
11/08/2026 22:37:19;2026-08-11T20:37:19.591Z;Courses de lévriers;OK;4,6;4562
11/08/2026 22:49:23;2026-08-11T20:49:23.696Z;Courses hippiques (PMU);OK;5,5;5471
11/08/2026 22:49:23;2026-08-11T20:49:23.696Z;Courses de lévriers;OK;4,9;4937
11/08/2026 23:01:55;2026-08-11T21:01:55.533Z;Courses hippiques (PMU);OK;5,0;5004
11/08/2026 23:01:55;2026-08-11T21:01:55.533Z;Courses de lévriers;OK;4,9;4885
11/08/2026 23:13:24;2026-08-11T21:13:24.890Z;Courses hippiques (PMU);OK;5,4;5425
11/08/2026 23:13:24;2026-08-11T21:13:24.890Z;Courses de lévriers;OK;4,7;4673
11/08/2026 23:25:19;2026-08-11T21:25:19.148Z;Courses hippiques (PMU);OK;5,1;5051
11/08/2026 23:25:19;2026-08-11T21:25:19.148Z;Courses de lévriers;OK;4,7;4728
11/08/2026 23:37:19;2026-08-11T21:37:19.460Z;Courses hippiques (PMU);OK;5,1;5104
11/08/2026 23:37:19;2026-08-11T21:37:19.460Z;Courses de lévriers;OK;4,7;4673
11/08/2026 23:49:22;2026-08-11T21:49:22.701Z;Courses hippiques (PMU);OK;4,3;4283
11/08/2026 23:49:22;2026-08-11T21:49:22.701Z;Courses de lévriers;OK;4,8;4763
12/08/2026 00:06:39;2026-08-11T22:06:39.628Z;Courses hippiques (PMU);OK;1,7;1705
12/08/2026 00:06:39;2026-08-11T22:06:39.628Z;Courses de lévriers;OK;2,4;2444
12/08/2026 04:47:37;2026-08-12T02:47:37.786Z;Courses hippiques (PMU);OK;3,1;3130
12/08/2026 04:47:37;2026-08-12T02:47:37.786Z;Courses de lévriers;OK;1,3;1342
12/08/2026 07:05:27;2026-08-12T05:05:27.735Z;Courses hippiques (PMU);OK;1,8;1841
12/08/2026 07:05:27;2026-08-12T05:05:27.735Z;Courses de lévriers;OK;1,6;1629
12/08/2026 08:01:53;2026-08-12T06:01:53.907Z;Courses hippiques (PMU);OK;1,7;1742
12/08/2026 08:01:53;2026-08-12T06:01:53.907Z;Courses de lévriers;OK;1,3;1260
12/08/2026 08:13:26;2026-08-12T06:13:26.492Z;Courses hippiques (PMU);OK;2,3;2261
12/08/2026 08:13:26;2026-08-12T06:13:26.492Z;Courses de lévriers;OK;1,8;1812
12/08/2026 08:25:18;2026-08-12T06:25:18.441Z;Courses hippiques (PMU);OK;3,3;3278
12/08/2026 08:25:18;2026-08-12T06:25:18.441Z;Courses de lévriers;OK;1,7;1653
12/08/2026 08:37:33;2026-08-12T06:37:33.279Z;Courses hippiques (PMU);ECHEC;3,8;3792
12/08/2026 08:37:33;2026-08-12T06:37:33.279Z;Courses de lévriers;OK;3,4;3382
12/08/2026 08:49:16;2026-08-12T06:49:16.341Z;Courses hippiques (PMU);OK;4,9;4905
12/08/2026 08:49:16;2026-08-12T06:49:16.341Z;Courses de lévriers;OK;5,0;4972
12/08/2026 09:01:57;2026-08-12T07:01:57.292Z;Courses hippiques (PMU);OK;4,8;4803
12/08/2026 09:01:57;2026-08-12T07:01:57.292Z;Courses de lévriers;OK;4,5;4548
12/08/2026 09:13:32;2026-08-12T07:13:32.139Z;Courses hippiques (PMU);OK;3,5;3517
12/08/2026 09:13:32;2026-08-12T07:13:32.139Z;Courses de lévriers;OK;3,6;3566
12/08/2026 09:25:15;2026-08-12T07:25:15.003Z;Courses hippiques (PMU);OK;3,9;3913
12/08/2026 09:25:15;2026-08-12T07:25:15.003Z;Courses de lévriers;OK;4,4;4425
12/08/2026 09:37:30;2026-08-12T07:37:30.843Z;Courses hippiques (PMU);OK;4,3;4287
12/08/2026 09:37:30;2026-08-12T07:37:30.843Z;Courses de lévriers;OK;5,6;5615
12/08/2026 09:49:22;2026-08-12T07:49:22.114Z;Courses hippiques (PMU);OK;2,8;2822
12/08/2026 09:49:22;2026-08-12T07:49:22.114Z;Courses de lévriers;OK;3,4;3388
12/08/2026 09:54:59;2026-08-12T07:54:59.680Z;Courses hippiques (PMU);OK;4,5;4513
12/08/2026 09:54:59;2026-08-12T07:54:59.680Z;Courses de lévriers;OK;4,8;4763
12/08/2026 10:02:00;2026-08-12T08:02:00.159Z;Courses hippiques (PMU);OK;5,0;5026
12/08/2026 10:02:00;2026-08-12T08:02:00.159Z;Courses de lévriers;OK;5,7;5679
12/08/2026 10:13:23;2026-08-12T08:13:23.755Z;Courses hippiques (PMU);OK;4,7;4749
12/08/2026 10:13:23;2026-08-12T08:13:23.755Z;Courses de lévriers;OK;5,9;5912
12/08/2026 10:25:21;2026-08-12T08:25:21.345Z;Courses hippiques (PMU);OK;4,5;4505
12/08/2026 10:25:21;2026-08-12T08:25:21.345Z;Courses de lévriers;OK;6,1;6068
12/08/2026 10:37:21;2026-08-12T08:37:21.690Z;Courses hippiques (PMU);OK;4,5;4491
12/08/2026 10:37:21;2026-08-12T08:37:21.690Z;Courses de lévriers;OK;5,6;5610
12/08/2026 10:49:23;2026-08-12T08:49:23.957Z;Courses hippiques (PMU);OK;4,8;4783
12/08/2026 10:49:23;2026-08-12T08:49:23.957Z;Courses de lévriers;OK;5,8;5779
12/08/2026 11:01:53;2026-08-12T09:01:53.318Z;Courses hippiques (PMU);OK;4,7;4720
12/08/2026 11:01:53;2026-08-12T09:01:53.318Z;Courses de lévriers;OK;4,8;4772
12/08/2026 11:13:29;2026-08-12T09:13:29.676Z;Courses hippiques (PMU);OK;5,6;5595
12/08/2026 11:13:29;2026-08-12T09:13:29.676Z;Courses de lévriers;OK;5,7;5705
12/08/2026 11:25:23;2026-08-12T09:25:23.042Z;Courses hippiques (PMU);OK;4,7;4719
12/08/2026 11:25:23;2026-08-12T09:25:23.042Z;Courses de lévriers;OK;4,6;4617
12/08/2026 11:37:30;2026-08-12T09:37:30.635Z;Courses hippiques (PMU);OK;4,5;4516
12/08/2026 11:37:30;2026-08-12T09:37:30.635Z;Courses de lévriers;OK;5,2;5155
12/08/2026 11:49:15;2026-08-12T09:49:15.945Z;Courses hippiques (PMU);OK;3,6;3643
12/08/2026 11:49:15;2026-08-12T09:49:15.945Z;Courses de lévriers;OK;4,5;4502
12/08/2026 12:02:13;2026-08-12T10:02:13.270Z;Courses hippiques (PMU);OK;5,1;5099
12/08/2026 12:02:13;2026-08-12T10:02:13.270Z;Courses de lévriers;OK;5,6;5564
12/08/2026 12:13:33;2026-08-12T10:13:33.554Z;Courses hippiques (PMU);OK;5,0;5033
12/08/2026 12:13:33;2026-08-12T10:13:33.554Z;Courses de lévriers;OK;4,7;4725
12/08/2026 12:25:17;2026-08-12T10:25:17.043Z;Courses hippiques (PMU);OK;3,1;3139
12/08/2026 12:25:17;2026-08-12T10:25:17.043Z;Courses de lévriers;OK;3,7;3708
12/08/2026 12:28:46;2026-08-12T10:28:46.495Z;Courses hippiques (PMU);OK;4,0;3970
12/08/2026 12:28:46;2026-08-12T10:28:46.495Z;Courses de lévriers;OK;3,6;3579
12/08/2026 12:37:23;2026-08-12T10:37:23.892Z;Courses hippiques (PMU);OK;4,4;4375
12/08/2026 12:37:23;2026-08-12T10:37:23.892Z;Courses de lévriers;OK;6,4;6427
12/08/2026 12:49:38;2026-08-12T10:49:38.818Z;Courses hippiques (PMU);OK;4,2;4210
12/08/2026 12:49:38;2026-08-12T10:49:38.818Z;Courses de lévriers;OK;5,7;5653
12/08/2026 13:01:53;2026-08-12T11:01:53.478Z;Courses hippiques (PMU);OK;4,2;4239
12/08/2026 13:01:53;2026-08-12T11:01:53.478Z;Courses de lévriers;OK;4,4;4434
12/08/2026 13:13:34;2026-08-12T11:13:34.668Z;Courses hippiques (PMU);OK;5,0;5024
12/08/2026 13:13:34;2026-08-12T11:13:34.668Z;Courses de lévriers;OK;4,8;4839
12/08/2026 13:25:21;2026-08-12T11:25:21.884Z;Courses hippiques (PMU);OK;4,8;4789
12/08/2026 13:25:21;2026-08-12T11:25:21.884Z;Courses de lévriers;OK;5,9;5882
12/08/2026 13:37:19;2026-08-12T11:37:19.017Z;Courses hippiques (PMU);OK;3,3;3287
12/08/2026 13:37:19;2026-08-12T11:37:19.017Z;Courses de lévriers;OK;3,8;3783
12/08/2026 13:49:18;2026-08-12T11:49:18.769Z;Courses hippiques (PMU);OK;4,1;4085
12/08/2026 13:49:18;2026-08-12T11:49:18.769Z;Courses de lévriers;OK;4,6;4630
12/08/2026 14:01:50;2026-08-12T12:01:50.977Z;Courses hippiques (PMU);OK;4,4;4394
12/08/2026 14:01:50;2026-08-12T12:01:50.977Z;Courses de lévriers;OK;5,2;5164
12/08/2026 14:13:17;2026-08-12T12:13:17.086Z;Courses hippiques (PMU);OK;4,6;4558
12/08/2026 14:13:17;2026-08-12T12:13:17.086Z;Courses de lévriers;OK;4,5;4459
12/08/2026 14:25:35;2026-08-12T12:25:35.458Z;Courses hippiques (PMU);ECHEC;4,0;4023
12/08/2026 14:25:35;2026-08-12T12:25:35.458Z;Courses de lévriers;OK;5,6;5606
12/08/2026 14:37:27;2026-08-12T12:37:27.193Z;Courses hippiques (PMU);OK;5,3;5266
12/08/2026 14:37:27;2026-08-12T12:37:27.193Z;Courses de lévriers;OK;5,5;5496
12/08/2026 14:49:27;2026-08-12T12:49:27.911Z;Courses hippiques (PMU);ECHEC;4,6;4628
12/08/2026 14:49:27;2026-08-12T12:49:27.911Z;Courses de lévriers;OK;4,7;4669
12/08/2026 15:01:52;2026-08-12T13:01:52.545Z;Courses hippiques (PMU);OK;5,2;5180
12/08/2026 15:01:52;2026-08-12T13:01:52.545Z;Courses de lévriers;OK;5,0;4981
12/08/2026 15:13:20;2026-08-12T13:13:20.355Z;Courses hippiques (PMU);OK;4,8;4816
12/08/2026 15:13:20;2026-08-12T13:13:20.355Z;Courses de lévriers;OK;5,1;5111
12/08/2026 15:25:38;2026-08-12T13:25:38.451Z;Courses hippiques (PMU);OK;5,1;5106
12/08/2026 15:25:38;2026-08-12T13:25:38.451Z;Courses de lévriers;OK;5,7;5721
12/08/2026 15:37:16;2026-08-12T13:37:16.642Z;Courses hippiques (PMU);OK;4,2;4172
12/08/2026 15:37:16;2026-08-12T13:37:16.642Z;Courses de lévriers;OK;4,6;4561
12/08/2026 15:49:31;2026-08-12T13:49:31.888Z;Courses hippiques (PMU);OK;4,8;4843
12/08/2026 15:49:31;2026-08-12T13:49:31.888Z;Courses de lévriers;OK;7,0;7039
12/08/2026 15:50:39;2026-08-12T13:50:39.686Z;Courses hippiques (PMU);OK;5,4;5409
12/08/2026 15:50:39;2026-08-12T13:50:39.686Z;Courses de lévriers;OK;6,8;6774
12/08/2026 16:01:53;2026-08-12T14:01:53.313Z;Courses hippiques (PMU);OK;4,2;4224
12/08/2026 16:01:53;2026-08-12T14:01:53.313Z;Courses de lévriers;OK;5,1;5133
12/08/2026 16:13:37;2026-08-12T14:13:37.057Z;Courses hippiques (PMU);ECHEC;5,7;5666
12/08/2026 16:13:37;2026-08-12T14:13:37.057Z;Courses de lévriers;OK;5,7;5655
12/08/2026 16:25:27;2026-08-12T14:25:27.198Z;Courses hippiques (PMU);OK;4,5;4451
12/08/2026 16:25:27;2026-08-12T14:25:27.198Z;Courses de lévriers;OK;6,1;6088
12/08/2026 16:37:34;2026-08-12T14:37:34.123Z;Courses hippiques (PMU);ECHEC;4,2;4229
12/08/2026 16:37:34;2026-08-12T14:37:34.123Z;Courses de lévriers;OK;5,4;5447
12/08/2026 16:49:17;2026-08-12T14:49:17.602Z;Courses hippiques (PMU);OK;4,9;4935
12/08/2026 16:49:17;2026-08-12T14:49:17.602Z;Courses de lévriers;OK;4,9;4898
12/08/2026 17:01:56;2026-08-12T15:01:56.622Z;Courses hippiques (PMU);OK;4,2;4215
12/08/2026 17:01:56;2026-08-12T15:01:56.622Z;Courses de lévriers;OK;5,1;5121
12/08/2026 17:13:35;2026-08-12T15:13:35.719Z;Courses hippiques (PMU);OK;4,3;4286
12/08/2026 17:13:35;2026-08-12T15:13:35.719Z;Courses de lévriers;OK;5,1;5123
12/08/2026 17:25:31;2026-08-12T15:25:31.572Z;Courses hippiques (PMU);OK;5,2;5179
12/08/2026 17:25:31;2026-08-12T15:25:31.572Z;Courses de lévriers;OK;6,3;6268
12/08/2026 17:37:42;2026-08-12T15:37:42.313Z;Courses hippiques (PMU);OK;4,9;4932
12/08/2026 17:37:42;2026-08-12T15:37:42.313Z;Courses de lévriers;OK;5,6;5624
12/08/2026 17:49:16;2026-08-12T15:49:16.420Z;Courses hippiques (PMU);OK;3,1;3059
12/08/2026 17:49:16;2026-08-12T15:49:16.420Z;Courses de lévriers;OK;3,6;3621
12/08/2026 18:02:11;2026-08-12T16:02:11.296Z;Courses hippiques (PMU);OK;3,9;3885
12/08/2026 18:02:11;2026-08-12T16:02:11.296Z;Courses de lévriers;OK;5,6;5586
12/08/2026 18:11:34;2026-08-12T16:11:34.913Z;Courses hippiques (PMU);OK;3,4;3431
12/08/2026 18:11:34;2026-08-12T16:11:34.913Z;Courses de lévriers;OK;5,6;5617
12/08/2026 18:13:47;2026-08-12T16:13:47.910Z;Courses hippiques (PMU);OK;7,4;7365
12/08/2026 18:13:47;2026-08-12T16:13:47.910Z;Courses de lévriers;OK;5,7;5709
12/08/2026 18:25:21;2026-08-12T16:25:21.788Z;Courses hippiques (PMU);OK;5,0;4985
12/08/2026 18:25:21;2026-08-12T16:25:21.788Z;Courses de lévriers;OK;5,6;5646
12/08/2026 18:37:25;2026-08-12T16:37:25.264Z;Courses hippiques (PMU);ECHEC;4,1;4122
12/08/2026 18:37:25;2026-08-12T16:37:25.264Z;Courses de lévriers;OK;5,4;5389
12/08/2026 18:49:35;2026-08-12T16:49:35.489Z;Courses hippiques (PMU);OK;5,9;5903
12/08/2026 18:49:35;2026-08-12T16:49:35.489Z;Courses de lévriers;OK;5,0;5001
12/08/2026 19:01:55;2026-08-12T17:01:55.006Z;Courses hippiques (PMU);OK;5,1;5067
12/08/2026 19:01:55;2026-08-12T17:01:55.006Z;Courses de lévriers;OK;5,0;5016
12/08/2026 19:13:26;2026-08-12T17:13:26.354Z;Courses hippiques (PMU);OK;4,2;4183
12/08/2026 19:13:26;2026-08-12T17:13:26.354Z;Courses de lévriers;OK;5,6;5602
12/08/2026 19:25:17;2026-08-12T17:25:17.442Z;Courses hippiques (PMU);OK;5,0;4971
12/08/2026 19:25:17;2026-08-12T17:25:17.442Z;Courses de lévriers;OK;4,8;4773
12/08/2026 19:37:22;2026-08-12T17:37:22.545Z;Courses hippiques (PMU);OK;5,1;5070
12/08/2026 19:37:22;2026-08-12T17:37:22.545Z;Courses de lévriers;OK;4,5;4473
12/08/2026 19:49:33;2026-08-12T17:49:33.945Z;Courses hippiques (PMU);OK;5,0;5035
12/08/2026 19:49:33;2026-08-12T17:49:33.945Z;Courses de lévriers;OK;5,0;5035
12/08/2026 20:01:53;2026-08-12T18:01:53.130Z;Courses hippiques (PMU);OK;4,0;4010
12/08/2026 20:01:53;2026-08-12T18:01:53.130Z;Courses de lévriers;OK;4,4;4373
12/08/2026 20:13:32;2026-08-12T18:13:32.601Z;Courses hippiques (PMU);OK;6,5;6479
12/08/2026 20:13:32;2026-08-12T18:13:32.601Z;Courses de lévriers;OK;5,8;5780
12/08/2026 20:25:25;2026-08-12T18:25:25.233Z;Courses hippiques (PMU);OK;5,1;5090
12/08/2026 20:25:25;2026-08-12T18:25:25.233Z;Courses de lévriers;OK;5,5;5473
12/08/2026 20:37:26;2026-08-12T18:37:26.270Z;Courses hippiques (PMU);OK;5,1;5103
12/08/2026 20:37:26;2026-08-12T18:37:26.270Z;Courses de lévriers;OK;5,9;5925
12/08/2026 20:49:17;2026-08-12T18:49:17.770Z;Courses hippiques (PMU);OK;4,2;4190
12/08/2026 20:49:17;2026-08-12T18:49:17.770Z;Courses de lévriers;OK;5,5;5456
12/08/2026 21:01:53;2026-08-12T19:01:53.520Z;Courses hippiques (PMU);OK;4,7;4744
12/08/2026 21:01:53;2026-08-12T19:01:53.520Z;Courses de lévriers;OK;5,9;5881
12/08/2026 21:13:21;2026-08-12T19:13:21.713Z;Courses hippiques (PMU);ECHEC;4,1;4090
12/08/2026 21:13:21;2026-08-12T19:13:21.713Z;Courses de lévriers;OK;4,7;4734
12/08/2026 21:25:24;2026-08-12T19:25:24.645Z;Courses hippiques (PMU);OK;5,8;5849
12/08/2026 21:25:24;2026-08-12T19:25:24.645Z;Courses de lévriers;OK;5,7;5694
12/08/2026 21:29:03;2026-08-12T19:29:03.758Z;Courses hippiques (PMU);OK;4,6;4554
12/08/2026 21:29:03;2026-08-12T19:29:03.758Z;Courses de lévriers;ECHEC;5,0;4976
12/08/2026 21:37:15;2026-08-12T19:37:15.623Z;Courses hippiques (PMU);OK;3,8;3774
12/08/2026 21:37:15;2026-08-12T19:37:15.623Z;Courses de lévriers;OK;4,3;4319
12/08/2026 21:49:41;2026-08-12T19:49:41.601Z;Courses hippiques (PMU);OK;4,1;4105
12/08/2026 21:49:41;2026-08-12T19:49:41.601Z;Courses de lévriers;OK;5,6;5619
12/08/2026 22:02:02;2026-08-12T20:02:02.386Z;Courses hippiques (PMU);OK;5,6;5605
12/08/2026 22:02:02;2026-08-12T20:02:02.386Z;Courses de lévriers;OK;5,1;5065
12/08/2026 22:13:22;2026-08-12T20:13:22.129Z;Courses hippiques (PMU);OK;4,1;4116
12/08/2026 22:13:22;2026-08-12T20:13:22.129Z;Courses de lévriers;OK;4,4;4430
12/08/2026 22:25:49;2026-08-12T20:25:49.725Z;Courses hippiques (PMU);OK;5,6;5649
12/08/2026 22:25:49;2026-08-12T20:25:49.725Z;Courses de lévriers;OK;5,9;5861
12/08/2026 22:37:23;2026-08-12T20:37:23.046Z;Courses hippiques (PMU);OK;4,1;4057
12/08/2026 22:37:23;2026-08-12T20:37:23.046Z;Courses de lévriers;OK;4,7;4734
12/08/2026 22:49:18;2026-08-12T20:49:18.667Z;Courses hippiques (PMU);OK;4,0;3969
12/08/2026 22:49:18;2026-08-12T20:49:18.667Z;Courses de lévriers;OK;4,4;4425
12/08/2026 23:01:53;2026-08-12T21:01:53.964Z;Courses hippiques (PMU);OK;4,6;4587
12/08/2026 23:01:53;2026-08-12T21:01:53.964Z;Courses de lévriers;OK;5,7;5650
12/08/2026 23:13:18;2026-08-12T21:13:18.584Z;Courses hippiques (PMU);OK;4,3;4293
12/08/2026 23:13:18;2026-08-12T21:13:18.584Z;Courses de lévriers;OK;5,4;5386
12/08/2026 23:25:23;2026-08-12T21:25:23.641Z;Courses hippiques (PMU);OK;4,8;4755
12/08/2026 23:25:23;2026-08-12T21:25:23.641Z;Courses de lévriers;OK;5,7;5690
12/08/2026 23:37:19;2026-08-12T21:37:19.154Z;Courses hippiques (PMU);OK;4,2;4188
12/08/2026 23:37:19;2026-08-12T21:37:19.154Z;Courses de lévriers;OK;4,6;4593
12/08/2026 23:49:22;2026-08-12T21:49:22.452Z;Courses hippiques (PMU);OK;5,2;5200
12/08/2026 23:49:22;2026-08-12T21:49:22.452Z;Courses de lévriers;OK;5,7;5747
13/08/2026 00:05:11;2026-08-12T22:05:11.696Z;Courses hippiques (PMU);OK;2,0;1956
13/08/2026 00:05:11;2026-08-12T22:05:11.696Z;Courses de lévriers;OK;1,6;1583
13/08/2026 04:49:30;2026-08-13T02:49:30.976Z;Courses hippiques (PMU);OK;2,4;2440
13/08/2026 04:49:30;2026-08-13T02:49:30.976Z;Courses de lévriers;OK;2,3;2261
13/08/2026 07:08:47;2026-08-13T05:08:47.305Z;Courses hippiques (PMU);OK;1,8;1821
13/08/2026 07:08:47;2026-08-13T05:08:47.305Z;Courses de lévriers;OK;1,8;1803
13/08/2026 08:01:54;2026-08-13T06:01:54.569Z;Courses hippiques (PMU);OK;1,8;1771
13/08/2026 08:01:54;2026-08-13T06:01:54.569Z;Courses de lévriers;OK;1,3;1304
13/08/2026 08:13:21;2026-08-13T06:13:21.174Z;Courses hippiques (PMU);OK;2,4;2434
13/08/2026 08:13:21;2026-08-13T06:13:21.174Z;Courses de lévriers;OK;1,8;1760
13/08/2026 08:25:10;2026-08-13T06:25:10.767Z;Courses hippiques (PMU);OK;1,8;1756
13/08/2026 08:25:10;2026-08-13T06:25:10.767Z;Courses de lévriers;OK;1,3;1301
13/08/2026 08:37:22;2026-08-13T06:37:22.169Z;Courses hippiques (PMU);ECHEC;4,0;4004
13/08/2026 08:37:22;2026-08-13T06:37:22.169Z;Courses de lévriers;OK;3,5;3458
13/08/2026 08:49:38;2026-08-13T06:49:38.812Z;Courses hippiques (PMU);OK;6,8;6791
13/08/2026 08:49:38;2026-08-13T06:49:38.812Z;Courses de lévriers;OK;4,5;4513
13/08/2026 09:01:56;2026-08-13T07:01:56.732Z;Courses hippiques (PMU);OK;5,3;5338
13/08/2026 09:01:56;2026-08-13T07:01:56.732Z;Courses de lévriers;OK;4,0;3974
13/08/2026 09:13:19;2026-08-13T07:13:19.650Z;Courses hippiques (PMU);OK;4,2;4207
13/08/2026 09:13:19;2026-08-13T07:13:19.650Z;Courses de lévriers;OK;3,1;3054
13/08/2026 09:25:15;2026-08-13T07:25:15.253Z;Courses hippiques (PMU);OK;3,3;3336
13/08/2026 09:25:15;2026-08-13T07:25:15.253Z;Courses de lévriers;OK;2,9;2901
13/08/2026 09:37:24;2026-08-13T07:37:24.307Z;Courses hippiques (PMU);OK;9,5;9468
13/08/2026 09:37:24;2026-08-13T07:37:24.307Z;Courses de lévriers;OK;4,5;4451
13/08/2026 09:49:20;2026-08-13T07:49:20.535Z;Courses hippiques (PMU);OK;3,1;3110
13/08/2026 09:49:20;2026-08-13T07:49:20.535Z;Courses de lévriers;OK;2,7;2707
13/08/2026 09:55:45;2026-08-13T07:55:45.072Z;Courses hippiques (PMU);OK;4,0;3969
13/08/2026 09:55:45;2026-08-13T07:55:45.072Z;Courses de lévriers;OK;4,3;4339
13/08/2026 10:01:43;2026-08-13T08:01:43.219Z;Courses hippiques (PMU);OK;5,1;5053
13/08/2026 10:01:43;2026-08-13T08:01:43.219Z;Courses de lévriers;OK;3,5;3474
13/08/2026 10:13:18;2026-08-13T08:13:18.326Z;Courses hippiques (PMU);ECHEC;5,0;4960
13/08/2026 10:13:18;2026-08-13T08:13:18.326Z;Courses de lévriers;OK;4,4;4411
13/08/2026 10:25:18;2026-08-13T08:25:18.810Z;Courses hippiques (PMU);OK;4,3;4288
13/08/2026 10:25:18;2026-08-13T08:25:18.810Z;Courses de lévriers;OK;4,3;4306
13/08/2026 10:37:32;2026-08-13T08:37:32.364Z;Courses hippiques (PMU);OK;5,0;5040
13/08/2026 10:37:32;2026-08-13T08:37:32.364Z;Courses de lévriers;OK;4,3;4270
13/08/2026 10:49:24;2026-08-13T08:49:24.924Z;Courses hippiques (PMU);OK;4,1;4131
13/08/2026 10:49:24;2026-08-13T08:49:24.924Z;Courses de lévriers;OK;2,5;2464
13/08/2026 11:01:59;2026-08-13T09:01:59.612Z;Courses hippiques (PMU);OK;4,8;4840
13/08/2026 11:01:59;2026-08-13T09:01:59.612Z;Courses de lévriers;OK;3,6;3602
13/08/2026 11:13:31;2026-08-13T09:13:31.284Z;Courses hippiques (PMU);OK;5,1;5144
13/08/2026 11:13:31;2026-08-13T09:13:31.284Z;Courses de lévriers;OK;6,0;6017
13/08/2026 11:25:29;2026-08-13T09:25:29.342Z;Courses hippiques (PMU);OK;5,3;5274
13/08/2026 11:25:29;2026-08-13T09:25:29.342Z;Courses de lévriers;OK;4,2;4189
13/08/2026 11:37:26;2026-08-13T09:37:26.724Z;Courses hippiques (PMU);OK;5,8;5753
13/08/2026 11:37:26;2026-08-13T09:37:26.724Z;Courses de lévriers;OK;4,8;4815
13/08/2026 11:49:21;2026-08-13T09:49:21.807Z;Courses hippiques (PMU);OK;5,0;4960
13/08/2026 11:49:21;2026-08-13T09:49:21.807Z;Courses de lévriers;OK;4,3;4305
13/08/2026 12:02:03;2026-08-13T10:02:03.757Z;Courses hippiques (PMU);OK;5,2;5243
13/08/2026 12:02:03;2026-08-13T10:02:03.757Z;Courses de lévriers;OK;4,7;4745
13/08/2026 12:13:35;2026-08-13T10:13:35.847Z;Courses hippiques (PMU);OK;4,6;4610
13/08/2026 12:13:35;2026-08-13T10:13:35.847Z;Courses de lévriers;OK;4,9;4928
13/08/2026 12:25:22;2026-08-13T10:25:22.169Z;Courses hippiques (PMU);OK;6,5;6510
13/08/2026 12:25:22;2026-08-13T10:25:22.169Z;Courses de lévriers;OK;4,8;4846
13/08/2026 12:30:11;2026-08-13T10:30:11.684Z;Courses hippiques (PMU);OK;5,6;5568
13/08/2026 12:30:11;2026-08-13T10:30:11.684Z;Courses de lévriers;OK;4,4;4410
13/08/2026 12:37:35;2026-08-13T10:37:35.301Z;Courses hippiques (PMU);OK;5,1;5104
13/08/2026 12:37:35;2026-08-13T10:37:35.301Z;Courses de lévriers;OK;4,6;4647
13/08/2026 12:49:22;2026-08-13T10:49:22.551Z;Courses hippiques (PMU);OK;3,6;3583
13/08/2026 12:49:22;2026-08-13T10:49:22.551Z;Courses de lévriers;OK;2,8;2772
13/08/2026 13:02:42;2026-08-13T11:02:42.643Z;Courses hippiques (PMU);OK;6,3;6263
13/08/2026 13:02:42;2026-08-13T11:02:42.643Z;Courses de lévriers;OK;4,6;4585
13/08/2026 13:13:21;2026-08-13T11:13:21.649Z;Courses hippiques (PMU);OK;4,1;4124
13/08/2026 13:13:21;2026-08-13T11:13:21.649Z;Courses de lévriers;OK;4,3;4323
13/08/2026 13:25:17;2026-08-13T11:25:17.271Z;Courses hippiques (PMU);OK;5,2;5160
13/08/2026 13:25:17;2026-08-13T11:25:17.271Z;Courses de lévriers;OK;4,3;4349
13/08/2026 13:37:23;2026-08-13T11:37:23.873Z;Courses hippiques (PMU);OK;4,3;4333
13/08/2026 13:37:23;2026-08-13T11:37:23.873Z;Courses de lévriers;OK;5,6;5635
13/08/2026 13:49:17;2026-08-13T11:49:17.875Z;Courses hippiques (PMU);OK;5,2;5223
13/08/2026 13:49:17;2026-08-13T11:49:17.875Z;Courses de lévriers;OK;4,8;4844
13/08/2026 14:01:54;2026-08-13T12:01:54.705Z;Courses hippiques (PMU);ECHEC;4,3;4284
13/08/2026 14:01:54;2026-08-13T12:01:54.705Z;Courses de lévriers;OK;5,1;5100
13/08/2026 14:13:24;2026-08-13T12:13:24.879Z;Courses hippiques (PMU);OK;5,7;5736
13/08/2026 14:13:24;2026-08-13T12:13:24.879Z;Courses de lévriers;OK;3,8;3789
13/08/2026 14:25:22;2026-08-13T12:25:22.692Z;Courses hippiques (PMU);ECHEC;4,0;4050
13/08/2026 14:25:22;2026-08-13T12:25:22.692Z;Courses de lévriers;OK;4,1;4066
13/08/2026 14:37:21;2026-08-13T12:37:21.019Z;Courses hippiques (PMU);OK;6,1;6104
13/08/2026 14:37:21;2026-08-13T12:37:21.019Z;Courses de lévriers;OK;4,7;4724
13/08/2026 14:49:24;2026-08-13T12:49:24.796Z;Courses hippiques (PMU);OK;4,6;4649
13/08/2026 14:49:24;2026-08-13T12:49:24.796Z;Courses de lévriers;OK;4,0;4031
13/08/2026 15:02:04;2026-08-13T13:02:04.197Z;Courses hippiques (PMU);OK;5,2;5172
13/08/2026 15:02:04;2026-08-13T13:02:04.197Z;Courses de lévriers;OK;6,0;5961
13/08/2026 15:13:22;2026-08-13T13:13:22.233Z;Courses hippiques (PMU);OK;5,3;5332
13/08/2026 15:13:22;2026-08-13T13:13:22.233Z;Courses de lévriers;OK;4,5;4471
13/08/2026 15:25:23;2026-08-13T13:25:23.211Z;Courses hippiques (PMU);OK;5,5;5517
13/08/2026 15:25:23;2026-08-13T13:25:23.211Z;Courses de lévriers;OK;4,1;4148
13/08/2026 15:37:25;2026-08-13T13:37:25.025Z;Courses hippiques (PMU);OK;4,7;4702
13/08/2026 15:37:25;2026-08-13T13:37:25.025Z;Courses de lévriers;OK;4,6;4608
13/08/2026 15:49:15;2026-08-13T13:49:15.501Z;Courses hippiques (PMU);OK;5,0;4981
13/08/2026 15:49:15;2026-08-13T13:49:15.501Z;Courses de lévriers;OK;3,5;3508
13/08/2026 15:51:06;2026-08-13T13:51:06.856Z;Courses hippiques (PMU);OK;5,0;5039
13/08/2026 15:51:06;2026-08-13T13:51:06.856Z;Courses de lévriers;OK;4,6;4603
13/08/2026 16:01:52;2026-08-13T14:01:52.792Z;Courses hippiques (PMU);OK;4,0;3986
13/08/2026 16:01:52;2026-08-13T14:01:52.792Z;Courses de lévriers;OK;3,5;3485
13/08/2026 16:13:26;2026-08-13T14:13:26.435Z;Courses hippiques (PMU);OK;5,0;5032
13/08/2026 16:13:26;2026-08-13T14:13:26.435Z;Courses de lévriers;OK;4,3;4308
13/08/2026 16:25:27;2026-08-13T14:25:27.542Z;Courses hippiques (PMU);OK;4,2;4157
13/08/2026 16:25:27;2026-08-13T14:25:27.542Z;Courses de lévriers;OK;5,0;5040
13/08/2026 16:49:28;2026-08-13T14:49:28.848Z;Courses hippiques (PMU);OK;5,0;5048
13/08/2026 16:49:28;2026-08-13T14:49:28.848Z;Courses de lévriers;OK;4,7;4714
13/08/2026 17:02:01;2026-08-13T15:02:01.453Z;Courses hippiques (PMU);OK;6,0;6045
13/08/2026 17:02:01;2026-08-13T15:02:01.453Z;Courses de lévriers;OK;3,8;3776
13/08/2026 17:13:32;2026-08-13T15:13:32.271Z;Courses hippiques (PMU);ECHEC;4,6;4589
13/08/2026 17:13:32;2026-08-13T15:13:32.271Z;Courses de lévriers;OK;2,6;2648
13/08/2026 17:25:20;2026-08-13T15:25:20.603Z;Courses hippiques (PMU);OK;5,1;5121
13/08/2026 17:25:20;2026-08-13T15:25:20.603Z;Courses de lévriers;OK;4,2;4198
13/08/2026 17:37:19;2026-08-13T15:37:19.337Z;Courses hippiques (PMU);OK;5,1;5149
13/08/2026 17:37:19;2026-08-13T15:37:19.337Z;Courses de lévriers;OK;3,4;3357
13/08/2026 17:49:18;2026-08-13T15:49:18.857Z;Courses hippiques (PMU);OK;5,4;5354
13/08/2026 17:49:18;2026-08-13T15:49:18.857Z;Courses de lévriers;ECHEC;3,3;3309
13/08/2026 18:02:13;2026-08-13T16:02:13.190Z;Courses hippiques (PMU);OK;5,5;5489
13/08/2026 18:02:13;2026-08-13T16:02:13.190Z;Courses de lévriers;OK;4,6;4621
13/08/2026 18:11:41;2026-08-13T16:11:41.634Z;Courses hippiques (PMU);ECHEC;4,1;4108
13/08/2026 18:11:41;2026-08-13T16:11:41.634Z;Courses de lévriers;OK;4,6;4615
13/08/2026 18:13:17;2026-08-13T16:13:17.745Z;Courses hippiques (PMU);OK;5,2;5211
13/08/2026 18:13:17;2026-08-13T16:13:17.745Z;Courses de lévriers;OK;4,3;4307
13/08/2026 18:25:38;2026-08-13T16:25:38.723Z;Courses hippiques (PMU);OK;5,6;5610
13/08/2026 18:25:38;2026-08-13T16:25:38.723Z;Courses de lévriers;OK;4,4;4387
13/08/2026 18:37:28;2026-08-13T16:37:28.445Z;Courses hippiques (PMU);OK;5,1;5060
13/08/2026 18:37:28;2026-08-13T16:37:28.445Z;Courses de lévriers;OK;3,4;3402
13/08/2026 18:49:32;2026-08-13T16:49:32.728Z;Courses hippiques (PMU);OK;6,8;6778
13/08/2026 18:49:32;2026-08-13T16:49:32.728Z;Courses de lévriers;OK;4,3;4311
13/08/2026 19:02:04;2026-08-13T17:02:04.226Z;Courses hippiques (PMU);OK;5,7;5653
13/08/2026 19:02:04;2026-08-13T17:02:04.226Z;Courses de lévriers;OK;4,7;4694
13/08/2026 19:13:19;2026-08-13T17:13:19.819Z;Courses hippiques (PMU);OK;5,3;5349
13/08/2026 19:13:19;2026-08-13T17:13:19.819Z;Courses de lévriers;OK;4,7;4730
13/08/2026 19:25:30;2026-08-13T17:25:30.287Z;Courses hippiques (PMU);OK;4,3;4256
13/08/2026 19:25:30;2026-08-13T17:25:30.287Z;Courses de lévriers;OK;3,5;3495
13/08/2026 19:37:20;2026-08-13T17:37:20.420Z;Courses hippiques (PMU);OK;4,7;4735
13/08/2026 19:37:20;2026-08-13T17:37:20.420Z;Courses de lévriers;OK;4,2;4177
13/08/2026 19:49:26;2026-08-13T17:49:26.805Z;Courses hippiques (PMU);ECHEC;4,0;4032
13/08/2026 19:49:26;2026-08-13T17:49:26.805Z;Courses de lévriers;OK;2,7;2651
13/08/2026 20:01:50;2026-08-13T18:01:50.515Z;Courses hippiques (PMU);OK;4,9;4902
13/08/2026 20:01:50;2026-08-13T18:01:50.515Z;Courses de lévriers;OK;3,3;3336
13/08/2026 20:13:37;2026-08-13T18:13:37.334Z;Courses hippiques (PMU);OK;5,4;5399
13/08/2026 20:13:37;2026-08-13T18:13:37.334Z;Courses de lévriers;OK;4,9;4927
13/08/2026 20:25:22;2026-08-13T18:25:22.230Z;Courses hippiques (PMU);OK;5,2;5162
13/08/2026 20:25:22;2026-08-13T18:25:22.230Z;Courses de lévriers;OK;4,6;4593
13/08/2026 20:37:26;2026-08-13T18:37:26.531Z;Courses hippiques (PMU);OK;5,0;4951
13/08/2026 20:37:26;2026-08-13T18:37:26.531Z;Courses de lévriers;OK;5,2;5183
13/08/2026 20:49:20;2026-08-13T18:49:20.354Z;Courses hippiques (PMU);OK;5,1;5088
13/08/2026 20:49:20;2026-08-13T18:49:20.354Z;Courses de lévriers;OK;3,4;3438
13/08/2026 21:01:58;2026-08-13T19:01:58.728Z;Courses hippiques (PMU);OK;5,4;5369
13/08/2026 21:01:58;2026-08-13T19:01:58.728Z;Courses de lévriers;OK;4,9;4876
13/08/2026 21:13:25;2026-08-13T19:13:25.074Z;Courses hippiques (PMU);OK;5,0;4999
13/08/2026 21:13:25;2026-08-13T19:13:25.074Z;Courses de lévriers;OK;4,0;3951
13/08/2026 21:25:23;2026-08-13T19:25:23.662Z;Courses hippiques (PMU);OK;5,7;5708
13/08/2026 21:25:23;2026-08-13T19:25:23.662Z;Courses de lévriers;OK;4,0;3968
13/08/2026 21:28:17;2026-08-13T19:28:17.344Z;Courses hippiques (PMU);OK;6,7;6742
13/08/2026 21:28:17;2026-08-13T19:28:17.344Z;Courses de lévriers;OK;4,0;3958
13/08/2026 21:37:16;2026-08-13T19:37:16.004Z;Courses hippiques (PMU);OK;5,0;4988
13/08/2026 21:37:16;2026-08-13T19:37:16.004Z;Courses de lévriers;OK;3,9;3949
13/08/2026 21:49:24;2026-08-13T19:49:24.130Z;Courses hippiques (PMU);OK;4,9;4856
13/08/2026 21:49:24;2026-08-13T19:49:24.130Z;Courses de lévriers;OK;4,6;4605
13/08/2026 22:02:04;2026-08-13T20:02:04.449Z;Courses hippiques (PMU);OK;4,8;4847
13/08/2026 22:02:04;2026-08-13T20:02:04.449Z;Courses de lévriers;OK;4,6;4598
13/08/2026 22:13:39;2026-08-13T20:13:39.136Z;Courses hippiques (PMU);OK;5,4;5359
13/08/2026 22:13:39;2026-08-13T20:13:39.136Z;Courses de lévriers;OK;4,8;4779
13/08/2026 22:25:22;2026-08-13T20:25:22.203Z;Courses hippiques (PMU);OK;4,8;4841
13/08/2026 22:25:22;2026-08-13T20:25:22.203Z;Courses de lévriers;OK;5,5;5480
13/08/2026 22:37:20;2026-08-13T20:37:20.760Z;Courses hippiques (PMU);OK;5,1;5137
13/08/2026 22:37:20;2026-08-13T20:37:20.760Z;Courses de lévriers;OK;3,6;3578
13/08/2026 22:49:25;2026-08-13T20:49:25.016Z;Courses hippiques (PMU);OK;5,2;5201
13/08/2026 22:49:25;2026-08-13T20:49:25.016Z;Courses de lévriers;OK;6,0;5994
13/08/2026 23:01:55;2026-08-13T21:01:55.701Z;Courses hippiques (PMU);OK;5,9;5924
13/08/2026 23:01:55;2026-08-13T21:01:55.701Z;Courses de lévriers;OK;5,1;5055
13/08/2026 23:13:21;2026-08-13T21:13:21.044Z;Courses hippiques (PMU);OK;4,1;4137
13/08/2026 23:13:21;2026-08-13T21:13:21.044Z;Courses de lévriers;OK;4,3;4313
13/08/2026 23:25:20;2026-08-13T21:25:20.661Z;Courses hippiques (PMU);OK;6,5;6482
13/08/2026 23:25:20;2026-08-13T21:25:20.661Z;Courses de lévriers;OK;4,5;4479
13/08/2026 23:37:15;2026-08-13T21:37:15.856Z;Courses hippiques (PMU);OK;4,3;4278
13/08/2026 23:37:15;2026-08-13T21:37:15.856Z;Courses de lévriers;OK;3,5;3481
13/08/2026 23:49:19;2026-08-13T21:49:19.705Z;Courses hippiques (PMU);OK;4,4;4354
13/08/2026 23:49:19;2026-08-13T21:49:19.705Z;Courses de lévriers;OK;4,7;4675
14/08/2026 00:05:02;2026-08-13T22:05:02.465Z;Courses hippiques (PMU);OK;1,8;1793
14/08/2026 00:05:02;2026-08-13T22:05:02.465Z;Courses de lévriers;OK;2,0;1972
14/08/2026 04:48:03;2026-08-14T02:48:03.278Z;Courses hippiques (PMU);OK;2,2;2233
14/08/2026 04:48:03;2026-08-14T02:48:03.278Z;Courses de lévriers;OK;1,7;1660
14/08/2026 07:05:08;2026-08-14T05:05:08.701Z;Courses hippiques (PMU);OK;2,2;2185
14/08/2026 07:05:08;2026-08-14T05:05:08.701Z;Courses de lévriers;OK;2,3;2265
14/08/2026 08:01:46;2026-08-14T06:01:46.221Z;Courses hippiques (PMU);OK;2,0;2005
14/08/2026 08:01:46;2026-08-14T06:01:46.221Z;Courses de lévriers;OK;1,8;1838
14/08/2026 08:13:14;2026-08-14T06:13:14.206Z;Courses hippiques (PMU);OK;2,5;2527
14/08/2026 08:13:14;2026-08-14T06:13:14.206Z;Courses de lévriers;OK;1,6;1628
14/08/2026 08:25:14;2026-08-14T06:25:14.853Z;Courses hippiques (PMU);OK;2,0;2000
14/08/2026 08:25:14;2026-08-14T06:25:14.853Z;Courses de lévriers;OK;1,5;1537
14/08/2026 08:37:49;2026-08-14T06:37:49.710Z;Courses hippiques (PMU);OK;5,8;5792
14/08/2026 08:37:49;2026-08-14T06:37:49.710Z;Courses de lévriers;OK;5,1;5146
14/08/2026 08:49:19;2026-08-14T06:49:19.140Z;Courses hippiques (PMU);OK;5,1;5100
14/08/2026 08:49:19;2026-08-14T06:49:19.140Z;Courses de lévriers;OK;4,5;4500
14/08/2026 09:01:50;2026-08-14T07:01:50.670Z;Courses hippiques (PMU);OK;4,0;3994
14/08/2026 09:01:50;2026-08-14T07:01:50.670Z;Courses de lévriers;OK;3,1;3094
14/08/2026 09:13:17;2026-08-14T07:13:17.462Z;Courses hippiques (PMU);OK;3,2;3225
14/08/2026 09:13:17;2026-08-14T07:13:17.462Z;Courses de lévriers;OK;3,4;3418
14/08/2026 09:25:15;2026-08-14T07:25:15.907Z;Courses hippiques (PMU);OK;3,2;3240
14/08/2026 09:25:15;2026-08-14T07:25:15.907Z;Courses de lévriers;OK;2,9;2859
14/08/2026 09:37:30;2026-08-14T07:37:30.016Z;Courses hippiques (PMU);OK;4,8;4814
14/08/2026 09:37:30;2026-08-14T07:37:30.016Z;Courses de lévriers;OK;4,5;4520
14/08/2026 09:49:15;2026-08-14T07:49:15.396Z;Courses hippiques (PMU);OK;3,7;3673
14/08/2026 09:49:15;2026-08-14T07:49:15.396Z;Courses de lévriers;OK;3,7;3651
14/08/2026 09:53:18;2026-08-14T07:53:18.363Z;Courses hippiques (PMU);OK;4,9;4929
14/08/2026 09:53:18;2026-08-14T07:53:18.363Z;Courses de lévriers;OK;5,7;5744
14/08/2026 10:01:57;2026-08-14T08:01:57.361Z;Courses hippiques (PMU);OK;7,6;7564
14/08/2026 10:01:57;2026-08-14T08:01:57.361Z;Courses de lévriers;OK;5,8;5804
14/08/2026 10:13:25;2026-08-14T08:13:25.346Z;Courses hippiques (PMU);OK;5,4;5407
14/08/2026 10:13:25;2026-08-14T08:13:25.346Z;Courses de lévriers;OK;5,4;5448
14/08/2026 10:25:36;2026-08-14T08:25:36.465Z;Courses hippiques (PMU);OK;5,3;5305
14/08/2026 10:25:36;2026-08-14T08:25:36.465Z;Courses de lévriers;OK;5,2;5223
14/08/2026 10:37:19;2026-08-14T08:37:19.725Z;Courses hippiques (PMU);ECHEC;5,3;5347
14/08/2026 10:37:19;2026-08-14T08:37:19.725Z;Courses de lévriers;OK;6,0;6048
14/08/2026 10:49:24;2026-08-14T08:49:24.055Z;Courses hippiques (PMU);OK;4,1;4099
14/08/2026 10:49:24;2026-08-14T08:49:24.055Z;Courses de lévriers;OK;5,1;5113
14/08/2026 11:01:57;2026-08-14T09:01:57.757Z;Courses hippiques (PMU);OK;4,9;4943
14/08/2026 11:01:57;2026-08-14T09:01:57.757Z;Courses de lévriers;OK;4,4;4368
14/08/2026 11:13:32;2026-08-14T09:13:32.118Z;Courses hippiques (PMU);OK;5,3;5289
14/08/2026 11:13:32;2026-08-14T09:13:32.118Z;Courses de lévriers;OK;4,7;4702
14/08/2026 11:25:28;2026-08-14T09:25:28.078Z;Courses hippiques (PMU);OK;5,9;5859
14/08/2026 11:25:28;2026-08-14T09:25:28.078Z;Courses de lévriers;OK;5,6;5610
14/08/2026 11:37:51;2026-08-14T09:37:51.967Z;Courses hippiques (PMU);OK;5,7;5690
14/08/2026 11:37:51;2026-08-14T09:37:51.967Z;Courses de lévriers;OK;5,3;5291
14/08/2026 11:49:22;2026-08-14T09:49:22.019Z;Courses hippiques (PMU);OK;4,6;4648
14/08/2026 11:49:22;2026-08-14T09:49:22.019Z;Courses de lévriers;OK;4,9;4863
14/08/2026 12:01:51;2026-08-14T10:01:51.268Z;Courses hippiques (PMU);OK;5,2;5231
14/08/2026 12:01:51;2026-08-14T10:01:51.268Z;Courses de lévriers;OK;5,0;5042
14/08/2026 12:13:21;2026-08-14T10:13:21.156Z;Courses hippiques (PMU);OK;5,5;5464
14/08/2026 12:13:21;2026-08-14T10:13:21.156Z;Courses de lévriers;OK;5,2;5168
14/08/2026 12:18:54;2026-08-14T10:18:54.426Z;Courses hippiques (PMU);OK;5,9;5944
14/08/2026 12:18:54;2026-08-14T10:18:54.426Z;Courses de lévriers;OK;7,1;7103
14/08/2026 12:25:32;2026-08-14T10:25:32.978Z;Courses hippiques (PMU);OK;4,9;4904
14/08/2026 12:25:32;2026-08-14T10:25:32.978Z;Courses de lévriers;OK;6,1;6072
14/08/2026 12:37:54;2026-08-14T10:37:54.988Z;Courses hippiques (PMU);OK;5,7;5672
14/08/2026 12:37:54;2026-08-14T10:37:54.988Z;Courses de lévriers;OK;5,4;5408
14/08/2026 12:49:32;2026-08-14T10:49:32.572Z;Courses hippiques (PMU);OK;5,3;5345
14/08/2026 12:49:32;2026-08-14T10:49:32.572Z;Courses de lévriers;OK;5,4;5358
14/08/2026 13:02:01;2026-08-14T11:02:01.492Z;Courses hippiques (PMU);OK;4,9;4889
14/08/2026 13:02:01;2026-08-14T11:02:01.492Z;Courses de lévriers;OK;5,5;5505
14/08/2026 13:13:19;2026-08-14T11:13:19.692Z;Courses hippiques (PMU);OK;4,9;4884
14/08/2026 13:13:19;2026-08-14T11:13:19.692Z;Courses de lévriers;OK;5,3;5290
14/08/2026 13:25:17;2026-08-14T11:25:17.259Z;Courses hippiques (PMU);OK;4,3;4323
14/08/2026 13:25:17;2026-08-14T11:25:17.259Z;Courses de lévriers;OK;4,7;4650
14/08/2026 13:37:21;2026-08-14T11:37:21.378Z;Courses hippiques (PMU);OK;5,6;5570
14/08/2026 13:37:21;2026-08-14T11:37:21.378Z;Courses de lévriers;OK;5,0;5023
14/08/2026 13:49:26;2026-08-14T11:49:26.846Z;Courses hippiques (PMU);OK;5,0;5004
14/08/2026 13:49:26;2026-08-14T11:49:26.846Z;Courses de lévriers;OK;5,8;5773
14/08/2026 14:02:00;2026-08-14T12:02:00.458Z;Courses hippiques (PMU);OK;5,0;5039
14/08/2026 14:02:00;2026-08-14T12:02:00.458Z;Courses de lévriers;OK;6,3;6260
14/08/2026 14:13:32;2026-08-14T12:13:32.608Z;Courses hippiques (PMU);OK;4,9;4896
14/08/2026 14:13:32;2026-08-14T12:13:32.608Z;Courses de lévriers;OK;4,9;4864
14/08/2026 14:25:25;2026-08-14T12:25:25.221Z;Courses hippiques (PMU);OK;6,3;6323
14/08/2026 14:25:25;2026-08-14T12:25:25.221Z;Courses de lévriers;OK;5,2;5184
14/08/2026 14:37:27;2026-08-14T12:37:27.198Z;Courses hippiques (PMU);OK;4,9;4881
14/08/2026 14:37:27;2026-08-14T12:37:27.198Z;Courses de lévriers;OK;4,9;4932
14/08/2026 14:49:19;2026-08-14T12:49:19.557Z;Courses hippiques (PMU);OK;4,3;4251
14/08/2026 14:49:19;2026-08-14T12:49:19.557Z;Courses de lévriers;OK;2,9;2865
14/08/2026 15:01:59;2026-08-14T13:01:59.035Z;Courses hippiques (PMU);OK;4,9;4899
14/08/2026 15:01:59;2026-08-14T13:01:59.035Z;Courses de lévriers;OK;4,5;4543
14/08/2026 15:13:29;2026-08-14T13:13:29.077Z;Courses hippiques (PMU);OK;5,9;5945
14/08/2026 15:13:29;2026-08-14T13:13:29.077Z;Courses de lévriers;OK;4,8;4751
14/08/2026 15:26:18;2026-08-14T13:26:18.549Z;Courses hippiques (PMU);OK;5,3;5250
14/08/2026 15:26:18;2026-08-14T13:26:18.549Z;Courses de lévriers;OK;4,7;4705
14/08/2026 15:37:21;2026-08-14T13:37:21.101Z;Courses hippiques (PMU);OK;4,0;4041
14/08/2026 15:37:21;2026-08-14T13:37:21.101Z;Courses de lévriers;OK;4,5;4498
14/08/2026 15:46:19;2026-08-14T13:46:19.250Z;Courses hippiques (PMU);OK;4,7;4719
14/08/2026 15:46:19;2026-08-14T13:46:19.250Z;Courses de lévriers;OK;4,7;4707
14/08/2026 15:49:21;2026-08-14T13:49:21.501Z;Courses hippiques (PMU);OK;5,1;5057
14/08/2026 15:49:21;2026-08-14T13:49:21.501Z;Courses de lévriers;OK;4,3;4308
14/08/2026 16:02:23;2026-08-14T14:02:23.222Z;Courses hippiques (PMU);OK;5,4;5383
14/08/2026 16:02:23;2026-08-14T14:02:23.222Z;Courses de lévriers;OK;4,7;4672
14/08/2026 16:13:18;2026-08-14T14:13:18.937Z;Courses hippiques (PMU);OK;5,3;5321
14/08/2026 16:13:18;2026-08-14T14:13:18.937Z;Courses de lévriers;OK;5,0;4954
14/08/2026 16:25:26;2026-08-14T14:25:26.029Z;Courses hippiques (PMU);OK;4,9;4862
14/08/2026 16:25:26;2026-08-14T14:25:26.029Z;Courses de lévriers;OK;6,0;6005
14/08/2026 16:37:27;2026-08-14T14:37:27.912Z;Courses hippiques (PMU);OK;5,3;5305
14/08/2026 16:37:27;2026-08-14T14:37:27.912Z;Courses de lévriers;OK;6,1;6127
14/08/2026 16:49:23;2026-08-14T14:49:23.951Z;Courses hippiques (PMU);OK;5,2;5155
14/08/2026 16:49:23;2026-08-14T14:49:23.951Z;Courses de lévriers;OK;7,0;6995
14/08/2026 17:02:25;2026-08-14T15:02:25.541Z;Courses hippiques (PMU);OK;5,9;5894
14/08/2026 17:02:25;2026-08-14T15:02:25.541Z;Courses de lévriers;OK;7,5;7514
14/08/2026 17:13:22;2026-08-14T15:13:22.987Z;Courses hippiques (PMU);OK;6,3;6320
14/08/2026 17:13:22;2026-08-14T15:13:22.987Z;Courses de lévriers;OK;5,8;5761
14/08/2026 17:25:24;2026-08-14T15:25:24.439Z;Courses hippiques (PMU);OK;5,6;5590
14/08/2026 17:25:24;2026-08-14T15:25:24.439Z;Courses de lévriers;OK;6,3;6259
14/08/2026 17:37:21;2026-08-14T15:37:21.793Z;Courses hippiques (PMU);OK;5,1;5104
14/08/2026 17:37:21;2026-08-14T15:37:21.793Z;Courses de lévriers;OK;4,6;4624
14/08/2026 17:49:27;2026-08-14T15:49:27.724Z;Courses hippiques (PMU);OK;5,0;4974
14/08/2026 17:49:27;2026-08-14T15:49:27.724Z;Courses de lévriers;OK;4,8;4776
14/08/2026 18:02:08;2026-08-14T16:02:08.409Z;Courses hippiques (PMU);OK;6,1;6069
14/08/2026 18:02:08;2026-08-14T16:02:08.409Z;Courses de lévriers;OK;6,1;6062
14/08/2026 18:07:53;2026-08-14T16:07:53.350Z;Courses hippiques (PMU);OK;5,2;5212
14/08/2026 18:07:53;2026-08-14T16:07:53.350Z;Courses de lévriers;OK;4,8;4792
14/08/2026 18:13:22;2026-08-14T16:13:22.761Z;Courses hippiques (PMU);OK;5,1;5073
14/08/2026 18:13:22;2026-08-14T16:13:22.761Z;Courses de lévriers;OK;5,9;5874
14/08/2026 18:25:16;2026-08-14T16:25:16.428Z;Courses hippiques (PMU);OK;4,3;4348
14/08/2026 18:25:16;2026-08-14T16:25:16.428Z;Courses de lévriers;OK;4,3;4319
14/08/2026 18:37:26;2026-08-14T16:37:26.386Z;Courses hippiques (PMU);OK;5,0;5048
14/08/2026 18:37:26;2026-08-14T16:37:26.386Z;Courses de lévriers;OK;4,8;4803
14/08/2026 18:49:18;2026-08-14T16:49:18.286Z;Courses hippiques (PMU);OK;4,9;4887
14/08/2026 18:49:18;2026-08-14T16:49:18.286Z;Courses de lévriers;OK;5,7;5685
14/08/2026 19:01:56;2026-08-14T17:01:56.919Z;Courses hippiques (PMU);ECHEC;6,0;6022
14/08/2026 19:01:56;2026-08-14T17:01:56.919Z;Courses de lévriers;OK;5,1;5088
14/08/2026 19:13:27;2026-08-14T17:13:27.694Z;Courses hippiques (PMU);OK;6,7;6688
14/08/2026 19:13:27;2026-08-14T17:13:27.694Z;Courses de lévriers;OK;4,8;4828
14/08/2026 19:25:19;2026-08-14T17:25:19.804Z;Courses hippiques (PMU);OK;5,3;5323
14/08/2026 19:25:19;2026-08-14T17:25:19.804Z;Courses de lévriers;OK;3,7;3749
14/08/2026 19:37:27;2026-08-14T17:37:27.345Z;Courses hippiques (PMU);OK;5,0;5001
14/08/2026 19:37:27;2026-08-14T17:37:27.345Z;Courses de lévriers;OK;4,7;4739
14/08/2026 19:49:19;2026-08-14T17:49:19.540Z;Courses hippiques (PMU);OK;4,9;4943
14/08/2026 19:49:19;2026-08-14T17:49:19.540Z;Courses de lévriers;OK;4,8;4828
14/08/2026 20:01:57;2026-08-14T18:01:57.919Z;Courses hippiques (PMU);OK;5,5;5450
14/08/2026 20:01:57;2026-08-14T18:01:57.919Z;Courses de lévriers;OK;4,8;4836
14/08/2026 20:13:29;2026-08-14T18:13:29.190Z;Courses hippiques (PMU);OK;6,9;6934
14/08/2026 20:13:29;2026-08-14T18:13:29.190Z;Courses de lévriers;OK;5,4;5353
14/08/2026 20:25:20;2026-08-14T18:25:20.170Z;Courses hippiques (PMU);OK;4,9;4853
14/08/2026 20:25:20;2026-08-14T18:25:20.170Z;Courses de lévriers;OK;4,4;4425
14/08/2026 20:37:17;2026-08-14T18:37:17.757Z;Courses hippiques (PMU);OK;5,2;5201
14/08/2026 20:37:17;2026-08-14T18:37:17.757Z;Courses de lévriers;OK;4,5;4516
14/08/2026 20:49:24;2026-08-14T18:49:24.842Z;Courses hippiques (PMU);OK;3,5;3463
14/08/2026 20:49:24;2026-08-14T18:49:24.842Z;Courses de lévriers;OK;4,9;4853
14/08/2026 21:01:56;2026-08-14T19:01:56.705Z;Courses hippiques (PMU);OK;4,8;4772
14/08/2026 21:01:56;2026-08-14T19:01:56.705Z;Courses de lévriers;OK;3,4;3433
14/08/2026 21:13:31;2026-08-14T19:13:31.183Z;Courses hippiques (PMU);OK;6,7;6745
14/08/2026 21:13:31;2026-08-14T19:13:31.183Z;Courses de lévriers;OK;5,3;5350
14/08/2026 21:16:18;2026-08-14T19:16:18.482Z;Courses hippiques (PMU);OK;5,0;4955
14/08/2026 21:16:18;2026-08-14T19:16:18.482Z;Courses de lévriers;OK;4,8;4773
14/08/2026 21:25:19;2026-08-14T19:25:19.859Z;Courses hippiques (PMU);OK;6,1;6102
14/08/2026 21:25:19;2026-08-14T19:25:19.859Z;Courses de lévriers;OK;4,7;4722
14/08/2026 21:37:16;2026-08-14T19:37:16.609Z;Courses hippiques (PMU);OK;4,5;4495
14/08/2026 21:37:16;2026-08-14T19:37:16.609Z;Courses de lévriers;OK;4,5;4482
14/08/2026 21:49:17;2026-08-14T19:49:17.535Z;Courses hippiques (PMU);OK;4,8;4825
14/08/2026 21:49:17;2026-08-14T19:49:17.535Z;Courses de lévriers;OK;4,5;4466
14/08/2026 22:01:51;2026-08-14T20:01:51.427Z;Courses hippiques (PMU);OK;5,0;5032
14/08/2026 22:01:51;2026-08-14T20:01:51.427Z;Courses de lévriers;OK;4,3;4313
14/08/2026 22:13:16;2026-08-14T20:13:16.438Z;Courses hippiques (PMU);OK;4,9;4875
14/08/2026 22:13:16;2026-08-14T20:13:16.438Z;Courses de lévriers;OK;4,3;4338
14/08/2026 22:25:26;2026-08-14T20:25:26.301Z;Courses hippiques (PMU);OK;5,0;5007
14/08/2026 22:25:26;2026-08-14T20:25:26.301Z;Courses de lévriers;OK;4,7;4682
14/08/2026 22:37:25;2026-08-14T20:37:25.682Z;Courses hippiques (PMU);OK;5,3;5255
14/08/2026 22:37:25;2026-08-14T20:37:25.682Z;Courses de lévriers;OK;4,9;4935
14/08/2026 22:49:20;2026-08-14T20:49:20.729Z;Courses hippiques (PMU);OK;4,9;4857
14/08/2026 22:49:20;2026-08-14T20:49:20.729Z;Courses de lévriers;OK;4,6;4632
14/08/2026 23:01:51;2026-08-14T21:01:51.042Z;Courses hippiques (PMU);OK;5,5;5529
14/08/2026 23:01:51;2026-08-14T21:01:51.042Z;Courses de lévriers;OK;5,5;5521
14/08/2026 23:14:43;2026-08-14T21:14:43.206Z;Courses hippiques (PMU);OK;5,2;5222
14/08/2026 23:14:43;2026-08-14T21:14:43.206Z;Courses de lévriers;OK;4,4;4417
14/08/2026 23:25:27;2026-08-14T21:25:27.908Z;Courses hippiques (PMU);OK;5,4;5376
14/08/2026 23:25:27;2026-08-14T21:25:27.908Z;Courses de lévriers;OK;4,6;4636
14/08/2026 23:37:18;2026-08-14T21:37:18.338Z;Courses hippiques (PMU);OK;4,0;4017
14/08/2026 23:37:18;2026-08-14T21:37:18.338Z;Courses de lévriers;OK;3,5;3526
14/08/2026 23:43:04;2026-08-14T21:43:04.959Z;Courses hippiques (PMU);OK;4,9;4877
14/08/2026 23:43:04;2026-08-14T21:43:04.959Z;Courses de lévriers;OK;4,7;4664
14/08/2026 23:49:19;2026-08-14T21:49:19.515Z;Courses hippiques (PMU);OK;5,3;5254
14/08/2026 23:49:19;2026-08-14T21:49:19.515Z;Courses de lévriers;OK;4,5;4495
15/08/2026 03:51:30;2026-08-15T01:51:30.370Z;Courses hippiques (PMU);OK;2,0;1954
15/08/2026 03:51:30;2026-08-15T01:51:30.370Z;Courses de lévriers;OK;1,5;1471
15/08/2026 05:56:46;2026-08-15T03:56:46.459Z;Courses hippiques (PMU);OK;2,8;2767
15/08/2026 05:56:46;2026-08-15T03:56:46.459Z;Courses de lévriers;OK;1,6;1648
15/08/2026 08:01:47;2026-08-15T06:01:47.866Z;Courses hippiques (PMU);OK;2,4;2416
15/08/2026 08:01:47;2026-08-15T06:01:47.866Z;Courses de lévriers;OK;2,1;2117
15/08/2026 08:13:29;2026-08-15T06:13:29.582Z;Courses hippiques (PMU);OK;2,2;2189
15/08/2026 08:13:29;2026-08-15T06:13:29.582Z;Courses de lévriers;OK;1,6;1557
15/08/2026 08:25:18;2026-08-15T06:25:18.691Z;Courses hippiques (PMU);OK;1,9;1900
15/08/2026 08:25:18;2026-08-15T06:25:18.691Z;Courses de lévriers;OK;1,5;1506
15/08/2026 08:37:57;2026-08-15T06:37:57.296Z;Courses hippiques (PMU);OK;5,0;4977
15/08/2026 08:37:57;2026-08-15T06:37:57.296Z;Courses de lévriers;OK;4,4;4384
15/08/2026 08:49:23;2026-08-15T06:49:23.613Z;Courses hippiques (PMU);OK;4,1;4098
15/08/2026 08:49:23;2026-08-15T06:49:23.613Z;Courses de lévriers;OK;3,5;3476
15/08/2026 08:59:53;2026-08-15T06:59:53.658Z;Courses hippiques (PMU);ECHEC;4,7;4700
15/08/2026 08:59:53;2026-08-15T06:59:53.658Z;Courses de lévriers;OK;4,3;4329
15/08/2026 09:02:17;2026-08-15T07:02:17.520Z;Courses hippiques (PMU);OK;7,2;7200
15/08/2026 09:02:17;2026-08-15T07:02:17.520Z;Courses de lévriers;OK;5,0;4970
15/08/2026 09:13:28;2026-08-15T07:13:28.546Z;Courses hippiques (PMU);OK;4,5;4534
15/08/2026 09:13:28;2026-08-15T07:13:28.546Z;Courses de lévriers;OK;4,6;4647
15/08/2026 09:25:21;2026-08-15T07:25:21.706Z;Courses hippiques (PMU);OK;4,1;4092
15/08/2026 09:25:21;2026-08-15T07:25:21.706Z;Courses de lévriers;OK;4,7;4703
15/08/2026 09:37:31;2026-08-15T07:37:31.654Z;Courses hippiques (PMU);OK;4,9;4902
15/08/2026 09:37:31;2026-08-15T07:37:31.654Z;Courses de lévriers;OK;4,7;4675
15/08/2026 09:49:24;2026-08-15T07:49:24.637Z;Courses hippiques (PMU);OK;3,5;3451
15/08/2026 09:49:24;2026-08-15T07:49:24.637Z;Courses de lévriers;OK;3,8;3780
15/08/2026 10:01:46;2026-08-15T08:01:46.829Z;Courses hippiques (PMU);OK;3,2;3153
15/08/2026 10:01:46;2026-08-15T08:01:46.829Z;Courses de lévriers;OK;2,9;2865
15/08/2026 10:13:23;2026-08-15T08:13:23.369Z;Courses hippiques (PMU);OK;5,3;5268
15/08/2026 10:13:23;2026-08-15T08:13:23.369Z;Courses de lévriers;OK;6,2;6178
15/08/2026 10:25:20;2026-08-15T08:25:20.677Z;Courses hippiques (PMU);OK;6,3;6296
15/08/2026 10:25:20;2026-08-15T08:25:20.677Z;Courses de lévriers;OK;5,1;5056
15/08/2026 10:37:19;2026-08-15T08:37:19.427Z;Courses hippiques (PMU);OK;4,1;4149
15/08/2026 10:37:19;2026-08-15T08:37:19.427Z;Courses de lévriers;OK;4,6;4565
15/08/2026 10:49:21;2026-08-15T08:49:21.425Z;Courses hippiques (PMU);OK;5,0;4964
15/08/2026 10:49:21;2026-08-15T08:49:21.425Z;Courses de lévriers;OK;4,3;4279
15/08/2026 11:01:50;2026-08-15T09:01:50.819Z;Courses hippiques (PMU);OK;5,0;5046
15/08/2026 11:01:50;2026-08-15T09:01:50.819Z;Courses de lévriers;OK;5,1;5106
15/08/2026 11:13:29;2026-08-15T09:13:29.747Z;Courses hippiques (PMU);ECHEC;3,9;3899
15/08/2026 11:13:29;2026-08-15T09:13:29.747Z;Courses de lévriers;OK;5,4;5366
15/08/2026 11:25:20;2026-08-15T09:25:20.550Z;Courses hippiques (PMU);ECHEC;4,3;4284
15/08/2026 11:25:20;2026-08-15T09:25:20.550Z;Courses de lévriers;OK;5,5;5457
15/08/2026 11:37:16;2026-08-15T09:37:16.654Z;Courses hippiques (PMU);OK;4,0;4012
15/08/2026 11:37:16;2026-08-15T09:37:16.654Z;Courses de lévriers;OK;4,4;4427
15/08/2026 11:43:30;2026-08-15T09:43:30.790Z;Courses hippiques (PMU);OK;4,9;4895
15/08/2026 11:43:30;2026-08-15T09:43:30.790Z;Courses de lévriers;OK;5,0;4971
15/08/2026 11:49:31;2026-08-15T09:49:31.589Z;Courses hippiques (PMU);OK;4,8;4838
15/08/2026 11:49:31;2026-08-15T09:49:31.589Z;Courses de lévriers;OK;5,6;5642
15/08/2026 12:01:53;2026-08-15T10:01:53.058Z;Courses hippiques (PMU);OK;5,1;5121
15/08/2026 12:01:53;2026-08-15T10:01:53.058Z;Courses de lévriers;OK;3,5;3519
15/08/2026 12:13:22;2026-08-15T10:13:22.301Z;Courses hippiques (PMU);OK;5,2;5178
15/08/2026 12:13:22;2026-08-15T10:13:22.301Z;Courses de lévriers;OK;5,3;5287
15/08/2026 12:25:21;2026-08-15T10:25:21.306Z;Courses hippiques (PMU);OK;4,5;4504
15/08/2026 12:25:21;2026-08-15T10:25:21.306Z;Courses de lévriers;OK;4,8;4826
15/08/2026 12:37:27;2026-08-15T10:37:27.768Z;Courses hippiques (PMU);OK;3,9;3854
15/08/2026 12:37:27;2026-08-15T10:37:27.768Z;Courses de lévriers;OK;3,3;3308
15/08/2026 12:49:22;2026-08-15T10:49:22.037Z;Courses hippiques (PMU);OK;4,9;4890
15/08/2026 12:49:22;2026-08-15T10:49:22.037Z;Courses de lévriers;OK;6,7;6710
15/08/2026 13:01:44;2026-08-15T11:01:44.476Z;Courses hippiques (PMU);OK;3,9;3939
15/08/2026 13:01:44;2026-08-15T11:01:44.476Z;Courses de lévriers;OK;5,3;5321
15/08/2026 13:13:19;2026-08-15T11:13:19.017Z;Courses hippiques (PMU);ECHEC;3,8;3833
15/08/2026 13:13:19;2026-08-15T11:13:19.017Z;Courses de lévriers;OK;6,3;6340
15/08/2026 13:25:24;2026-08-15T11:25:24.105Z;Courses hippiques (PMU);OK;5,1;5118
15/08/2026 13:25:24;2026-08-15T11:25:24.105Z;Courses de lévriers;OK;4,5;4502
15/08/2026 13:37:22;2026-08-15T11:37:22.560Z;Courses hippiques (PMU);OK;5,4;5370
15/08/2026 13:37:22;2026-08-15T11:37:22.560Z;Courses de lévriers;OK;5,6;5581
15/08/2026 13:49:31;2026-08-15T11:49:31.381Z;Courses hippiques (PMU);OK;5,1;5086
15/08/2026 13:49:31;2026-08-15T11:49:31.381Z;Courses de lévriers;OK;4,7;4669
15/08/2026 14:01:50;2026-08-15T12:01:50.988Z;Courses hippiques (PMU);OK;3,9;3900
15/08/2026 14:01:50;2026-08-15T12:01:50.988Z;Courses de lévriers;OK;4,6;4621
15/08/2026 14:13:21;2026-08-15T12:13:21.949Z;Courses hippiques (PMU);ECHEC;4,0;4017
15/08/2026 14:13:21;2026-08-15T12:13:21.949Z;Courses de lévriers;OK;4,4;4358
15/08/2026 14:25:18;2026-08-15T12:25:18.419Z;Courses hippiques (PMU);OK;3,1;3098
15/08/2026 14:25:18;2026-08-15T12:25:18.419Z;Courses de lévriers;OK;3,6;3597
15/08/2026 14:37:26;2026-08-15T12:37:26.127Z;Courses hippiques (PMU);OK;4,0;4028
15/08/2026 14:37:26;2026-08-15T12:37:26.127Z;Courses de lévriers;OK;5,6;5612
15/08/2026 14:49:22;2026-08-15T12:49:22.925Z;Courses hippiques (PMU);OK;5,1;5138
15/08/2026 14:49:22;2026-08-15T12:49:22.925Z;Courses de lévriers;OK;5,5;5481
15/08/2026 15:01:04;2026-08-15T13:01:04.777Z;Courses hippiques (PMU);OK;4,1;4149
15/08/2026 15:01:04;2026-08-15T13:01:04.777Z;Courses de lévriers;OK;4,4;4359
15/08/2026 15:13:23;2026-08-15T13:13:23.410Z;Courses hippiques (PMU);OK;5,2;5152
15/08/2026 15:13:23;2026-08-15T13:13:23.410Z;Courses de lévriers;OK;5,5;5497
15/08/2026 15:25:18;2026-08-15T13:25:18.987Z;Courses hippiques (PMU);ECHEC;4,1;4103
15/08/2026 15:25:18;2026-08-15T13:25:18.987Z;Courses de lévriers;OK;4,4;4413
15/08/2026 15:37:24;2026-08-15T13:37:24.049Z;Courses hippiques (PMU);OK;5,2;5208
15/08/2026 15:37:24;2026-08-15T13:37:24.049Z;Courses de lévriers;OK;4,3;4319
15/08/2026 15:49:16;2026-08-15T13:49:16.102Z;Courses hippiques (PMU);ECHEC;3,5;3475
15/08/2026 15:49:16;2026-08-15T13:49:16.102Z;Courses de lévriers;OK;3,7;3748
15/08/2026 16:01:49;2026-08-15T14:01:49.952Z;Courses hippiques (PMU);OK;4,4;4397
15/08/2026 16:01:49;2026-08-15T14:01:49.952Z;Courses de lévriers;OK;3,7;3702
15/08/2026 16:13:22;2026-08-15T14:13:22.255Z;Courses hippiques (PMU);OK;4,9;4906
15/08/2026 16:13:22;2026-08-15T14:13:22.255Z;Courses de lévriers;OK;4,4;4423
15/08/2026 16:25:23;2026-08-15T14:25:23.875Z;Courses hippiques (PMU);OK;4,7;4717
15/08/2026 16:25:23;2026-08-15T14:25:23.875Z;Courses de lévriers;OK;4,3;4344
15/08/2026 16:37:22;2026-08-15T14:37:22.415Z;Courses hippiques (PMU);OK;3,2;3242
15/08/2026 16:37:22;2026-08-15T14:37:22.415Z;Courses de lévriers;OK;3,6;3600
15/08/2026 16:49:31;2026-08-15T14:49:31.106Z;Courses hippiques (PMU);OK;4,1;4147
15/08/2026 16:49:31;2026-08-15T14:49:31.106Z;Courses de lévriers;OK;3,8;3834
15/08/2026 17:01:50;2026-08-15T15:01:50.428Z;Courses hippiques (PMU);OK;4,2;4163
15/08/2026 17:01:50;2026-08-15T15:01:50.428Z;Courses de lévriers;OK;4,4;4412
15/08/2026 17:13:27;2026-08-15T15:13:27.619Z;Courses hippiques (PMU);OK;4,1;4109
15/08/2026 17:13:27;2026-08-15T15:13:27.619Z;Courses de lévriers;OK;4,4;4366
15/08/2026 17:25:27;2026-08-15T15:25:27.628Z;Courses hippiques (PMU);OK;4,0;4009
15/08/2026 17:25:27;2026-08-15T15:25:27.628Z;Courses de lévriers;OK;4,3;4309
15/08/2026 17:37:08;2026-08-15T15:37:08.756Z;Courses hippiques (PMU);OK;3,4;3439
15/08/2026 17:37:08;2026-08-15T15:37:08.756Z;Courses de lévriers;OK;3,7;3721
15/08/2026 17:49:29;2026-08-15T15:49:29.205Z;Courses hippiques (PMU);OK;5,0;4979
15/08/2026 17:49:29;2026-08-15T15:49:29.205Z;Courses de lévriers;OK;5,6;5612
15/08/2026 18:01:51;2026-08-15T16:01:51.586Z;Courses hippiques (PMU);OK;4,3;4330
15/08/2026 18:01:51;2026-08-15T16:01:51.586Z;Courses de lévriers;OK;3,9;3856
15/08/2026 18:13:20;2026-08-15T16:13:20.352Z;Courses hippiques (PMU);OK;4,4;4388
15/08/2026 18:13:20;2026-08-15T16:13:20.352Z;Courses de lévriers;OK;3,8;3775
15/08/2026 18:25:27;2026-08-15T16:25:27.608Z;Courses hippiques (PMU);ECHEC;4,3;4335
15/08/2026 18:25:27;2026-08-15T16:25:27.608Z;Courses de lévriers;OK;5,0;4980
15/08/2026 18:37:26;2026-08-15T16:37:26.806Z;Courses hippiques (PMU);OK;3,4;3366
15/08/2026 18:37:26;2026-08-15T16:37:26.806Z;Courses de lévriers;OK;3,6;3610
15/08/2026 18:49:23;2026-08-15T16:49:23.363Z;Courses hippiques (PMU);OK;3,3;3343
15/08/2026 18:49:23;2026-08-15T16:49:23.363Z;Courses de lévriers;OK;3,6;3643
15/08/2026 19:01:52;2026-08-15T17:01:52.368Z;Courses hippiques (PMU);OK;3,0;2975
15/08/2026 19:01:52;2026-08-15T17:01:52.368Z;Courses de lévriers;OK;3,9;3927
15/08/2026 19:13:18;2026-08-15T17:13:18.372Z;Courses hippiques (PMU);OK;4,0;4036
15/08/2026 19:13:18;2026-08-15T17:13:18.372Z;Courses de lévriers;OK;4,4;4371
15/08/2026 19:25:28;2026-08-15T17:25:28.374Z;Courses hippiques (PMU);OK;3,4;3351
15/08/2026 19:25:28;2026-08-15T17:25:28.374Z;Courses de lévriers;OK;4,3;4312
15/08/2026 19:37:34;2026-08-15T17:37:34.283Z;Courses hippiques (PMU);OK;4,4;4362
15/08/2026 19:37:34;2026-08-15T17:37:34.283Z;Courses de lévriers;OK;4,0;3972
15/08/2026 19:49:25;2026-08-15T17:49:25.715Z;Courses hippiques (PMU);OK;3,1;3129
15/08/2026 19:49:25;2026-08-15T17:49:25.715Z;Courses de lévriers;OK;2,7;2701
15/08/2026 20:01:52;2026-08-15T18:01:52.062Z;Courses hippiques (PMU);OK;4,6;4647
15/08/2026 20:01:52;2026-08-15T18:01:52.062Z;Courses de lévriers;OK;4,8;4755
15/08/2026 20:13:30;2026-08-15T18:13:30.242Z;Courses hippiques (PMU);OK;5,2;5187
15/08/2026 20:13:30;2026-08-15T18:13:30.242Z;Courses de lévriers;OK;4,7;4735
15/08/2026 20:25:16;2026-08-15T18:25:16.019Z;Courses hippiques (PMU);OK;4,1;4078
15/08/2026 20:25:16;2026-08-15T18:25:16.019Z;Courses de lévriers;OK;4,7;4657
15/08/2026 20:37:22;2026-08-15T18:37:22.875Z;Courses hippiques (PMU);OK;6,4;6413
15/08/2026 20:37:22;2026-08-15T18:37:22.875Z;Courses de lévriers;OK;4,9;4879
15/08/2026 20:49:19;2026-08-15T18:49:19.650Z;Courses hippiques (PMU);OK;5,0;4975
15/08/2026 20:49:19;2026-08-15T18:49:19.650Z;Courses de lévriers;OK;5,0;5018
15/08/2026 21:01:50;2026-08-15T19:01:50.697Z;Courses hippiques (PMU);ECHEC;4,1;4103
15/08/2026 21:01:50;2026-08-15T19:01:50.697Z;Courses de lévriers;OK;3,9;3884
15/08/2026 21:13:21;2026-08-15T19:13:21.816Z;Courses hippiques (PMU);OK;3,6;3608
15/08/2026 21:13:21;2026-08-15T19:13:21.816Z;Courses de lévriers;OK;3,9;3871
15/08/2026 21:25:18;2026-08-15T19:25:18.025Z;Courses hippiques (PMU);OK;3,4;3381
15/08/2026 21:25:18;2026-08-15T19:25:18.025Z;Courses de lévriers;OK;4,9;4929
15/08/2026 21:37:22;2026-08-15T19:37:22.073Z;Courses hippiques (PMU);OK;5,1;5122
15/08/2026 21:37:22;2026-08-15T19:37:22.073Z;Courses de lévriers;OK;6,1;6076
15/08/2026 21:49:22;2026-08-15T19:49:22.343Z;Courses hippiques (PMU);OK;4,5;4497
15/08/2026 21:49:22;2026-08-15T19:49:22.343Z;Courses de lévriers;OK;4,4;4439
15/08/2026 22:01:56;2026-08-15T20:01:56.166Z;Courses hippiques (PMU);OK;5,1;5085
15/08/2026 22:01:56;2026-08-15T20:01:56.166Z;Courses de lévriers;OK;4,9;4895
15/08/2026 22:13:29;2026-08-15T20:13:29.105Z;Courses hippiques (PMU);OK;5,2;5243
15/08/2026 22:13:29;2026-08-15T20:13:29.105Z;Courses de lévriers;OK;4,9;4910
15/08/2026 22:25:25;2026-08-15T20:25:25.595Z;Courses hippiques (PMU);OK;5,4;5430
15/08/2026 22:25:25;2026-08-15T20:25:25.595Z;Courses de lévriers;OK;5,9;5944
15/08/2026 22:37:20;2026-08-15T20:37:20.697Z;Courses hippiques (PMU);OK;4,0;3973
15/08/2026 22:37:20;2026-08-15T20:37:20.697Z;Courses de lévriers;OK;4,4;4424
15/08/2026 22:49:18;2026-08-15T20:49:18.157Z;Courses hippiques (PMU);OK;5,0;4982
15/08/2026 22:49:18;2026-08-15T20:49:18.157Z;Courses de lévriers;OK;3,3;3342
15/08/2026 23:01:58;2026-08-15T21:01:58.834Z;Courses hippiques (PMU);OK;4,8;4772
15/08/2026 23:01:58;2026-08-15T21:01:58.834Z;Courses de lévriers;OK;5,0;4997
15/08/2026 23:13:20;2026-08-15T21:13:20.040Z;Courses hippiques (PMU);OK;4,7;4661
15/08/2026 23:13:20;2026-08-15T21:13:20.040Z;Courses de lévriers;OK;5,6;5598
15/08/2026 23:25:24;2026-08-15T21:25:24.913Z;Courses hippiques (PMU);OK;6,4;6407
15/08/2026 23:25:24;2026-08-15T21:25:24.913Z;Courses de lévriers;OK;5,0;5039
15/08/2026 23:37:31;2026-08-15T21:37:31.633Z;Courses hippiques (PMU);OK;5,0;5039
15/08/2026 23:37:31;2026-08-15T21:37:31.633Z;Courses de lévriers;OK;4,5;4545
15/08/2026 23:49:50;2026-08-15T21:49:50.534Z;Courses hippiques (PMU);OK;5,3;5280
15/08/2026 23:49:50;2026-08-15T21:49:50.534Z;Courses de lévriers;OK;3,5;3498
16/08/2026 03:58:52;2026-08-16T01:58:52.062Z;Courses hippiques (PMU);OK;1,7;1742
16/08/2026 03:58:52;2026-08-16T01:58:52.062Z;Courses de lévriers;OK;1,3;1271
16/08/2026 06:01:30;2026-08-16T04:01:30.665Z;Courses hippiques (PMU);OK;2,6;2562
16/08/2026 06:01:30;2026-08-16T04:01:30.665Z;Courses de lévriers;OK;2,1;2099
16/08/2026 08:01:49;2026-08-16T06:01:49.174Z;Courses hippiques (PMU);OK;2,3;2348
16/08/2026 08:01:49;2026-08-16T06:01:49.174Z;Courses de lévriers;OK;1,6;1629
16/08/2026 08:13:22;2026-08-16T06:13:22.187Z;Courses hippiques (PMU);OK;1,9;1860
16/08/2026 08:13:22;2026-08-16T06:13:22.187Z;Courses de lévriers;OK;1,3;1321
16/08/2026 08:25:24;2026-08-16T06:25:24.475Z;Courses hippiques (PMU);OK;2,4;2423
16/08/2026 08:25:24;2026-08-16T06:25:24.475Z;Courses de lévriers;OK;3,2;3229
16/08/2026 08:37:15;2026-08-16T06:37:15.526Z;Courses hippiques (PMU);OK;3,9;3871
16/08/2026 08:37:15;2026-08-16T06:37:15.526Z;Courses de lévriers;OK;4,6;4588
16/08/2026 08:49:24;2026-08-16T06:49:24.903Z;Courses hippiques (PMU);OK;4,4;4398
16/08/2026 08:49:24;2026-08-16T06:49:24.903Z;Courses de lévriers;OK;4,7;4739
16/08/2026 09:01:20;2026-08-16T07:01:20.756Z;Courses hippiques (PMU);OK;4,6;4564
16/08/2026 09:01:20;2026-08-16T07:01:20.756Z;Courses de lévriers;OK;6,9;6898
16/08/2026 09:13:28;2026-08-16T07:13:28.824Z;Courses hippiques (PMU);OK;4,7;4700
16/08/2026 09:13:28;2026-08-16T07:13:28.824Z;Courses de lévriers;OK;5,9;5919
16/08/2026 09:25:25;2026-08-16T07:25:25.298Z;Courses hippiques (PMU);ECHEC;3,2;3152
16/08/2026 09:25:25;2026-08-16T07:25:25.298Z;Courses de lévriers;OK;3,7;3720
16/08/2026 09:37:26;2026-08-16T07:37:26.830Z;Courses hippiques (PMU);OK;4,1;4074
16/08/2026 09:37:26;2026-08-16T07:37:26.830Z;Courses de lévriers;OK;4,7;4708
16/08/2026 09:49:23;2026-08-16T07:49:23.316Z;Courses hippiques (PMU);OK;4,4;4434
16/08/2026 09:49:23;2026-08-16T07:49:23.316Z;Courses de lévriers;OK;5,6;5645
16/08/2026 10:02:07;2026-08-16T08:02:07.198Z;Courses hippiques (PMU);OK;4,6;4609
16/08/2026 10:02:07;2026-08-16T08:02:07.198Z;Courses de lévriers;OK;5,5;5490
16/08/2026 10:13:20;2026-08-16T08:13:20.004Z;Courses hippiques (PMU);OK;3,7;3705
16/08/2026 10:13:20;2026-08-16T08:13:20.004Z;Courses de lévriers;OK;4,4;4375
16/08/2026 10:25:29;2026-08-16T08:25:29.124Z;Courses hippiques (PMU);OK;4,7;4736
16/08/2026 10:25:29;2026-08-16T08:25:29.124Z;Courses de lévriers;OK;5,5;5514
16/08/2026 10:37:28;2026-08-16T08:37:28.179Z;Courses hippiques (PMU);OK;4,2;4241
16/08/2026 10:37:28;2026-08-16T08:37:28.179Z;Courses de lévriers;OK;5,0;5015
16/08/2026 10:49:14;2026-08-16T08:49:14.636Z;Courses hippiques (PMU);ECHEC;3,7;3698
16/08/2026 10:49:14;2026-08-16T08:49:14.636Z;Courses de lévriers;OK;4,6;4567
16/08/2026 11:01:57;2026-08-16T09:01:57.108Z;Courses hippiques (PMU);OK;3,9;3867
16/08/2026 11:01:57;2026-08-16T09:01:57.108Z;Courses de lévriers;OK;4,3;4307
16/08/2026 11:13:19;2026-08-16T09:13:19.808Z;Courses hippiques (PMU);OK;4,5;4539
16/08/2026 11:13:19;2026-08-16T09:13:19.808Z;Courses de lévriers;OK;5,6;5590
16/08/2026 11:25:26;2026-08-16T09:25:26.190Z;Courses hippiques (PMU);OK;4,5;4480
16/08/2026 11:25:26;2026-08-16T09:25:26.190Z;Courses de lévriers;OK;5,1;5108
16/08/2026 11:37:23;2026-08-16T09:37:23.141Z;Courses hippiques (PMU);OK;5,2;5246
16/08/2026 11:37:23;2026-08-16T09:37:23.141Z;Courses de lévriers;OK;5,1;5141
16/08/2026 11:44:03;2026-08-16T09:44:03.018Z;Courses hippiques (PMU);OK;4,3;4318
16/08/2026 11:44:03;2026-08-16T09:44:03.018Z;Courses de lévriers;OK;4,7;4729
16/08/2026 11:49:23;2026-08-16T09:49:23.538Z;Courses hippiques (PMU);OK;5,1;5146
16/08/2026 11:49:23;2026-08-16T09:49:23.538Z;Courses de lévriers;OK;5,6;5557
16/08/2026 12:02:01;2026-08-16T10:02:01.114Z;Courses hippiques (PMU);ECHEC;4,7;4693
16/08/2026 12:02:01;2026-08-16T10:02:01.114Z;Courses de lévriers;OK;5,6;5629
16/08/2026 12:13:28;2026-08-16T10:13:28.581Z;Courses hippiques (PMU);OK;3,9;3932
16/08/2026 12:13:28;2026-08-16T10:13:28.581Z;Courses de lévriers;OK;6,0;6021
16/08/2026 12:25:29;2026-08-16T10:25:29.804Z;Courses hippiques (PMU);OK;5,1;5056
16/08/2026 12:25:29;2026-08-16T10:25:29.804Z;Courses de lévriers;OK;5,6;5588
16/08/2026 12:37:18;2026-08-16T10:37:18.403Z;Courses hippiques (PMU);OK;4,2;4199
16/08/2026 12:37:18;2026-08-16T10:37:18.403Z;Courses de lévriers;OK;4,4;4351
16/08/2026 12:49:28;2026-08-16T10:49:28.154Z;Courses hippiques (PMU);OK;4,9;4876
16/08/2026 12:49:28;2026-08-16T10:49:28.154Z;Courses de lévriers;OK;5,6;5605
16/08/2026 13:01:43;2026-08-16T11:01:43.142Z;Courses hippiques (PMU);OK;3,9;3905
16/08/2026 13:01:43;2026-08-16T11:01:43.142Z;Courses de lévriers;OK;4,4;4405
16/08/2026 13:13:22;2026-08-16T11:13:22.458Z;Courses hippiques (PMU);OK;4,1;4066
16/08/2026 13:13:22;2026-08-16T11:13:22.458Z;Courses de lévriers;OK;4,5;4522
16/08/2026 13:25:20;2026-08-16T11:25:20.245Z;Courses hippiques (PMU);OK;5,1;5136
16/08/2026 13:25:20;2026-08-16T11:25:20.245Z;Courses de lévriers;OK;5,6;5614
16/08/2026 13:37:20;2026-08-16T11:37:20.845Z;Courses hippiques (PMU);ECHEC;5,3;5337
16/08/2026 13:37:20;2026-08-16T11:37:20.845Z;Courses de lévriers;OK;4,7;4668
16/08/2026 13:49:23;2026-08-16T11:49:23.722Z;Courses hippiques (PMU);OK;4,9;4941
16/08/2026 13:49:23;2026-08-16T11:49:23.722Z;Courses de lévriers;OK;5,3;5288
16/08/2026 14:02:02;2026-08-16T12:02:02.065Z;Courses hippiques (PMU);OK;5,0;5000
16/08/2026 14:02:02;2026-08-16T12:02:02.065Z;Courses de lévriers;OK;5,6;5615
16/08/2026 14:13:25;2026-08-16T12:13:25.988Z;Courses hippiques (PMU);OK;3,9;3854
16/08/2026 14:13:25;2026-08-16T12:13:25.988Z;Courses de lévriers;OK;5,8;5797
16/08/2026 14:25:32;2026-08-16T12:25:32.517Z;Courses hippiques (PMU);ECHEC;4,1;4141
16/08/2026 14:25:32;2026-08-16T12:25:32.517Z;Courses de lévriers;OK;5,5;5547
16/08/2026 14:37:21;2026-08-16T12:37:21.837Z;Courses hippiques (PMU);ECHEC;3,7;3674
16/08/2026 14:37:21;2026-08-16T12:37:21.837Z;Courses de lévriers;OK;4,4;4406
16/08/2026 14:49:30;2026-08-16T12:49:30.964Z;Courses hippiques (PMU);OK;4,5;4474
16/08/2026 14:49:30;2026-08-16T12:49:30.964Z;Courses de lévriers;OK;5,6;5606
16/08/2026 15:01:59;2026-08-16T13:01:59.832Z;Courses hippiques (PMU);OK;5,0;5041
16/08/2026 15:01:59;2026-08-16T13:01:59.832Z;Courses de lévriers;OK;4,7;4689
16/08/2026 15:03:25;2026-08-16T13:03:25.770Z;Courses hippiques (PMU);ECHEC;1,3;1349
16/08/2026 15:03:25;2026-08-16T13:03:25.770Z;Courses de lévriers;ECHEC;20,9;20941
16/08/2026 15:13:19;2026-08-16T13:13:19.146Z;Courses hippiques (PMU);OK;4,5;4526
16/08/2026 15:13:19;2026-08-16T13:13:19.146Z;Courses de lévriers;OK;5,1;5118
16/08/2026 15:25:20;2026-08-16T13:25:20.392Z;Courses hippiques (PMU);OK;5,1;5051
16/08/2026 15:25:20;2026-08-16T13:25:20.392Z;Courses de lévriers;OK;5,3;5291
16/08/2026 15:37:35;2026-08-16T13:37:35.387Z;Courses hippiques (PMU);OK;4,1;4098
16/08/2026 15:37:35;2026-08-16T13:37:35.387Z;Courses de lévriers;OK;4,5;4500
16/08/2026 15:49:24;2026-08-16T13:49:24.281Z;Courses hippiques (PMU);OK;5,0;5021
16/08/2026 15:49:24;2026-08-16T13:49:24.281Z;Courses de lévriers;OK;5,5;5541
16/08/2026 16:01:47;2026-08-16T14:01:47.913Z;Courses hippiques (PMU);OK;4,8;4830
16/08/2026 16:01:47;2026-08-16T14:01:47.913Z;Courses de lévriers;OK;4,6;4584
16/08/2026 16:13:29;2026-08-16T14:13:29.088Z;Courses hippiques (PMU);ECHEC;3,9;3932
16/08/2026 16:13:29;2026-08-16T14:13:29.088Z;Courses de lévriers;OK;4,6;4583
16/08/2026 16:25:30;2026-08-16T14:25:30.587Z;Courses hippiques (PMU);OK;5,0;5036
16/08/2026 16:25:30;2026-08-16T14:25:30.587Z;Courses de lévriers;OK;4,9;4867
16/08/2026 16:37:23;2026-08-16T14:37:23.038Z;Courses hippiques (PMU);OK;4,9;4920
16/08/2026 16:37:23;2026-08-16T14:37:23.038Z;Courses de lévriers;OK;4,6;4551
16/08/2026 16:49:23;2026-08-16T14:49:23.799Z;Courses hippiques (PMU);OK;4,1;4053
16/08/2026 16:49:23;2026-08-16T14:49:23.799Z;Courses de lévriers;OK;4,5;4533
16/08/2026 17:02:06;2026-08-16T15:02:06.092Z;Courses hippiques (PMU);OK;4,3;4305
16/08/2026 17:02:06;2026-08-16T15:02:06.092Z;Courses de lévriers;OK;4,6;4596
16/08/2026 17:13:24;2026-08-16T15:13:24.688Z;Courses hippiques (PMU);OK;4,2;4178
16/08/2026 17:13:24;2026-08-16T15:13:24.688Z;Courses de lévriers;OK;4,0;3957
16/08/2026 17:25:26;2026-08-16T15:25:26.637Z;Courses hippiques (PMU);ECHEC;4,6;4584
16/08/2026 17:25:26;2026-08-16T15:25:26.637Z;Courses de lévriers;OK;5,7;5741
16/08/2026 17:37:28;2026-08-16T15:37:28.322Z;Courses hippiques (PMU);OK;5,0;5011
16/08/2026 17:37:28;2026-08-16T15:37:28.322Z;Courses de lévriers;OK;5,5;5550
16/08/2026 17:38:41;2026-08-16T15:38:41.569Z;Courses hippiques (PMU);OK;6,2;6207
16/08/2026 17:38:41;2026-08-16T15:38:41.569Z;Courses de lévriers;OK;5,9;5890
16/08/2026 17:49:23;2026-08-16T15:49:23.756Z;Courses hippiques (PMU);OK;3,7;3745
16/08/2026 17:49:23;2026-08-16T15:49:23.756Z;Courses de lévriers;OK;4,3;4308
16/08/2026 18:01:50;2026-08-16T16:01:50.945Z;Courses hippiques (PMU);OK;3,8;3816
16/08/2026 18:01:50;2026-08-16T16:01:50.945Z;Courses de lévriers;OK;4,4;4420
16/08/2026 18:13:24;2026-08-16T16:13:24.823Z;Courses hippiques (PMU);ECHEC;4,3;4343
16/08/2026 18:13:24;2026-08-16T16:13:24.823Z;Courses de lévriers;OK;5,8;5798
16/08/2026 18:25:28;2026-08-16T16:25:28.478Z;Courses hippiques (PMU);OK;3,8;3766
16/08/2026 18:25:28;2026-08-16T16:25:28.478Z;Courses de lévriers;OK;4,3;4309
16/08/2026 18:37:30;2026-08-16T16:37:30.114Z;Courses hippiques (PMU);OK;4,0;3983
16/08/2026 18:37:30;2026-08-16T16:37:30.114Z;Courses de lévriers;OK;4,4;4386
16/08/2026 18:49:20;2026-08-16T16:49:20.567Z;Courses hippiques (PMU);OK;4,0;3983
16/08/2026 18:49:20;2026-08-16T16:49:20.567Z;Courses de lévriers;OK;4,4;4371
16/08/2026 19:01:49;2026-08-16T17:01:49.223Z;Courses hippiques (PMU);OK;3,6;3626
16/08/2026 19:01:49;2026-08-16T17:01:49.223Z;Courses de lévriers;OK;3,8;3801
16/08/2026 19:13:24;2026-08-16T17:13:24.599Z;Courses hippiques (PMU);OK;5,2;5209
16/08/2026 19:13:24;2026-08-16T17:13:24.599Z;Courses de lévriers;OK;5,5;5538
16/08/2026 19:25:18;2026-08-16T17:25:18.335Z;Courses hippiques (PMU);OK;3,9;3945
16/08/2026 19:25:18;2026-08-16T17:25:18.335Z;Courses de lévriers;OK;4,8;4829
16/08/2026 19:37:16;2026-08-16T17:37:16.635Z;Courses hippiques (PMU);OK;4,4;4363
16/08/2026 19:37:16;2026-08-16T17:37:16.635Z;Courses de lévriers;OK;4,7;4746
16/08/2026 19:49:20;2026-08-16T17:49:20.137Z;Courses hippiques (PMU);OK;4,6;4620
16/08/2026 19:49:20;2026-08-16T17:49:20.137Z;Courses de lévriers;OK;6,9;6918
16/08/2026 20:01:56;2026-08-16T18:01:56.271Z;Courses hippiques (PMU);OK;4,7;4716
16/08/2026 20:01:56;2026-08-16T18:01:56.271Z;Courses de lévriers;ECHEC;4,5;4470
16/08/2026 20:13:18;2026-08-16T18:13:18.642Z;Courses hippiques (PMU);OK;4,0;4033
16/08/2026 20:13:18;2026-08-16T18:13:18.642Z;Courses de lévriers;OK;5,7;5659
16/08/2026 20:25:17;2026-08-16T18:25:17.500Z;Courses hippiques (PMU);OK;4,2;4225
16/08/2026 20:25:17;2026-08-16T18:25:17.500Z;Courses de lévriers;OK;4,3;4269
16/08/2026 20:37:21;2026-08-16T18:37:21.948Z;Courses hippiques (PMU);OK;4,0;3966
16/08/2026 20:37:21;2026-08-16T18:37:21.948Z;Courses de lévriers;OK;4,5;4507
16/08/2026 20:48:47;2026-08-16T18:48:47.111Z;Courses hippiques (PMU);OK;5,0;4952
16/08/2026 20:48:47;2026-08-16T18:48:47.111Z;Courses de lévriers;OK;4,8;4777
16/08/2026 21:01:44;2026-08-16T19:01:44.882Z;Courses hippiques (PMU);OK;3,9;3898
16/08/2026 21:01:44;2026-08-16T19:01:44.882Z;Courses de lévriers;OK;4,3;4269
16/08/2026 21:13:22;2026-08-16T19:13:22.181Z;Courses hippiques (PMU);OK;3,9;3891
16/08/2026 21:13:22;2026-08-16T19:13:22.181Z;Courses de lévriers;OK;5,9;5904
16/08/2026 21:25:15;2026-08-16T19:25:15.527Z;Courses hippiques (PMU);OK;4,0;3994
16/08/2026 21:25:15;2026-08-16T19:25:15.527Z;Courses de lévriers;OK;4,5;4467
16/08/2026 21:37:26;2026-08-16T19:37:26.440Z;Courses hippiques (PMU);OK;4,0;3998
16/08/2026 21:37:26;2026-08-16T19:37:26.440Z;Courses de lévriers;OK;4,3;4312
16/08/2026 21:49:19;2026-08-16T19:49:19.970Z;Courses hippiques (PMU);OK;3,7;3660
16/08/2026 21:49:19;2026-08-16T19:49:19.970Z;Courses de lévriers;OK;4,4;4390
16/08/2026 22:01:47;2026-08-16T20:01:47.073Z;Courses hippiques (PMU);OK;3,6;3568
16/08/2026 22:01:47;2026-08-16T20:01:47.073Z;Courses de lévriers;OK;4,4;4362
16/08/2026 22:13:22;2026-08-16T20:13:22.975Z;Courses hippiques (PMU);OK;4,4;4394
16/08/2026 22:13:22;2026-08-16T20:13:22.975Z;Courses de lévriers;OK;6,0;6036
16/08/2026 22:25:25;2026-08-16T20:25:25.520Z;Courses hippiques (PMU);OK;6,1;6072
16/08/2026 22:25:25;2026-08-16T20:25:25.520Z;Courses de lévriers;OK;4,9;4949
16/08/2026 22:37:19;2026-08-16T20:37:19.052Z;Courses hippiques (PMU);OK;4,8;4839
16/08/2026 22:37:19;2026-08-16T20:37:19.052Z;Courses de lévriers;OK;5,6;5639
16/08/2026 22:49:20;2026-08-16T20:49:20.271Z;Courses hippiques (PMU);OK;4,1;4106
16/08/2026 22:49:20;2026-08-16T20:49:20.271Z;Courses de lévriers;OK;4,6;4597
16/08/2026 23:01:48;2026-08-16T21:01:48.425Z;Courses hippiques (PMU);OK;5,4;5432
16/08/2026 23:01:48;2026-08-16T21:01:48.425Z;Courses de lévriers;OK;5,0;5032
16/08/2026 23:13:31;2026-08-16T21:13:31.139Z;Courses hippiques (PMU);OK;5,3;5252
16/08/2026 23:13:31;2026-08-16T21:13:31.139Z;Courses de lévriers;OK;5,8;5841
16/08/2026 23:25:19;2026-08-16T21:25:19.339Z;Courses hippiques (PMU);OK;4,3;4344
16/08/2026 23:25:19;2026-08-16T21:25:19.339Z;Courses de lévriers;OK;5,8;5778
16/08/2026 23:36:15;2026-08-16T21:36:15.107Z;Courses hippiques (PMU);OK;4,4;4378
16/08/2026 23:36:15;2026-08-16T21:36:15.107Z;Courses de lévriers;OK;5,0;5039
16/08/2026 23:37:21;2026-08-16T21:37:21.072Z;Courses hippiques (PMU);OK;4,7;4695
16/08/2026 23:37:21;2026-08-16T21:37:21.072Z;Courses de lévriers;OK;5,7;5675
16/08/2026 23:49:16;2026-08-16T21:49:16.356Z;Courses hippiques (PMU);OK;4,2;4164
16/08/2026 23:49:16;2026-08-16T21:49:16.356Z;Courses de lévriers;OK;5,8;5783
17/08/2026 03:56:44;2026-08-17T01:56:44.244Z;Courses hippiques (PMU);OK;2,2;2203
17/08/2026 03:56:44;2026-08-17T01:56:44.244Z;Courses de lévriers;OK;3,3;3260
17/08/2026 06:04:48;2026-08-17T04:04:48.381Z;Courses hippiques (PMU);OK;2,2;2175
17/08/2026 06:04:48;2026-08-17T04:04:48.381Z;Courses de lévriers;OK;1,5;1523
17/08/2026 08:01:45;2026-08-17T06:01:45.807Z;Courses hippiques (PMU);OK;2,3;2251
17/08/2026 08:01:45;2026-08-17T06:01:45.807Z;Courses de lévriers;OK;1,5;1483
17/08/2026 08:13:21;2026-08-17T06:13:21.795Z;Courses hippiques (PMU);OK;2,2;2244
17/08/2026 08:13:21;2026-08-17T06:13:21.795Z;Courses de lévriers;OK;1,6;1632
17/08/2026 08:25:17;2026-08-17T06:25:17.490Z;Courses hippiques (PMU);OK;2,7;2677
17/08/2026 08:25:17;2026-08-17T06:25:17.490Z;Courses de lévriers;OK;1,8;1803
17/08/2026 08:37:19;2026-08-17T06:37:19.791Z;Courses hippiques (PMU);OK;4,3;4322
17/08/2026 08:37:19;2026-08-17T06:37:19.791Z;Courses de lévriers;OK;3,8;3764
17/08/2026 08:49:16;2026-08-17T06:49:16.920Z;Courses hippiques (PMU);OK;5,0;4966
17/08/2026 08:49:16;2026-08-17T06:49:16.920Z;Courses de lévriers;OK;4,3;4294
17/08/2026 09:01:48;2026-08-17T07:01:48.405Z;Courses hippiques (PMU);OK;4,4;4384
17/08/2026 09:01:48;2026-08-17T07:01:48.405Z;Courses de lévriers;OK;3,5;3536
17/08/2026 09:13:18;2026-08-17T07:13:18.896Z;Courses hippiques (PMU);OK;5,1;5094
17/08/2026 09:13:18;2026-08-17T07:13:18.896Z;Courses de lévriers;OK;4,3;4334
17/08/2026 09:18:18;2026-08-17T07:18:18.516Z;Courses hippiques (PMU);OK;3,6;3559
17/08/2026 09:18:18;2026-08-17T07:18:18.516Z;Courses de lévriers;OK;3,6;3601
17/08/2026 09:25:24;2026-08-17T07:25:24.650Z;Courses hippiques (PMU);OK;3,5;3469
17/08/2026 09:25:24;2026-08-17T07:25:24.650Z;Courses de lévriers;OK;3,8;3796
17/08/2026 09:37:19;2026-08-17T07:37:19.355Z;Courses hippiques (PMU);OK;4,8;4759
17/08/2026 09:37:19;2026-08-17T07:37:19.355Z;Courses de lévriers;OK;5,3;5338
17/08/2026 09:49:23;2026-08-17T07:49:23.394Z;Courses hippiques (PMU);OK;4,8;4779
17/08/2026 09:49:23;2026-08-17T07:49:23.394Z;Courses de lévriers;OK;5,3;5306
17/08/2026 10:01:51;2026-08-17T08:01:51.937Z;Courses hippiques (PMU);OK;3,8;3779
17/08/2026 10:01:51;2026-08-17T08:01:51.937Z;Courses de lévriers;OK;3,7;3677
17/08/2026 10:13:23;2026-08-17T08:13:23.832Z;Courses hippiques (PMU);OK;5,3;5308
17/08/2026 10:13:23;2026-08-17T08:13:23.832Z;Courses de lévriers;OK;5,9;5878
17/08/2026 10:25:22;2026-08-17T08:25:22.418Z;Courses hippiques (PMU);OK;4,9;4875
17/08/2026 10:25:22;2026-08-17T08:25:22.418Z;Courses de lévriers;OK;4,7;4703
17/08/2026 10:37:17;2026-08-17T08:37:17.765Z;Courses hippiques (PMU);OK;3,6;3561
17/08/2026 10:37:17;2026-08-17T08:37:17.765Z;Courses de lévriers;OK;3,7;3691
17/08/2026 10:49:27;2026-08-17T08:49:27.824Z;Courses hippiques (PMU);OK;4,9;4875
17/08/2026 10:49:27;2026-08-17T08:49:27.824Z;Courses de lévriers;OK;5,8;5784
17/08/2026 11:01:52;2026-08-17T09:01:52.612Z;Courses hippiques (PMU);OK;5,0;4964
17/08/2026 11:01:52;2026-08-17T09:01:52.612Z;Courses de lévriers;OK;5,6;5580
17/08/2026 11:13:34;2026-08-17T09:13:34.546Z;Courses hippiques (PMU);OK;5,4;5373
17/08/2026 11:13:34;2026-08-17T09:13:34.546Z;Courses de lévriers;OK;5,9;5906
17/08/2026 11:25:28;2026-08-17T09:25:28.840Z;Courses hippiques (PMU);OK;5,3;5252
17/08/2026 11:25:28;2026-08-17T09:25:28.840Z;Courses de lévriers;OK;5,4;5386
17/08/2026 11:37:17;2026-08-17T09:37:17.600Z;Courses hippiques (PMU);OK;4,7;4681
17/08/2026 11:37:17;2026-08-17T09:37:17.600Z;Courses de lévriers;OK;4,6;4591
17/08/2026 11:49:24;2026-08-17T09:49:24.873Z;Courses hippiques (PMU);OK;4,0;3962
17/08/2026 11:49:24;2026-08-17T09:49:24.873Z;Courses de lévriers;OK;4,7;4712
17/08/2026 11:59:56;2026-08-17T09:59:56.124Z;Courses hippiques (PMU);OK;4,5;4472
17/08/2026 11:59:56;2026-08-17T09:59:56.124Z;Courses de lévriers;OK;4,8;4827
17/08/2026 12:01:52;2026-08-17T10:01:52.719Z;Courses hippiques (PMU);OK;4,0;3967
17/08/2026 12:01:52;2026-08-17T10:01:52.719Z;Courses de lévriers;OK;4,0;4009
17/08/2026 12:13:19;2026-08-17T10:13:19.312Z;Courses hippiques (PMU);OK;6,0;6023
17/08/2026 12:13:19;2026-08-17T10:13:19.312Z;Courses de lévriers;OK;4,9;4884
17/08/2026 12:25:22;2026-08-17T10:25:22.532Z;Courses hippiques (PMU);OK;5,0;5031
17/08/2026 12:25:22;2026-08-17T10:25:22.532Z;Courses de lévriers;OK;4,5;4490
17/08/2026 12:37:33;2026-08-17T10:37:33.517Z;Courses hippiques (PMU);OK;5,4;5361
17/08/2026 12:37:33;2026-08-17T10:37:33.517Z;Courses de lévriers;OK;6,4;6353
17/08/2026 12:49:20;2026-08-17T10:49:20.955Z;Courses hippiques (PMU);OK;4,9;4897
17/08/2026 12:49:20;2026-08-17T10:49:20.955Z;Courses de lévriers;OK;5,6;5580
17/08/2026 13:01:50;2026-08-17T11:01:50.475Z;Courses hippiques (PMU);ECHEC;3,3;3339
17/08/2026 13:01:50;2026-08-17T11:01:50.475Z;Courses de lévriers;OK;3,6;3611
17/08/2026 13:13:25;2026-08-17T11:13:25.782Z;Courses hippiques (PMU);OK;5,0;5040
17/08/2026 13:13:25;2026-08-17T11:13:25.782Z;Courses de lévriers;OK;5,6;5616
17/08/2026 13:25:26;2026-08-17T11:25:26.189Z;Courses hippiques (PMU);OK;5,1;5113
17/08/2026 13:25:26;2026-08-17T11:25:26.189Z;Courses de lévriers;OK;5,3;5338
17/08/2026 13:37:18;2026-08-17T11:37:18.947Z;Courses hippiques (PMU);OK;4,8;4789
17/08/2026 13:37:18;2026-08-17T11:37:18.947Z;Courses de lévriers;OK;4,5;4464
17/08/2026 13:49:27;2026-08-17T11:49:27.487Z;Courses hippiques (PMU);OK;4,6;4557
17/08/2026 13:49:27;2026-08-17T11:49:27.487Z;Courses de lévriers;OK;3,8;3824
17/08/2026 14:02:00;2026-08-17T12:02:00.793Z;Courses hippiques (PMU);OK;5,5;5527
17/08/2026 14:02:00;2026-08-17T12:02:00.793Z;Courses de lévriers;OK;5,8;5755
17/08/2026 14:13:34;2026-08-17T12:13:34.935Z;Courses hippiques (PMU);OK;4,3;4305
17/08/2026 14:13:34;2026-08-17T12:13:34.935Z;Courses de lévriers;OK;4,5;4455
17/08/2026 14:25:22;2026-08-17T12:25:22.934Z;Courses hippiques (PMU);OK;4,7;4740
17/08/2026 14:25:22;2026-08-17T12:25:22.934Z;Courses de lévriers;OK;4,9;4903
17/08/2026 14:37:17;2026-08-17T12:37:17.496Z;Courses hippiques (PMU);OK;5,1;5102
17/08/2026 14:37:17;2026-08-17T12:37:17.496Z;Courses de lévriers;OK;4,7;4704
17/08/2026 14:49:24;2026-08-17T12:49:24.634Z;Courses hippiques (PMU);OK;4,9;4918
17/08/2026 14:49:24;2026-08-17T12:49:24.634Z;Courses de lévriers;OK;5,0;4981
17/08/2026 15:02:09;2026-08-17T13:02:09.065Z;Courses hippiques (PMU);OK;5,3;5331
17/08/2026 15:02:09;2026-08-17T13:02:09.065Z;Courses de lévriers;OK;6,7;6711
17/08/2026 15:08:15;2026-08-17T13:08:15.793Z;Courses hippiques (PMU);OK;5,0;5008
17/08/2026 15:08:15;2026-08-17T13:08:15.793Z;Courses de lévriers;OK;4,7;4655
17/08/2026 15:13:20;2026-08-17T13:13:20.298Z;Courses hippiques (PMU);OK;4,9;4868
17/08/2026 15:13:20;2026-08-17T13:13:20.298Z;Courses de lévriers;OK;5,5;5474
17/08/2026 15:25:46;2026-08-17T13:25:46.433Z;Courses hippiques (PMU);OK;5,3;5256
17/08/2026 15:25:46;2026-08-17T13:25:46.433Z;Courses de lévriers;OK;5,6;5557
17/08/2026 15:37:28;2026-08-17T13:37:28.709Z;Courses hippiques (PMU);OK;5,2;5171
17/08/2026 15:37:28;2026-08-17T13:37:28.709Z;Courses de lévriers;OK;4,8;4832
17/08/2026 15:49:26;2026-08-17T13:49:26.583Z;Courses hippiques (PMU);OK;4,7;4715
17/08/2026 15:49:26;2026-08-17T13:49:26.583Z;Courses de lévriers;OK;6,6;6644
17/08/2026 16:01:53;2026-08-17T14:01:53.478Z;Courses hippiques (PMU);OK;4,4;4352
17/08/2026 16:01:53;2026-08-17T14:01:53.478Z;Courses de lévriers;OK;4,5;4456
17/08/2026 16:13:27;2026-08-17T14:13:27.732Z;Courses hippiques (PMU);OK;5,7;5737
17/08/2026 16:13:27;2026-08-17T14:13:27.732Z;Courses de lévriers;OK;4,7;4674
17/08/2026 16:25:21;2026-08-17T14:25:21.825Z;Courses hippiques (PMU);OK;5,2;5234
17/08/2026 16:25:21;2026-08-17T14:25:21.825Z;Courses de lévriers;OK;5,8;5833
17/08/2026 16:37:29;2026-08-17T14:37:29.119Z;Courses hippiques (PMU);OK;4,9;4912
17/08/2026 16:37:29;2026-08-17T14:37:29.119Z;Courses de lévriers;OK;4,9;4946
17/08/2026 16:49:18;2026-08-17T14:49:18.802Z;Courses hippiques (PMU);OK;5,0;5021
17/08/2026 16:49:18;2026-08-17T14:49:18.802Z;Courses de lévriers;OK;4,6;4557
17/08/2026 17:13:23;2026-08-17T15:13:23.739Z;Courses hippiques (PMU);OK;6,2;6203
17/08/2026 17:13:23;2026-08-17T15:13:23.739Z;Courses de lévriers;OK;5,9;5881
17/08/2026 17:25:21;2026-08-17T15:25:21.921Z;Courses hippiques (PMU);OK;5,1;5051
17/08/2026 17:25:21;2026-08-17T15:25:21.921Z;Courses de lévriers;OK;5,3;5341
17/08/2026 17:43:27;2026-08-17T15:43:27.679Z;Courses hippiques (PMU);OK;4,9;4879
17/08/2026 17:43:27;2026-08-17T15:43:27.679Z;Courses de lévriers;OK;9,1;9110
17/08/2026 17:49:17;2026-08-17T15:49:17.916Z;Courses hippiques (PMU);OK;4,9;4857
17/08/2026 17:49:17;2026-08-17T15:49:17.916Z;Courses de lévriers;OK;6,3;6330
17/08/2026 18:01:58;2026-08-17T16:01:58.252Z;Courses hippiques (PMU);OK;5,1;5068
17/08/2026 18:01:58;2026-08-17T16:01:58.252Z;Courses de lévriers;OK;5,8;5769
17/08/2026 18:13:54;2026-08-17T16:13:54.704Z;Courses hippiques (PMU);OK;5,2;5152
17/08/2026 18:13:54;2026-08-17T16:13:54.704Z;Courses de lévriers;OK;5,8;5791
17/08/2026 18:25:20;2026-08-17T16:25:20.678Z;Courses hippiques (PMU);OK;5,2;5219
17/08/2026 18:25:20;2026-08-17T16:25:20.678Z;Courses de lévriers;OK;4,1;4080
17/08/2026 18:37:17;2026-08-17T16:37:17.820Z;Courses hippiques (PMU);OK;5,0;5021
17/08/2026 18:37:17;2026-08-17T16:37:17.820Z;Courses de lévriers;OK;5,4;5403
17/08/2026 18:49:23;2026-08-17T16:49:23.188Z;Courses hippiques (PMU);OK;4,9;4921
17/08/2026 18:49:23;2026-08-17T16:49:23.188Z;Courses de lévriers;OK;5,8;5774
17/08/2026 19:01:54;2026-08-17T17:01:54.357Z;Courses hippiques (PMU);OK;5,0;5046
17/08/2026 19:01:54;2026-08-17T17:01:54.357Z;Courses de lévriers;OK;5,9;5938
17/08/2026 19:13:40;2026-08-17T17:13:40.296Z;Courses hippiques (PMU);OK;7,3;7275
17/08/2026 19:13:40;2026-08-17T17:13:40.296Z;Courses de lévriers;OK;4,8;4820
17/08/2026 19:37:48;2026-08-17T17:37:48.604Z;Courses hippiques (PMU);OK;5,3;5308
17/08/2026 19:37:48;2026-08-17T17:37:48.604Z;Courses de lévriers;OK;5,1;5107
17/08/2026 20:01:51;2026-08-17T18:01:51.386Z;Courses hippiques (PMU);OK;4,9;4875
17/08/2026 20:01:51;2026-08-17T18:01:51.386Z;Courses de lévriers;OK;7,0;7020
17/08/2026 20:13:30;2026-08-17T18:13:30.496Z;Courses hippiques (PMU);OK;4,9;4909
17/08/2026 20:13:30;2026-08-17T18:13:30.496Z;Courses de lévriers;OK;5,6;5586
17/08/2026 20:49:32;2026-08-17T18:49:32.873Z;Courses hippiques (PMU);OK;13,5;13489
17/08/2026 20:49:32;2026-08-17T18:49:32.873Z;Courses de lévriers;OK;5,8;5827
17/08/2026 20:59:52;2026-08-17T18:59:52.043Z;Courses hippiques (PMU);OK;4,9;4892
17/08/2026 20:59:52;2026-08-17T18:59:52.043Z;Courses de lévriers;OK;5,4;5426
17/08/2026 21:01:55;2026-08-17T19:01:55.429Z;Courses hippiques (PMU);OK;5,3;5342
17/08/2026 21:01:55;2026-08-17T19:01:55.429Z;Courses de lévriers;OK;5,8;5829
17/08/2026 21:13:21;2026-08-17T19:13:21.764Z;Courses hippiques (PMU);OK;5,8;5826
17/08/2026 21:13:21;2026-08-17T19:13:21.764Z;Courses de lévriers;OK;5,6;5609
17/08/2026 21:25:25;2026-08-17T19:25:25.420Z;Courses hippiques (PMU);OK;5,2;5243
17/08/2026 21:25:25;2026-08-17T19:25:25.420Z;Courses de lévriers;OK;5,6;5622
17/08/2026 21:37:18;2026-08-17T19:37:18.908Z;Courses hippiques (PMU);OK;5,7;5744
17/08/2026 21:37:18;2026-08-17T19:37:18.908Z;Courses de lévriers;OK;5,3;5332
17/08/2026 21:49:19;2026-08-17T19:49:19.644Z;Courses hippiques (PMU);OK;4,7;4699
17/08/2026 21:49:19;2026-08-17T19:49:19.644Z;Courses de lévriers;OK;4,7;4678
17/08/2026 22:01:47;2026-08-17T20:01:47.790Z;Courses hippiques (PMU);OK;4,7;4678
17/08/2026 22:01:47;2026-08-17T20:01:47.790Z;Courses de lévriers;OK;4,5;4517
17/08/2026 22:13:22;2026-08-17T20:13:22.472Z;Courses hippiques (PMU);OK;4,0;4021
17/08/2026 22:13:22;2026-08-17T20:13:22.472Z;Courses de lévriers;OK;4,9;4927
17/08/2026 22:25:26;2026-08-17T20:25:26.320Z;Courses hippiques (PMU);OK;5,1;5094
17/08/2026 22:25:26;2026-08-17T20:25:26.320Z;Courses de lévriers;OK;5,9;5940
17/08/2026 22:37:21;2026-08-17T20:37:21.604Z;Courses hippiques (PMU);OK;5,5;5534
17/08/2026 22:37:21;2026-08-17T20:37:21.604Z;Courses de lévriers;OK;5,8;5833
17/08/2026 22:49:45;2026-08-17T20:49:45.719Z;Courses hippiques (PMU);OK;5,6;5642
17/08/2026 22:49:45;2026-08-17T20:49:45.719Z;Courses de lévriers;OK;6,4;6367
17/08/2026 23:02:05;2026-08-17T21:02:05.471Z;Courses hippiques (PMU);OK;7,1;7102
17/08/2026 23:02:05;2026-08-17T21:02:05.471Z;Courses de lévriers;OK;5,7;5698
17/08/2026 23:28:36;2026-08-17T21:28:36.893Z;Courses hippiques (PMU);OK;4,8;4758
17/08/2026 23:28:36;2026-08-17T21:28:36.893Z;Courses de lévriers;OK;5,6;5600
17/08/2026 23:37:29;2026-08-17T21:37:29.773Z;Courses hippiques (PMU);OK;4,8;4803
17/08/2026 23:37:29;2026-08-17T21:37:29.773Z;Courses de lévriers;OK;5,7;5697
17/08/2026 23:43:15;2026-08-17T21:43:15.973Z;Courses hippiques (PMU);OK;5,0;4958
17/08/2026 23:43:15;2026-08-17T21:43:15.973Z;Courses de lévriers;OK;5,7;5663
17/08/2026 23:49:23;2026-08-17T21:49:23.160Z;Courses hippiques (PMU);OK;6,4;6441
17/08/2026 23:49:23;2026-08-17T21:49:23.160Z;Courses de lévriers;OK;6,0;6020
18/08/2026 03:53:10;2026-08-18T01:53:10.700Z;Courses hippiques (PMU);OK;2,6;2624
18/08/2026 03:53:10;2026-08-18T01:53:10.700Z;Courses de lévriers;OK;2,2;2166
18/08/2026 06:00:21;2026-08-18T04:00:21.533Z;Courses hippiques (PMU);OK;2,8;2770
18/08/2026 06:00:21;2026-08-18T04:00:21.533Z;Courses de lévriers;OK;3,3;3256
18/08/2026 08:02:01;2026-08-18T06:02:01.706Z;Courses hippiques (PMU);OK;2,5;2473
18/08/2026 08:02:01;2026-08-18T06:02:01.706Z;Courses de lévriers;OK;1,4;1376
18/08/2026 08:13:23;2026-08-18T06:13:23.724Z;Courses hippiques (PMU);OK;1,6;1620
18/08/2026 08:13:23;2026-08-18T06:13:23.724Z;Courses de lévriers;OK;1,3;1343
18/08/2026 08:25:15;2026-08-18T06:25:15.483Z;Courses hippiques (PMU);OK;2,6;2620
18/08/2026 08:25:15;2026-08-18T06:25:15.483Z;Courses de lévriers;OK;1,7;1712
18/08/2026 08:37:35;2026-08-18T06:37:35.354Z;Courses hippiques (PMU);ECHEC;20,3;20306
18/08/2026 08:37:35;2026-08-18T06:37:35.354Z;Courses de lévriers;OK;5,0;4989
18/08/2026 08:49:22;2026-08-18T06:49:22.604Z;Courses hippiques (PMU);OK;5,2;5237
18/08/2026 08:49:22;2026-08-18T06:49:22.604Z;Courses de lévriers;OK;4,8;4826
18/08/2026 09:02:10;2026-08-18T07:02:10.503Z;Courses hippiques (PMU);OK;5,0;5041
18/08/2026 09:02:10;2026-08-18T07:02:10.503Z;Courses de lévriers;OK;6,1;6108
18/08/2026 09:06:45;2026-08-18T07:06:45.649Z;Courses hippiques (PMU);OK;4,1;4084
18/08/2026 09:06:45;2026-08-18T07:06:45.649Z;Courses de lévriers;OK;5,3;5252
18/08/2026 09:13:15;2026-08-18T07:13:15.255Z;Courses hippiques (PMU);OK;3,4;3352
18/08/2026 09:13:15;2026-08-18T07:13:15.255Z;Courses de lévriers;OK;3,8;3810
18/08/2026 09:25:20;2026-08-18T07:25:20.560Z;Courses hippiques (PMU);ECHEC;5,5;5452
18/08/2026 09:25:20;2026-08-18T07:25:20.560Z;Courses de lévriers;OK;5,0;4952
18/08/2026 09:37:37;2026-08-18T07:37:37.364Z;Courses hippiques (PMU);OK;3,0;3049
18/08/2026 09:37:37;2026-08-18T07:37:37.364Z;Courses de lévriers;OK;3,7;3685
18/08/2026 09:49:24;2026-08-18T07:49:24.345Z;Courses hippiques (PMU);OK;6,3;6288
18/08/2026 09:49:24;2026-08-18T07:49:24.345Z;Courses de lévriers;OK;5,0;4976
18/08/2026 10:02:02;2026-08-18T08:02:02.940Z;Courses hippiques (PMU);OK;4,3;4345
18/08/2026 10:02:02;2026-08-18T08:02:02.940Z;Courses de lévriers;OK;4,7;4709
18/08/2026 10:13:18;2026-08-18T08:13:18.524Z;Courses hippiques (PMU);OK;4,1;4070
18/08/2026 10:13:18;2026-08-18T08:13:18.524Z;Courses de lévriers;OK;4,7;4696
18/08/2026 10:25:22;2026-08-18T08:25:22.630Z;Courses hippiques (PMU);OK;3,3;3288
18/08/2026 10:25:22;2026-08-18T08:25:22.630Z;Courses de lévriers;OK;3,7;3746
18/08/2026 10:37:21;2026-08-18T08:37:21.083Z;Courses hippiques (PMU);OK;3,8;3790
18/08/2026 10:37:21;2026-08-18T08:37:21.083Z;Courses de lévriers;OK;4,8;4778
18/08/2026 10:49:30;2026-08-18T08:49:30.547Z;Courses hippiques (PMU);OK;5,3;5303
18/08/2026 10:49:30;2026-08-18T08:49:30.547Z;Courses de lévriers;OK;5,0;5043
18/08/2026 11:01:51;2026-08-18T09:01:51.815Z;Courses hippiques (PMU);OK;5,8;5790
18/08/2026 11:01:51;2026-08-18T09:01:51.815Z;Courses de lévriers;OK;4,7;4680
18/08/2026 11:13:17;2026-08-18T09:13:17.370Z;Courses hippiques (PMU);OK;3,8;3777
18/08/2026 11:13:17;2026-08-18T09:13:17.370Z;Courses de lévriers;OK;4,4;4402
18/08/2026 11:25:29;2026-08-18T09:25:29.090Z;Courses hippiques (PMU);OK;4,9;4852
18/08/2026 11:25:29;2026-08-18T09:25:29.090Z;Courses de lévriers;OK;3,6;3624
18/08/2026 11:37:22;2026-08-18T09:37:22.120Z;Courses hippiques (PMU);OK;5,4;5353
18/08/2026 11:37:22;2026-08-18T09:37:22.120Z;Courses de lévriers;OK;4,6;4599
18/08/2026 11:49:22;2026-08-18T09:49:22.552Z;Courses hippiques (PMU);OK;5,2;5186
18/08/2026 11:49:22;2026-08-18T09:49:22.552Z;Courses de lévriers;OK;4,7;4653
18/08/2026 11:51:02;2026-08-18T09:51:02.330Z;Courses hippiques (PMU);OK;4,3;4270
18/08/2026 11:51:02;2026-08-18T09:51:02.330Z;Courses de lévriers;OK;3,8;3797
18/08/2026 12:01:53;2026-08-18T10:01:53.839Z;Courses hippiques (PMU);OK;5,0;5024
18/08/2026 12:01:53;2026-08-18T10:01:53.839Z;Courses de lévriers;OK;5,8;5764
18/08/2026 12:13:25;2026-08-18T10:13:25.908Z;Courses hippiques (PMU);OK;5,7;5747
18/08/2026 12:13:25;2026-08-18T10:13:25.908Z;Courses de lévriers;OK;5,5;5459
18/08/2026 12:25:21;2026-08-18T10:25:21.704Z;Courses hippiques (PMU);OK;5,5;5457
18/08/2026 12:25:21;2026-08-18T10:25:21.704Z;Courses de lévriers;OK;5,2;5199
18/08/2026 12:37:34;2026-08-18T10:37:34.985Z;Courses hippiques (PMU);OK;5,2;5221
18/08/2026 12:37:34;2026-08-18T10:37:34.985Z;Courses de lévriers;OK;5,0;5024
18/08/2026 12:53:32;2026-08-18T10:53:32.715Z;Courses hippiques (PMU);OK;3,5;3518
18/08/2026 12:53:32;2026-08-18T10:53:32.715Z;Courses de lévriers;OK;2,9;2924
18/08/2026 13:01:48;2026-08-18T11:01:48.354Z;Courses hippiques (PMU);OK;6,0;5976
18/08/2026 13:01:48;2026-08-18T11:01:48.354Z;Courses de lévriers;OK;4,5;4523
18/08/2026 13:13:20;2026-08-18T11:13:20.776Z;Courses hippiques (PMU);OK;5,8;5840
18/08/2026 13:13:20;2026-08-18T11:13:20.776Z;Courses de lévriers;OK;6,1;6135
18/08/2026 13:25:32;2026-08-18T11:25:32.476Z;Courses hippiques (PMU);OK;5,7;5728
18/08/2026 13:25:32;2026-08-18T11:25:32.476Z;Courses de lévriers;OK;5,7;5727
18/08/2026 13:37:25;2026-08-18T11:37:25.138Z;Courses hippiques (PMU);OK;5,7;5658
18/08/2026 13:37:25;2026-08-18T11:37:25.138Z;Courses de lévriers;OK;5,3;5314
18/08/2026 13:49:24;2026-08-18T11:49:24.546Z;Courses hippiques (PMU);OK;5,6;5588
18/08/2026 13:49:24;2026-08-18T11:49:24.546Z;Courses de lévriers;OK;5,8;5773
18/08/2026 14:02:03;2026-08-18T12:02:03.148Z;Courses hippiques (PMU);OK;6,5;6476
18/08/2026 14:02:03;2026-08-18T12:02:03.148Z;Courses de lévriers;OK;7,6;7591
18/08/2026 14:13:29;2026-08-18T12:13:29.635Z;Courses hippiques (PMU);OK;5,4;5404
18/08/2026 14:13:29;2026-08-18T12:13:29.635Z;Courses de lévriers;OK;6,7;6686
18/08/2026 14:25:21;2026-08-18T12:25:21.216Z;Courses hippiques (PMU);OK;5,5;5466
18/08/2026 14:25:21;2026-08-18T12:25:21.216Z;Courses de lévriers;OK;5,2;5161
18/08/2026 14:37:34;2026-08-18T12:37:34.727Z;Courses hippiques (PMU);OK;5,2;5154
18/08/2026 14:37:34;2026-08-18T12:37:34.727Z;Courses de lévriers;OK;5,1;5101
18/08/2026 14:49:19;2026-08-18T12:49:19.254Z;Courses hippiques (PMU);OK;5,1;5146
18/08/2026 14:49:19;2026-08-18T12:49:19.254Z;Courses de lévriers;OK;4,9;4884
18/08/2026 15:12:20;2026-08-18T13:12:20.153Z;Courses hippiques (PMU);OK;5,1;5108
18/08/2026 15:12:20;2026-08-18T13:12:20.153Z;Courses de lévriers;OK;5,1;5107
18/08/2026 15:13:26;2026-08-18T13:13:26.033Z;Courses hippiques (PMU);OK;5,9;5947
18/08/2026 15:13:26;2026-08-18T13:13:26.033Z;Courses de lévriers;OK;5,7;5685
18/08/2026 15:25:33;2026-08-18T13:25:33.720Z;Courses hippiques (PMU);OK;5,1;5060
18/08/2026 15:25:33;2026-08-18T13:25:33.720Z;Courses de lévriers;OK;5,4;5352
18/08/2026 15:37:25;2026-08-18T13:37:25.505Z;Courses hippiques (PMU);OK;4,9;4906
18/08/2026 15:37:25;2026-08-18T13:37:25.505Z;Courses de lévriers;OK;4,8;4844
18/08/2026 15:49:26;2026-08-18T13:49:26.807Z;Courses hippiques (PMU);OK;5,8;5758
18/08/2026 15:49:26;2026-08-18T13:49:26.807Z;Courses de lévriers;OK;5,4;5431
18/08/2026 16:01:56;2026-08-18T14:01:56.649Z;Courses hippiques (PMU);OK;5,3;5270
18/08/2026 16:01:56;2026-08-18T14:01:56.649Z;Courses de lévriers;OK;7,1;7118
18/08/2026 16:13:26;2026-08-18T14:13:26.687Z;Courses hippiques (PMU);OK;5,4;5412
18/08/2026 16:13:26;2026-08-18T14:13:26.687Z;Courses de lévriers;OK;5,2;5158
18/08/2026 16:25:26;2026-08-18T14:25:26.281Z;Courses hippiques (PMU);OK;5,0;4951
18/08/2026 16:25:26;2026-08-18T14:25:26.281Z;Courses de lévriers;OK;5,9;5866
18/08/2026 16:37:26;2026-08-18T14:37:26.380Z;Courses hippiques (PMU);OK;5,0;5050
18/08/2026 16:37:26;2026-08-18T14:37:26.380Z;Courses de lévriers;OK;5,2;5159
18/08/2026 16:49:18;2026-08-18T14:49:18.673Z;Courses hippiques (PMU);OK;5,0;5006
18/08/2026 16:49:18;2026-08-18T14:49:18.673Z;Courses de lévriers;OK;4,5;4501
18/08/2026 17:01:53;2026-08-18T15:01:53.017Z;Courses hippiques (PMU);OK;5,1;5112
18/08/2026 17:01:53;2026-08-18T15:01:53.017Z;Courses de lévriers;OK;7,2;7200
18/08/2026 17:13:22;2026-08-18T15:13:22.711Z;Courses hippiques (PMU);ECHEC;5,3;5287
18/08/2026 17:13:22;2026-08-18T15:13:22.711Z;Courses de lévriers;OK;5,8;5800
18/08/2026 17:25:21;2026-08-18T15:25:21.832Z;Courses hippiques (PMU);OK;4,9;4944
18/08/2026 17:25:21;2026-08-18T15:25:21.832Z;Courses de lévriers;OK;4,3;4331
18/08/2026 17:37:29;2026-08-18T15:37:29.913Z;Courses hippiques (PMU);OK;4,9;4872
18/08/2026 17:37:29;2026-08-18T15:37:29.913Z;Courses de lévriers;OK;5,5;5502
18/08/2026 17:49:30;2026-08-18T15:49:30.205Z;Courses hippiques (PMU);OK;5,0;5041
18/08/2026 17:49:30;2026-08-18T15:49:30.205Z;Courses de lévriers;OK;4,4;4438
18/08/2026 18:02:43;2026-08-18T16:02:43.753Z;Courses hippiques (PMU);OK;5,3;5315
18/08/2026 18:02:43;2026-08-18T16:02:43.753Z;Courses de lévriers;OK;5,4;5437
18/08/2026 18:26:11;2026-08-18T16:26:11.539Z;Courses hippiques (PMU);OK;5,5;5500
18/08/2026 18:26:11;2026-08-18T16:26:11.539Z;Courses de lévriers;OK;5,7;5692
18/08/2026 18:54:58;2026-08-18T16:54:58.560Z;Courses hippiques (PMU);OK;5,3;5256
18/08/2026 18:54:58;2026-08-18T16:54:58.560Z;Courses de lévriers;OK;5,6;5591
18/08/2026 19:01:55;2026-08-18T17:01:55.693Z;Courses hippiques (PMU);OK;5,2;5239
18/08/2026 19:01:55;2026-08-18T17:01:55.693Z;Courses de lévriers;OK;4,8;4754
18/08/2026 19:13:46;2026-08-18T17:13:46.249Z;Courses hippiques (PMU);OK;5,3;5256
18/08/2026 19:13:46;2026-08-18T17:13:46.249Z;Courses de lévriers;OK;6,1;6129
18/08/2026 19:25:50;2026-08-18T17:25:50.455Z;Courses hippiques (PMU);OK;4,8;4819
18/08/2026 19:25:50;2026-08-18T17:25:50.455Z;Courses de lévriers;OK;5,3;5292
18/08/2026 19:37:33;2026-08-18T17:37:33.245Z;Courses hippiques (PMU);OK;4,9;4871
18/08/2026 19:37:33;2026-08-18T17:37:33.245Z;Courses de lévriers;OK;4,4;4367
18/08/2026 19:52:57;2026-08-18T17:52:57.113Z;Courses hippiques (PMU);OK;5,1;5062
18/08/2026 19:52:57;2026-08-18T17:52:57.113Z;Courses de lévriers;OK;4,5;4456
18/08/2026 20:03:16;2026-08-18T18:03:16.656Z;Courses hippiques (PMU);OK;5,2;5186
18/08/2026 20:03:16;2026-08-18T18:03:16.656Z;Courses de lévriers;OK;5,0;4970
18/08/2026 20:14:48;2026-08-18T18:14:48.489Z;Courses hippiques (PMU);OK;5,2;5170
18/08/2026 20:14:48;2026-08-18T18:14:48.489Z;Courses de lévriers;OK;6,1;6060
18/08/2026 20:37:34;2026-08-18T18:37:34.591Z;Courses hippiques (PMU);OK;4,9;4878
18/08/2026 20:37:34;2026-08-18T18:37:34.591Z;Courses de lévriers;OK;4,5;4456
18/08/2026 20:50:20;2026-08-18T18:50:20.963Z;Courses hippiques (PMU);OK;5,1;5092
18/08/2026 20:50:20;2026-08-18T18:50:20.963Z;Courses de lévriers;OK;4,8;4835
18/08/2026 20:59:27;2026-08-18T18:59:27.657Z;Courses hippiques (PMU);OK;4,9;4866
18/08/2026 20:59:27;2026-08-18T18:59:27.657Z;Courses de lévriers;OK;5,2;5171
18/08/2026 21:01:54;2026-08-18T19:01:54.271Z;Courses hippiques (PMU);OK;5,3;5302
18/08/2026 21:01:54;2026-08-18T19:01:54.271Z;Courses de lévriers;OK;5,3;5313
18/08/2026 21:14:18;2026-08-18T19:14:18.380Z;Courses hippiques (PMU);OK;5,1;5070
18/08/2026 21:14:18;2026-08-18T19:14:18.380Z;Courses de lévriers;OK;4,4;4427
18/08/2026 21:25:36;2026-08-18T19:25:36.191Z;Courses hippiques (PMU);OK;5,4;5415
18/08/2026 21:25:36;2026-08-18T19:25:36.191Z;Courses de lévriers;OK;6,1;6119
18/08/2026 21:39:29;2026-08-18T19:39:29.134Z;Courses hippiques (PMU);OK;5,0;5014
18/08/2026 21:39:29;2026-08-18T19:39:29.134Z;Courses de lévriers;OK;4,4;4398
18/08/2026 21:49:36;2026-08-18T19:49:36.196Z;Courses hippiques (PMU);OK;6,4;6358
18/08/2026 21:49:36;2026-08-18T19:49:36.196Z;Courses de lévriers;OK;4,8;4786
18/08/2026 22:01:53;2026-08-18T20:01:53.021Z;Courses hippiques (PMU);OK;5,4;5371
18/08/2026 22:01:53;2026-08-18T20:01:53.021Z;Courses de lévriers;OK;4,3;4257
18/08/2026 22:13:23;2026-08-18T20:13:23.768Z;Courses hippiques (PMU);OK;5,1;5109
18/08/2026 22:13:23;2026-08-18T20:13:23.768Z;Courses de lévriers;OK;6,0;5960
18/08/2026 22:25:36;2026-08-18T20:25:36.193Z;Courses hippiques (PMU);OK;5,1;5125
18/08/2026 22:25:36;2026-08-18T20:25:36.193Z;Courses de lévriers;OK;5,5;5532
18/08/2026 22:37:42;2026-08-18T20:37:42.466Z;Courses hippiques (PMU);OK;4,9;4937
18/08/2026 22:37:42;2026-08-18T20:37:42.466Z;Courses de lévriers;OK;4,6;4578
18/08/2026 22:52:08;2026-08-18T20:52:08.668Z;Courses hippiques (PMU);OK;5,3;5330
18/08/2026 22:52:08;2026-08-18T20:52:08.668Z;Courses de lévriers;OK;4,8;4763
18/08/2026 23:01:50;2026-08-18T21:01:50.465Z;Courses hippiques (PMU);OK;4,4;4442
18/08/2026 23:01:50;2026-08-18T21:01:50.465Z;Courses de lévriers;OK;4,5;4508
18/08/2026 23:14:21;2026-08-18T21:14:21.059Z;Courses hippiques (PMU);OK;6,0;6006
18/08/2026 23:14:21;2026-08-18T21:14:21.059Z;Courses de lévriers;OK;5,5;5492
18/08/2026 23:25:17;2026-08-18T21:25:17.304Z;Courses hippiques (PMU);OK;5,0;5000
18/08/2026 23:25:17;2026-08-18T21:25:17.304Z;Courses de lévriers;OK;4,7;4695
18/08/2026 23:37:18;2026-08-18T21:37:18.939Z;Courses hippiques (PMU);OK;4,8;4850
18/08/2026 23:37:18;2026-08-18T21:37:18.939Z;Courses de lévriers;OK;5,5;5496
18/08/2026 23:41:04;2026-08-18T21:41:04.622Z;Courses hippiques (PMU);OK;5,0;4982
18/08/2026 23:41:04;2026-08-18T21:41:04.622Z;Courses de lévriers;OK;4,9;4884
18/08/2026 23:49:21;2026-08-18T21:49:21.828Z;Courses hippiques (PMU);OK;5,0;4977
18/08/2026 23:49:21;2026-08-18T21:49:21.828Z;Courses de lévriers;OK;4,5;4510
19/08/2026 03:57:14;2026-08-19T01:57:14.269Z;Courses hippiques (PMU);OK;2,0;2044
19/08/2026 03:57:14;2026-08-19T01:57:14.269Z;Courses de lévriers;OK;1,4;1429
19/08/2026 06:03:16;2026-08-19T04:03:16.420Z;Courses hippiques (PMU);OK;1,6;1621
19/08/2026 06:03:16;2026-08-19T04:03:16.420Z;Courses de lévriers;OK;1,3;1293
19/08/2026 08:01:41;2026-08-19T06:01:41.751Z;Courses hippiques (PMU);OK;1,7;1676
19/08/2026 08:01:41;2026-08-19T06:01:41.751Z;Courses de lévriers;OK;1,4;1355
19/08/2026 08:13:13;2026-08-19T06:13:13.982Z;Courses hippiques (PMU);OK;1,7;1665
19/08/2026 08:13:13;2026-08-19T06:13:13.982Z;Courses de lévriers;OK;1,7;1697
19/08/2026 08:26:10;2026-08-19T06:26:10.532Z;Courses hippiques (PMU);OK;1,4;1437
19/08/2026 08:26:10;2026-08-19T06:26:10.532Z;Courses de lévriers;OK;1,7;1705
19/08/2026 08:39:47;2026-08-19T06:39:47.220Z;Courses hippiques (PMU);ECHEC;20,3;20338
19/08/2026 08:39:47;2026-08-19T06:39:47.220Z;Courses de lévriers;OK;4,8;4768
19/08/2026 08:51:18;2026-08-19T06:51:18.255Z;Courses hippiques (PMU);ECHEC;20,7;20674
19/08/2026 08:51:18;2026-08-19T06:51:18.255Z;Courses de lévriers;OK;4,7;4698
19/08/2026 09:02:24;2026-08-19T07:02:24.847Z;Courses hippiques (PMU);ECHEC;21,0;20959
19/08/2026 09:02:24;2026-08-19T07:02:24.847Z;Courses de lévriers;OK;4,0;3987
19/08/2026 09:09:56;2026-08-19T07:09:56.352Z;Courses hippiques (PMU);ECHEC;20,1;20108
19/08/2026 09:09:56;2026-08-19T07:09:56.352Z;Courses de lévriers;OK;7,0;7032
19/08/2026 10:04:25;2026-08-19T08:04:25.552Z;Courses hippiques (PMU);OK;3,9;3905
19/08/2026 10:04:25;2026-08-19T08:04:25.552Z;Courses de lévriers;OK;5,6;5560
19/08/2026 10:17:57;2026-08-19T08:17:57.321Z;Courses hippiques (PMU);OK;3,5;3540
19/08/2026 10:17:57;2026-08-19T08:17:57.321Z;Courses de lévriers;OK;3,4;3427
19/08/2026 10:25:39;2026-08-19T08:25:39.444Z;Courses hippiques (PMU);OK;4,0;3996
19/08/2026 10:25:39;2026-08-19T08:25:39.444Z;Courses de lévriers;OK;4,5;4490
19/08/2026 10:51:01;2026-08-19T08:51:01.369Z;Courses hippiques (PMU);ECHEC;4,0;4014
19/08/2026 10:51:01;2026-08-19T08:51:01.369Z;Courses de lévriers;OK;7,0;7013
19/08/2026 11:26:13;2026-08-19T09:26:13.356Z;Courses hippiques (PMU);OK;4,0;4038
19/08/2026 11:26:13;2026-08-19T09:26:13.356Z;Courses de lévriers;OK;4,3;4322
19/08/2026 11:37:21;2026-08-19T09:37:21.782Z;Courses hippiques (PMU);OK;4,3;4259
19/08/2026 11:37:21;2026-08-19T09:37:21.782Z;Courses de lévriers;OK;5,0;5018
19/08/2026 11:49:30;2026-08-19T09:49:30.156Z;Courses hippiques (PMU);OK;5,1;5117
19/08/2026 11:49:30;2026-08-19T09:49:30.156Z;Courses de lévriers;OK;5,6;5605
19/08/2026 11:51:07;2026-08-19T09:51:07.051Z;Courses hippiques (PMU);OK;3,5;3502
19/08/2026 11:51:07;2026-08-19T09:51:07.051Z;Courses de lévriers;OK;7,2;7221
19/08/2026 12:02:03;2026-08-19T10:02:03.666Z;Courses hippiques (PMU);OK;5,2;5233
19/08/2026 12:02:03;2026-08-19T10:02:03.666Z;Courses de lévriers;OK;5,7;5697
19/08/2026 12:37:17;2026-08-19T10:37:17.352Z;Courses hippiques (PMU);OK;4,1;4074
19/08/2026 12:37:17;2026-08-19T10:37:17.352Z;Courses de lévriers;OK;3,7;3740
19/08/2026 12:49:17;2026-08-19T10:49:17.821Z;Courses hippiques (PMU);OK;5,0;5027
19/08/2026 12:49:17;2026-08-19T10:49:17.821Z;Courses de lévriers;OK;4,7;4713
19/08/2026 13:01:48;2026-08-19T11:01:48.380Z;Courses hippiques (PMU);ECHEC;3,8;3838
19/08/2026 13:01:48;2026-08-19T11:01:48.380Z;Courses de lévriers;OK;5,3;5268
19/08/2026 13:13:41;2026-08-19T11:13:41.228Z;Courses hippiques (PMU);OK;5,2;5207
19/08/2026 13:13:41;2026-08-19T11:13:41.228Z;Courses de lévriers;OK;4,4;4436
19/08/2026 13:25:25;2026-08-19T11:25:25.593Z;Courses hippiques (PMU);OK;3,9;3939
19/08/2026 13:25:25;2026-08-19T11:25:25.593Z;Courses de lévriers;OK;3,4;3412
19/08/2026 13:37:17;2026-08-19T11:37:17.902Z;Courses hippiques (PMU);ECHEC;3,9;3860
19/08/2026 13:37:17;2026-08-19T11:37:17.902Z;Courses de lévriers;OK;5,3;5295
19/08/2026 14:13:27;2026-08-19T12:13:27.499Z;Courses hippiques (PMU);OK;5,3;5274
19/08/2026 14:13:27;2026-08-19T12:13:27.499Z;Courses de lévriers;OK;4,8;4766
19/08/2026 14:25:21;2026-08-19T12:25:21.757Z;Courses hippiques (PMU);OK;4,9;4917
19/08/2026 14:25:21;2026-08-19T12:25:21.757Z;Courses de lévriers;OK;5,1;5082
19/08/2026 14:49:20;2026-08-19T12:49:20.212Z;Courses hippiques (PMU);OK;5,0;4965
19/08/2026 14:49:20;2026-08-19T12:49:20.212Z;Courses de lévriers;OK;6,4;6389
19/08/2026 15:01:50;2026-08-19T13:01:50.487Z;Courses hippiques (PMU);OK;4,1;4063
19/08/2026 15:01:50;2026-08-19T13:01:50.487Z;Courses de lévriers;OK;5,6;5622
19/08/2026 15:11:22;2026-08-19T13:11:22.324Z;Courses hippiques (PMU);OK;4,9;4896
19/08/2026 15:11:22;2026-08-19T13:11:22.324Z;Courses de lévriers;OK;5,8;5823
19/08/2026 15:18:59;2026-08-19T13:18:59.641Z;Courses hippiques (PMU);OK;4,9;4866
19/08/2026 15:18:59;2026-08-19T13:18:59.641Z;Courses de lévriers;OK;4,7;4693
19/08/2026 15:25:35;2026-08-19T13:25:35.852Z;Courses hippiques (PMU);OK;4,4;4391
19/08/2026 15:25:35;2026-08-19T13:25:35.852Z;Courses de lévriers;OK;4,6;4600
19/08/2026 15:37:21;2026-08-19T13:37:21.900Z;Courses hippiques (PMU);OK;6,2;6159
19/08/2026 15:37:21;2026-08-19T13:37:21.900Z;Courses de lévriers;OK;4,6;4571
19/08/2026 15:49:24;2026-08-19T13:49:24.365Z;Courses hippiques (PMU);OK;5,6;5584
19/08/2026 15:49:24;2026-08-19T13:49:24.365Z;Courses de lévriers;OK;5,6;5627
19/08/2026 16:01:51;2026-08-19T14:01:51.713Z;Courses hippiques (PMU);OK;4,7;4712
19/08/2026 16:01:51;2026-08-19T14:01:51.713Z;Courses de lévriers;OK;4,8;4823
19/08/2026 16:18:17;2026-08-19T14:18:17.626Z;Courses hippiques (PMU);OK;8,1;8059
19/08/2026 16:18:17;2026-08-19T14:18:17.626Z;Courses de lévriers;OK;6,7;6679
19/08/2026 16:25:26;2026-08-19T14:25:26.207Z;Courses hippiques (PMU);OK;5,0;4988
19/08/2026 16:25:26;2026-08-19T14:25:26.207Z;Courses de lévriers;OK;5,5;5478
19/08/2026 16:37:30;2026-08-19T14:37:30.341Z;Courses hippiques (PMU);OK;5,3;5278
19/08/2026 16:37:30;2026-08-19T14:37:30.341Z;Courses de lévriers;OK;5,5;5534
19/08/2026 16:51:32;2026-08-19T14:51:32.801Z;Courses hippiques (PMU);OK;5,0;4998
19/08/2026 16:51:32;2026-08-19T14:51:32.801Z;Courses de lévriers;OK;6,1;6084
19/08/2026 17:15:53;2026-08-19T15:15:53.182Z;Courses hippiques (PMU);OK;6,0;5982
19/08/2026 17:15:53;2026-08-19T15:15:53.182Z;Courses de lévriers;OK;6,0;5953
19/08/2026 17:25:59;2026-08-19T15:25:59.720Z;Courses hippiques (PMU);OK;6,8;6755
19/08/2026 17:25:59;2026-08-19T15:25:59.720Z;Courses de lévriers;OK;6,1;6084
19/08/2026 17:50:57;2026-08-19T15:50:57.828Z;Courses hippiques (PMU);OK;6,1;6067
19/08/2026 17:50:57;2026-08-19T15:50:57.828Z;Courses de lévriers;OK;8,1;8103
19/08/2026 18:15:33;2026-08-19T16:15:33.002Z;Courses hippiques (PMU);OK;4,7;4687
19/08/2026 18:15:33;2026-08-19T16:15:33.002Z;Courses de lévriers;OK;6,4;6409
19/08/2026 18:40:12;2026-08-19T16:40:12.757Z;Courses hippiques (PMU);ECHEC;30,0;30006
19/08/2026 18:40:12;2026-08-19T16:40:12.757Z;Courses de lévriers;OK;5,9;5884
19/08/2026 19:13:32;2026-08-19T17:13:32.487Z;Courses hippiques (PMU);OK;5,5;5473
19/08/2026 19:13:32;2026-08-19T17:13:32.487Z;Courses de lévriers;OK;5,3;5338
19/08/2026 19:25:30;2026-08-19T17:25:30.971Z;Courses hippiques (PMU);OK;4,8;4752
19/08/2026 19:25:30;2026-08-19T17:25:30.971Z;Courses de lévriers;OK;5,3;5339
19/08/2026 19:41:10;2026-08-19T17:41:10.949Z;Courses hippiques (PMU);OK;6,3;6312
19/08/2026 19:41:10;2026-08-19T17:41:10.949Z;Courses de lévriers;OK;4,9;4864
19/08/2026 19:52:36;2026-08-19T17:52:36.191Z;Courses hippiques (PMU);OK;6,1;6071
19/08/2026 19:52:36;2026-08-19T17:52:36.191Z;Courses de lévriers;OK;5,4;5419
19/08/2026 20:04:43;2026-08-19T18:04:43.759Z;Courses hippiques (PMU);OK;5,2;5229
19/08/2026 20:04:43;2026-08-19T18:04:43.759Z;Courses de lévriers;OK;5,8;5798
19/08/2026 20:13:18;2026-08-19T18:13:18.471Z;Courses hippiques (PMU);OK;5,0;5042
19/08/2026 20:13:18;2026-08-19T18:13:18.471Z;Courses de lévriers;OK;5,5;5546
19/08/2026 20:31:33;2026-08-19T18:31:33.290Z;Courses hippiques (PMU);OK;5,2;5157
19/08/2026 20:31:33;2026-08-19T18:31:33.290Z;Courses de lévriers;OK;6,5;6506
19/08/2026 20:42:57;2026-08-19T18:42:57.827Z;Courses hippiques (PMU);OK;6,6;6600
19/08/2026 20:42:57;2026-08-19T18:42:57.827Z;Courses de lévriers;OK;5,8;5776
19/08/2026 20:51:30;2026-08-19T18:51:30.762Z;Courses hippiques (PMU);OK;5,3;5314
19/08/2026 20:51:30;2026-08-19T18:51:30.762Z;Courses de lévriers;OK;5,7;5672
19/08/2026 20:55:35;2026-08-19T18:55:35.307Z;Courses hippiques (PMU);OK;5,5;5533
19/08/2026 20:55:35;2026-08-19T18:55:35.307Z;Courses de lévriers;OK;6,3;6259
19/08/2026 21:15:36;2026-08-19T19:15:36.731Z;Courses hippiques (PMU);OK;5,5;5524
19/08/2026 21:15:36;2026-08-19T19:15:36.731Z;Courses de lévriers;OK;6,2;6225
19/08/2026 21:25:25;2026-08-19T19:25:25.182Z;Courses hippiques (PMU);OK;5,2;5192
19/08/2026 21:25:25;2026-08-19T19:25:25.182Z;Courses de lévriers;OK;5,4;5368
19/08/2026 22:02:40;2026-08-19T20:02:40.300Z;Courses hippiques (PMU);OK;5,0;4957
19/08/2026 22:02:40;2026-08-19T20:02:40.300Z;Courses de lévriers;OK;5,4;5381
19/08/2026 22:16:45;2026-08-19T20:16:45.471Z;Courses hippiques (PMU);OK;6,1;6103
19/08/2026 22:16:45;2026-08-19T20:16:45.471Z;Courses de lévriers;OK;3,7;3680
19/08/2026 22:25:23;2026-08-19T20:25:23.670Z;Courses hippiques (PMU);OK;5,2;5231
19/08/2026 22:25:23;2026-08-19T20:25:23.670Z;Courses de lévriers;OK;5,8;5811
19/08/2026 22:38:55;2026-08-19T20:38:55.163Z;Courses hippiques (PMU);OK;4,9;4863
19/08/2026 22:38:55;2026-08-19T20:38:55.163Z;Courses de lévriers;OK;6,3;6320
19/08/2026 22:53:34;2026-08-19T20:53:34.613Z;Courses hippiques (PMU);OK;5,1;5072
19/08/2026 22:53:34;2026-08-19T20:53:34.613Z;Courses de lévriers;OK;4,8;4838
19/08/2026 23:31:00;2026-08-19T21:31:00.320Z;Courses hippiques (PMU);OK;5,3;5316
19/08/2026 23:31:00;2026-08-19T21:31:00.320Z;Courses de lévriers;OK;5,2;5233
19/08/2026 23:45:04;2026-08-19T21:45:04.551Z;Courses hippiques (PMU);OK;5,0;4994
19/08/2026 23:45:04;2026-08-19T21:45:04.551Z;Courses de lévriers;OK;5,6;5612
19/08/2026 23:59:02;2026-08-19T21:59:02.812Z;Courses hippiques (PMU);OK;6,6;6639
19/08/2026 23:59:02;2026-08-19T21:59:02.812Z;Courses de lévriers;OK;6,8;6770
20/08/2026 03:53:38;2026-08-20T01:53:38.224Z;Courses hippiques (PMU);OK;1,9;1932
20/08/2026 03:53:38;2026-08-20T01:53:38.224Z;Courses de lévriers;OK;1,9;1928
20/08/2026 06:00:54;2026-08-20T04:00:54.396Z;Courses hippiques (PMU);OK;2,1;2076
20/08/2026 06:00:54;2026-08-20T04:00:54.396Z;Courses de lévriers;OK;2,5;2508
20/08/2026 08:01:47;2026-08-20T06:01:47.345Z;Courses hippiques (PMU);OK;2,3;2336
20/08/2026 08:01:47;2026-08-20T06:01:47.345Z;Courses de lévriers;OK;2,1;2146
20/08/2026 08:13:14;2026-08-20T06:13:14.317Z;Courses hippiques (PMU);OK;2,9;2871
20/08/2026 08:13:14;2026-08-20T06:13:14.317Z;Courses de lévriers;OK;2,4;2419
20/08/2026 08:25:19;2026-08-20T06:25:19.594Z;Courses hippiques (PMU);OK;2,5;2468
20/08/2026 08:25:19;2026-08-20T06:25:19.594Z;Courses de lévriers;OK;1,6;1598
20/08/2026 08:37:44;2026-08-20T06:37:44.238Z;Courses hippiques (PMU);ECHEC;20,0;20002
20/08/2026 08:37:44;2026-08-20T06:37:44.238Z;Courses de lévriers;OK;5,7;5739
20/08/2026 08:49:28;2026-08-20T06:49:28.533Z;Courses hippiques (PMU);OK;5,6;5632
20/08/2026 08:49:28;2026-08-20T06:49:28.533Z;Courses de lévriers;OK;5,8;5754
20/08/2026 09:01:53;2026-08-20T07:01:53.369Z;Courses hippiques (PMU);OK;5,6;5580
20/08/2026 09:01:53;2026-08-20T07:01:53.369Z;Courses de lévriers;OK;6,5;6483
20/08/2026 09:08:34;2026-08-20T07:08:34.017Z;Courses hippiques (PMU);OK;4,7;4710
20/08/2026 09:08:34;2026-08-20T07:08:34.017Z;Courses de lévriers;OK;4,9;4921
20/08/2026 09:13:20;2026-08-20T07:13:20.163Z;Courses hippiques (PMU);OK;4,8;4836
20/08/2026 09:13:20;2026-08-20T07:13:20.163Z;Courses de lévriers;OK;4,7;4725
20/08/2026 09:25:19;2026-08-20T07:25:19.915Z;Courses hippiques (PMU);OK;5,2;5204
20/08/2026 09:25:19;2026-08-20T07:25:19.915Z;Courses de lévriers;OK;5,1;5106
20/08/2026 09:37:18;2026-08-20T07:37:18.544Z;Courses hippiques (PMU);OK;4,8;4821
20/08/2026 09:37:18;2026-08-20T07:37:18.544Z;Courses de lévriers;OK;3,7;3657
20/08/2026 09:49:28;2026-08-20T07:49:28.121Z;Courses hippiques (PMU);OK;5,8;5800
20/08/2026 09:49:28;2026-08-20T07:49:28.121Z;Courses de lévriers;OK;5,1;5122
20/08/2026 10:01:59;2026-08-20T08:01:59.404Z;Courses hippiques (PMU);OK;4,1;4088
20/08/2026 10:01:59;2026-08-20T08:01:59.404Z;Courses de lévriers;OK;3,6;3582
20/08/2026 10:13:17;2026-08-20T08:13:17.758Z;Courses hippiques (PMU);OK;6,0;5966
20/08/2026 10:13:17;2026-08-20T08:13:17.758Z;Courses de lévriers;OK;4,4;4408
20/08/2026 10:25:24;2026-08-20T08:25:24.385Z;Courses hippiques (PMU);OK;5,2;5183
20/08/2026 10:25:24;2026-08-20T08:25:24.385Z;Courses de lévriers;OK;5,7;5683
20/08/2026 10:37:32;2026-08-20T08:37:32.245Z;Courses hippiques (PMU);OK;5,4;5400
20/08/2026 10:37:32;2026-08-20T08:37:32.245Z;Courses de lévriers;OK;7,1;7059
20/08/2026 10:49:17;2026-08-20T08:49:17.578Z;Courses hippiques (PMU);OK;5,2;5151
20/08/2026 10:49:17;2026-08-20T08:49:17.578Z;Courses de lévriers;OK;4,3;4326
20/08/2026 11:02:04;2026-08-20T09:02:04.506Z;Courses hippiques (PMU);OK;6,2;6200
20/08/2026 11:02:04;2026-08-20T09:02:04.506Z;Courses de lévriers;OK;5,9;5883
20/08/2026 11:13:22;2026-08-20T09:13:22.347Z;Courses hippiques (PMU);OK;5,1;5098
20/08/2026 11:13:22;2026-08-20T09:13:22.347Z;Courses de lévriers;OK;5,7;5712
20/08/2026 11:25:19;2026-08-20T09:25:19.496Z;Courses hippiques (PMU);OK;4,6;4575
20/08/2026 11:25:19;2026-08-20T09:25:19.496Z;Courses de lévriers;OK;5,3;5329
20/08/2026 11:37:18;2026-08-20T09:37:18.246Z;Courses hippiques (PMU);OK;4,4;4424
20/08/2026 11:37:18;2026-08-20T09:37:18.246Z;Courses de lévriers;OK;4,4;4401
20/08/2026 11:49:26;2026-08-20T09:49:26.129Z;Courses hippiques (PMU);OK;4,7;4673
20/08/2026 11:49:26;2026-08-20T09:49:26.129Z;Courses de lévriers;OK;5,1;5069
20/08/2026 11:52:00;2026-08-20T09:52:00.732Z;Courses hippiques (PMU);OK;4,6;4633
20/08/2026 11:52:00;2026-08-20T09:52:00.732Z;Courses de lévriers;OK;4,9;4858
20/08/2026 12:02:04;2026-08-20T10:02:04.434Z;Courses hippiques (PMU);OK;4,9;4910
20/08/2026 12:02:04;2026-08-20T10:02:04.434Z;Courses de lévriers;OK;5,0;5007
20/08/2026 12:13:17;2026-08-20T10:13:17.130Z;Courses hippiques (PMU);OK;4,8;4826
20/08/2026 12:13:17;2026-08-20T10:13:17.130Z;Courses de lévriers;OK;4,1;4135
20/08/2026 12:25:21;2026-08-20T10:25:21.881Z;Courses hippiques (PMU);OK;4,9;4946
20/08/2026 12:25:21;2026-08-20T10:25:21.881Z;Courses de lévriers;OK;5,3;5348
20/08/2026 12:37:40;2026-08-20T10:37:40.523Z;Courses hippiques (PMU);OK;5,4;5362
20/08/2026 12:37:40;2026-08-20T10:37:40.523Z;Courses de lévriers;OK;5,7;5671
20/08/2026 12:49:30;2026-08-20T10:49:30.163Z;Courses hippiques (PMU);OK;5,2;5193
20/08/2026 12:49:30;2026-08-20T10:49:30.163Z;Courses de lévriers;OK;5,8;5815
20/08/2026 13:02:05;2026-08-20T11:02:05.135Z;Courses hippiques (PMU);OK;5,0;5006
20/08/2026 13:02:05;2026-08-20T11:02:05.135Z;Courses de lévriers;OK;7,2;7166
20/08/2026 13:13:44;2026-08-20T11:13:44.213Z;Courses hippiques (PMU);ECHEC;5,1;5113
20/08/2026 13:13:44;2026-08-20T11:13:44.213Z;Courses de lévriers;OK;5,7;5663
20/08/2026 13:25:25;2026-08-20T11:25:25.040Z;Courses hippiques (PMU);OK;4,0;4018
20/08/2026 13:25:25;2026-08-20T11:25:25.040Z;Courses de lévriers;OK;3,5;3452
20/08/2026 13:37:26;2026-08-20T11:37:26.538Z;Courses hippiques (PMU);OK;5,3;5275
20/08/2026 13:37:26;2026-08-20T11:37:26.538Z;Courses de lévriers;OK;6,1;6145
20/08/2026 13:49:19;2026-08-20T11:49:19.811Z;Courses hippiques (PMU);OK;4,7;4732
20/08/2026 13:49:19;2026-08-20T11:49:19.811Z;Courses de lévriers;OK;3,8;3791
20/08/2026 14:02:15;2026-08-20T12:02:15.842Z;Courses hippiques (PMU);OK;3,9;3854
20/08/2026 14:02:15;2026-08-20T12:02:15.842Z;Courses de lévriers;OK;5,8;5751
20/08/2026 14:13:21;2026-08-20T12:13:21.868Z;Courses hippiques (PMU);OK;6,0;5994
20/08/2026 14:13:21;2026-08-20T12:13:21.868Z;Courses de lévriers;OK;5,7;5651
20/08/2026 14:25:26;2026-08-20T12:25:26.007Z;Courses hippiques (PMU);OK;5,6;5555
20/08/2026 14:25:26;2026-08-20T12:25:26.007Z;Courses de lévriers;OK;7,0;6980
20/08/2026 14:37:22;2026-08-20T12:37:22.288Z;Courses hippiques (PMU);OK;5,7;5658
20/08/2026 14:37:22;2026-08-20T12:37:22.288Z;Courses de lévriers;OK;5,6;5604
20/08/2026 14:49:44;2026-08-20T12:49:44.095Z;Courses hippiques (PMU);OK;5,3;5284
20/08/2026 14:49:44;2026-08-20T12:49:44.095Z;Courses de lévriers;OK;5,0;4974
20/08/2026 15:01:55;2026-08-20T13:01:55.637Z;Courses hippiques (PMU);ECHEC;5,5;5455
20/08/2026 15:01:55;2026-08-20T13:01:55.637Z;Courses de lévriers;OK;5,6;5639
20/08/2026 15:13:17;2026-08-20T13:13:17.352Z;Courses hippiques (PMU);OK;5,0;5029
20/08/2026 15:13:17;2026-08-20T13:13:17.352Z;Courses de lévriers;OK;5,6;5589
20/08/2026 15:25:19;2026-08-20T13:25:19.483Z;Courses hippiques (PMU);OK;4,5;4507
20/08/2026 15:25:19;2026-08-20T13:25:19.483Z;Courses de lévriers;OK;5,3;5327
20/08/2026 15:37:31;2026-08-20T13:37:31.940Z;Courses hippiques (PMU);OK;5,7;5720
20/08/2026 15:37:31;2026-08-20T13:37:31.940Z;Courses de lévriers;OK;6,2;6213
20/08/2026 15:49:33;2026-08-20T13:49:33.973Z;Courses hippiques (PMU);OK;6,5;6456
20/08/2026 15:49:33;2026-08-20T13:49:33.973Z;Courses de lévriers;OK;5,9;5920
20/08/2026 16:02:01;2026-08-20T14:02:01.077Z;Courses hippiques (PMU);OK;5,0;5040
20/08/2026 16:02:01;2026-08-20T14:02:01.077Z;Courses de lévriers;OK;4,5;4532
20/08/2026 16:13:27;2026-08-20T14:13:27.302Z;Courses hippiques (PMU);OK;5,0;5009
20/08/2026 16:13:27;2026-08-20T14:13:27.302Z;Courses de lévriers;OK;5,6;5602
20/08/2026 16:25:20;2026-08-20T14:25:20.925Z;Courses hippiques (PMU);OK;5,0;4950
20/08/2026 16:25:20;2026-08-20T14:25:20.925Z;Courses de lévriers;OK;4,4;4383
20/08/2026 16:37:20;2026-08-20T14:37:20.527Z;Courses hippiques (PMU);OK;4,8;4800
20/08/2026 16:37:20;2026-08-20T14:37:20.527Z;Courses de lévriers;OK;6,4;6402
20/08/2026 16:49:26;2026-08-20T14:49:26.093Z;Courses hippiques (PMU);OK;5,1;5100
20/08/2026 16:49:26;2026-08-20T14:49:26.093Z;Courses de lévriers;OK;5,2;5216
20/08/2026 17:01:53;2026-08-20T15:01:53.784Z;Courses hippiques (PMU);OK;6,1;6148
20/08/2026 17:01:53;2026-08-20T15:01:53.784Z;Courses de lévriers;OK;5,1;5123
20/08/2026 17:13:32;2026-08-20T15:13:32.789Z;Courses hippiques (PMU);ECHEC;4,9;4902
20/08/2026 17:13:32;2026-08-20T15:13:32.789Z;Courses de lévriers;OK;5,5;5459
20/08/2026 17:25:26;2026-08-20T15:25:26.961Z;Courses hippiques (PMU);OK;5,3;5340
20/08/2026 17:25:26;2026-08-20T15:25:26.961Z;Courses de lévriers;OK;6,4;6364
20/08/2026 17:37:24;2026-08-20T15:37:24.213Z;Courses hippiques (PMU);OK;5,0;4989
20/08/2026 17:37:24;2026-08-20T15:37:24.213Z;Courses de lévriers;OK;5,7;5665
20/08/2026 17:49:22;2026-08-20T15:49:22.739Z;Courses hippiques (PMU);OK;5,0;5030
20/08/2026 17:49:22;2026-08-20T15:49:22.739Z;Courses de lévriers;OK;4,3;4338
20/08/2026 17:50:35;2026-08-20T15:50:35.270Z;Courses hippiques (PMU);OK;5,0;5001
20/08/2026 17:50:35;2026-08-20T15:50:35.270Z;Courses de lévriers;OK;6,7;6743
20/08/2026 18:02:04;2026-08-20T16:02:04.396Z;Courses hippiques (PMU);OK;6,2;6162
20/08/2026 18:02:04;2026-08-20T16:02:04.396Z;Courses de lévriers;OK;6,0;6024
20/08/2026 18:13:36;2026-08-20T16:13:36.653Z;Courses hippiques (PMU);OK;4,9;4902
20/08/2026 18:13:36;2026-08-20T16:13:36.653Z;Courses de lévriers;OK;5,6;5576
20/08/2026 18:25:31;2026-08-20T16:25:31.320Z;Courses hippiques (PMU);OK;5,9;5910
20/08/2026 18:25:31;2026-08-20T16:25:31.320Z;Courses de lévriers;OK;4,9;4886
20/08/2026 18:37:22;2026-08-20T16:37:22.658Z;Courses hippiques (PMU);OK;5,8;5761
20/08/2026 18:37:22;2026-08-20T16:37:22.658Z;Courses de lévriers;OK;5,8;5753
20/08/2026 18:49:20;2026-08-20T16:49:20.871Z;Courses hippiques (PMU);ECHEC;5,0;5043
20/08/2026 18:49:20;2026-08-20T16:49:20.871Z;Courses de lévriers;OK;5,3;5285
20/08/2026 19:01:58;2026-08-20T17:01:58.699Z;Courses hippiques (PMU);OK;5,3;5275
20/08/2026 19:01:58;2026-08-20T17:01:58.699Z;Courses de lévriers;OK;6,7;6684
20/08/2026 19:13:18;2026-08-20T17:13:18.090Z;Courses hippiques (PMU);OK;5,0;5004
20/08/2026 19:13:18;2026-08-20T17:13:18.090Z;Courses de lévriers;OK;4,6;4617
20/08/2026 19:25:40;2026-08-20T17:25:40.173Z;Courses hippiques (PMU);OK;9,4;9383
20/08/2026 19:25:40;2026-08-20T17:25:40.173Z;Courses de lévriers;OK;7,3;7342
20/08/2026 19:37:25;2026-08-20T17:37:25.676Z;Courses hippiques (PMU);OK;6,0;6021
20/08/2026 19:37:25;2026-08-20T17:37:25.676Z;Courses de lévriers;OK;5,7;5656
20/08/2026 19:49:25;2026-08-20T17:49:25.992Z;Courses hippiques (PMU);OK;5,1;5068
20/08/2026 19:49:25;2026-08-20T17:49:25.992Z;Courses de lévriers;OK;5,9;5938
20/08/2026 20:01:54;2026-08-20T18:01:54.629Z;Courses hippiques (PMU);OK;5,2;5230
20/08/2026 20:01:54;2026-08-20T18:01:54.629Z;Courses de lévriers;OK;5,6;5580
20/08/2026 20:13:28;2026-08-20T18:13:28.209Z;Courses hippiques (PMU);OK;5,8;5767
20/08/2026 20:13:28;2026-08-20T18:13:28.209Z;Courses de lévriers;OK;5,9;5926
20/08/2026 20:25:21;2026-08-20T18:25:21.725Z;Courses hippiques (PMU);OK;6,4;6388
20/08/2026 20:25:21;2026-08-20T18:25:21.725Z;Courses de lévriers;OK;5,7;5739
20/08/2026 20:37:22;2026-08-20T18:37:22.203Z;Courses hippiques (PMU);OK;5,1;5149
20/08/2026 20:37:22;2026-08-20T18:37:22.203Z;Courses de lévriers;OK;5,7;5688
20/08/2026 20:49:28;2026-08-20T18:49:28.101Z;Courses hippiques (PMU);OK;4,8;4772
20/08/2026 20:49:28;2026-08-20T18:49:28.101Z;Courses de lévriers;OK;4,9;4872
20/08/2026 21:01:52;2026-08-20T19:01:52.046Z;Courses hippiques (PMU);OK;7,0;7011
20/08/2026 21:01:52;2026-08-20T19:01:52.046Z;Courses de lévriers;OK;6,5;6506
20/08/2026 21:13:21;2026-08-20T19:13:21.837Z;Courses hippiques (PMU);OK;5,0;4959
20/08/2026 21:13:21;2026-08-20T19:13:21.837Z;Courses de lévriers;OK;5,4;5449
20/08/2026 21:25:22;2026-08-20T19:25:22.756Z;Courses hippiques (PMU);ECHEC;6,3;6267
20/08/2026 21:25:22;2026-08-20T19:25:22.756Z;Courses de lévriers;OK;5,8;5782
20/08/2026 21:37:33;2026-08-20T19:37:33.273Z;Courses hippiques (PMU);OK;5,0;5013
20/08/2026 21:37:33;2026-08-20T19:37:33.273Z;Courses de lévriers;OK;5,7;5715
20/08/2026 21:49:27;2026-08-20T19:49:27.374Z;Courses hippiques (PMU);OK;5,2;5161
20/08/2026 21:49:27;2026-08-20T19:49:27.374Z;Courses de lévriers;OK;5,6;5571
20/08/2026 22:01:48;2026-08-20T20:01:48.434Z;Courses hippiques (PMU);OK;6,9;6881
20/08/2026 22:01:48;2026-08-20T20:01:48.434Z;Courses de lévriers;OK;5,4;5402
20/08/2026 22:13:51;2026-08-20T20:13:51.904Z;Courses hippiques (PMU);OK;5,0;5000
20/08/2026 22:13:51;2026-08-20T20:13:51.904Z;Courses de lévriers;OK;5,5;5521
20/08/2026 22:25:22;2026-08-20T20:25:22.848Z;Courses hippiques (PMU);OK;5,2;5194
20/08/2026 22:25:22;2026-08-20T20:25:22.848Z;Courses de lévriers;OK;5,7;5681
20/08/2026 22:37:33;2026-08-20T20:37:33.500Z;Courses hippiques (PMU);OK;5,0;5022
20/08/2026 22:37:33;2026-08-20T20:37:33.500Z;Courses de lévriers;OK;5,7;5650
20/08/2026 22:49:23;2026-08-20T20:49:23.007Z;Courses hippiques (PMU);OK;5,2;5247
20/08/2026 22:49:23;2026-08-20T20:49:23.007Z;Courses de lévriers;OK;5,9;5858
20/08/2026 23:01:49;2026-08-20T21:01:49.956Z;Courses hippiques (PMU);OK;4,9;4863
20/08/2026 23:01:49;2026-08-20T21:01:49.956Z;Courses de lévriers;OK;4,7;4687
20/08/2026 23:13:22;2026-08-20T21:13:22.498Z;Courses hippiques (PMU);OK;5,3;5324
20/08/2026 23:13:22;2026-08-20T21:13:22.498Z;Courses de lévriers;OK;5,8;5816
20/08/2026 23:25:22;2026-08-20T21:25:22.770Z;Courses hippiques (PMU);OK;4,8;4759
20/08/2026 23:25:22;2026-08-20T21:25:22.770Z;Courses de lévriers;OK;4,4;4377
20/08/2026 23:37:20;2026-08-20T21:37:20.967Z;Courses hippiques (PMU);OK;5,2;5211
20/08/2026 23:37:20;2026-08-20T21:37:20.967Z;Courses de lévriers;OK;4,9;4862
20/08/2026 23:45:34;2026-08-20T21:45:34.861Z;Courses hippiques (PMU);OK;4,9;4861
20/08/2026 23:45:34;2026-08-20T21:45:34.861Z;Courses de lévriers;OK;5,4;5408
20/08/2026 23:49:38;2026-08-20T21:49:38.048Z;Courses hippiques (PMU);OK;5,8;5822
20/08/2026 23:49:38;2026-08-20T21:49:38.048Z;Courses de lévriers;OK;4,8;4768
21/08/2026 03:59:42;2026-08-21T01:59:42.533Z;Courses hippiques (PMU);OK;2,3;2310
21/08/2026 03:59:42;2026-08-21T01:59:42.533Z;Courses de lévriers;OK;2,6;2569
21/08/2026 06:03:26;2026-08-21T04:03:26.146Z;Courses hippiques (PMU);OK;1,8;1846
21/08/2026 06:03:26;2026-08-21T04:03:26.146Z;Courses de lévriers;OK;1,2;1222
21/08/2026 08:02:04;2026-08-21T06:02:04.961Z;Courses hippiques (PMU);OK;1,7;1736
21/08/2026 08:02:04;2026-08-21T06:02:04.961Z;Courses de lévriers;OK;1,3;1263
21/08/2026 08:13:27;2026-08-21T06:13:27.683Z;Courses hippiques (PMU);OK;2,8;2798
21/08/2026 08:13:27;2026-08-21T06:13:27.683Z;Courses de lévriers;OK;1,3;1338
21/08/2026 08:25:17;2026-08-21T06:25:17.122Z;Courses hippiques (PMU);OK;3,4;3383
21/08/2026 08:25:17;2026-08-21T06:25:17.122Z;Courses de lévriers;OK;2,1;2111
21/08/2026 08:37:24;2026-08-21T06:37:24.029Z;Courses hippiques (PMU);OK;4,2;4249
21/08/2026 08:37:24;2026-08-21T06:37:24.029Z;Courses de lévriers;OK;3,7;3652
21/08/2026 08:49:21;2026-08-21T06:49:21.738Z;Courses hippiques (PMU);OK;5,9;5883
21/08/2026 08:49:21;2026-08-21T06:49:21.738Z;Courses de lévriers;OK;5,6;5560
21/08/2026 09:02:02;2026-08-21T07:02:02.889Z;Courses hippiques (PMU);OK;5,2;5239
21/08/2026 09:02:02;2026-08-21T07:02:02.889Z;Courses de lévriers;OK;5,4;5439
21/08/2026 09:09:45;2026-08-21T07:09:45.622Z;Courses hippiques (PMU);OK;4,8;4841
21/08/2026 09:09:45;2026-08-21T07:09:45.622Z;Courses de lévriers;OK;4,4;4371
21/08/2026 09:13:33;2026-08-21T07:13:33.136Z;Courses hippiques (PMU);OK;5,8;5774
21/08/2026 09:13:33;2026-08-21T07:13:33.136Z;Courses de lévriers;OK;4,8;4766
21/08/2026 09:25:20;2026-08-21T07:25:20.640Z;Courses hippiques (PMU);OK;5,5;5468
21/08/2026 09:25:20;2026-08-21T07:25:20.640Z;Courses de lévriers;OK;5,6;5607
21/08/2026 09:37:32;2026-08-21T07:37:32.724Z;Courses hippiques (PMU);OK;5,0;4983
21/08/2026 09:37:32;2026-08-21T07:37:32.724Z;Courses de lévriers;OK;4,4;4402
21/08/2026 09:49:18;2026-08-21T07:49:18.204Z;Courses hippiques (PMU);OK;3,7;3729
21/08/2026 09:49:18;2026-08-21T07:49:18.204Z;Courses de lévriers;OK;3,8;3769
21/08/2026 10:02:10;2026-08-21T08:02:10.088Z;Courses hippiques (PMU);OK;5,8;5800
21/08/2026 10:02:10;2026-08-21T08:02:10.088Z;Courses de lévriers;OK;4,9;4941
21/08/2026 10:13:17;2026-08-21T08:13:17.633Z;Courses hippiques (PMU);OK;5,0;4996
21/08/2026 10:13:17;2026-08-21T08:13:17.633Z;Courses de lévriers;OK;5,6;5595
21/08/2026 10:25:20;2026-08-21T08:25:20.037Z;Courses hippiques (PMU);OK;5,5;5471
21/08/2026 10:25:20;2026-08-21T08:25:20.037Z;Courses de lévriers;OK;5,6;5632
21/08/2026 10:37:17;2026-08-21T08:37:17.527Z;Courses hippiques (PMU);OK;4,0;3952
21/08/2026 10:37:17;2026-08-21T08:37:17.527Z;Courses de lévriers;OK;3,7;3675
21/08/2026 10:49:25;2026-08-21T08:49:25.481Z;Courses hippiques (PMU);OK;5,3;5325
21/08/2026 10:49:25;2026-08-21T08:49:25.481Z;Courses de lévriers;OK;5,8;5782
21/08/2026 11:01:54;2026-08-21T09:01:54.170Z;Courses hippiques (PMU);OK;3,4;3408
21/08/2026 11:01:54;2026-08-21T09:01:54.170Z;Courses de lévriers;OK;4,4;4396
21/08/2026 11:13:33;2026-08-21T09:13:33.514Z;Courses hippiques (PMU);OK;4,3;4254
21/08/2026 11:13:33;2026-08-21T09:13:33.514Z;Courses de lévriers;OK;3,4;3439
21/08/2026 11:25:18;2026-08-21T09:25:18.448Z;Courses hippiques (PMU);OK;4,5;4508
21/08/2026 11:25:18;2026-08-21T09:25:18.448Z;Courses de lévriers;OK;3,6;3640
21/08/2026 11:37:26;2026-08-21T09:37:26.808Z;Courses hippiques (PMU);OK;4,7;4707
21/08/2026 11:37:26;2026-08-21T09:37:26.808Z;Courses de lévriers;OK;4,1;4063
21/08/2026 11:49:19;2026-08-21T09:49:19.733Z;Courses hippiques (PMU);OK;5,8;5808
21/08/2026 11:49:19;2026-08-21T09:49:19.733Z;Courses de lévriers;OK;4,7;4735
21/08/2026 11:54:03;2026-08-21T09:54:03.316Z;Courses hippiques (PMU);OK;5,0;5013
21/08/2026 11:54:03;2026-08-21T09:54:03.316Z;Courses de lévriers;OK;5,4;5406
21/08/2026 12:01:48;2026-08-21T10:01:48.932Z;Courses hippiques (PMU);OK;5,0;5034
21/08/2026 12:01:48;2026-08-21T10:01:48.932Z;Courses de lévriers;OK;4,4;4390
21/08/2026 12:13:35;2026-08-21T10:13:35.061Z;Courses hippiques (PMU);OK;5,2;5159
21/08/2026 12:13:35;2026-08-21T10:13:35.061Z;Courses de lévriers;OK;5,6;5646
21/08/2026 12:25:18;2026-08-21T10:25:18.647Z;Courses hippiques (PMU);OK;5,0;4979
21/08/2026 12:25:18;2026-08-21T10:25:18.647Z;Courses de lévriers;OK;4,4;4404
21/08/2026 12:37:21;2026-08-21T10:37:21.637Z;Courses hippiques (PMU);OK;4,4;4393
21/08/2026 12:37:21;2026-08-21T10:37:21.637Z;Courses de lévriers;OK;5,5;5474
21/08/2026 12:49:20;2026-08-21T10:49:20.116Z;Courses hippiques (PMU);OK;4,4;4357
21/08/2026 12:49:20;2026-08-21T10:49:20.116Z;Courses de lévriers;OK;3,6;3639
21/08/2026 13:01:49;2026-08-21T11:01:49.049Z;Courses hippiques (PMU);OK;4,2;4185
21/08/2026 13:01:49;2026-08-21T11:01:49.049Z;Courses de lévriers;OK;5,2;5243
21/08/2026 13:13:23;2026-08-21T11:13:23.656Z;Courses hippiques (PMU);ECHEC;5,5;5496
21/08/2026 13:13:23;2026-08-21T11:13:23.656Z;Courses de lévriers;OK;5,7;5722
21/08/2026 13:25:26;2026-08-21T11:25:26.122Z;Courses hippiques (PMU);OK;5,6;5553
21/08/2026 13:25:26;2026-08-21T11:25:26.122Z;Courses de lévriers;OK;7,9;7866
21/08/2026 13:37:26;2026-08-21T11:37:26.009Z;Courses hippiques (PMU);OK;5,8;5758
21/08/2026 13:37:26;2026-08-21T11:37:26.009Z;Courses de lévriers;OK;5,9;5911
21/08/2026 13:49:22;2026-08-21T11:49:22.959Z;Courses hippiques (PMU);OK;4,8;4794
21/08/2026 13:49:22;2026-08-21T11:49:22.959Z;Courses de lévriers;OK;5,2;5193
21/08/2026 14:02:05;2026-08-21T12:02:05.068Z;Courses hippiques (PMU);OK;6,1;6130
21/08/2026 14:02:05;2026-08-21T12:02:05.068Z;Courses de lévriers;OK;5,6;5566
21/08/2026 14:13:21;2026-08-21T12:13:21.465Z;Courses hippiques (PMU);OK;4,9;4917
21/08/2026 14:13:21;2026-08-21T12:13:21.465Z;Courses de lévriers;OK;5,5;5479
21/08/2026 14:25:28;2026-08-21T12:25:28.197Z;Courses hippiques (PMU);OK;6,6;6626
21/08/2026 14:25:28;2026-08-21T12:25:28.197Z;Courses de lévriers;OK;6,2;6160
21/08/2026 14:37:26;2026-08-21T12:37:26.885Z;Courses hippiques (PMU);OK;4,8;4799
21/08/2026 14:37:26;2026-08-21T12:37:26.885Z;Courses de lévriers;OK;5,8;5767
21/08/2026 14:49:22;2026-08-21T12:49:22.912Z;Courses hippiques (PMU);OK;5,2;5239
21/08/2026 14:49:22;2026-08-21T12:49:22.912Z;Courses de lévriers;OK;6,7;6697
21/08/2026 15:01:47;2026-08-21T13:01:47.073Z;Courses hippiques (PMU);OK;4,8;4826
21/08/2026 15:01:47;2026-08-21T13:01:47.073Z;Courses de lévriers;OK;4,4;4444
21/08/2026 15:13:54;2026-08-21T13:13:54.498Z;Courses hippiques (PMU);OK;5,2;5187
21/08/2026 15:13:54;2026-08-21T13:13:54.498Z;Courses de lévriers;OK;5,9;5853
21/08/2026 15:25:19;2026-08-21T13:25:19.952Z;Courses hippiques (PMU);OK;5,5;5472
21/08/2026 15:25:19;2026-08-21T13:25:19.952Z;Courses de lévriers;OK;6,1;6071
21/08/2026 15:37:21;2026-08-21T13:37:21.053Z;Courses hippiques (PMU);OK;5,0;4956
21/08/2026 15:37:21;2026-08-21T13:37:21.053Z;Courses de lévriers;OK;5,7;5682
21/08/2026 15:49:29;2026-08-21T13:49:29.420Z;Courses hippiques (PMU);OK;6,0;6021
21/08/2026 15:49:29;2026-08-21T13:49:29.420Z;Courses de lévriers;OK;5,9;5873
21/08/2026 16:02:00;2026-08-21T14:02:00.087Z;Courses hippiques (PMU);OK;4,9;4883
21/08/2026 16:02:00;2026-08-21T14:02:00.087Z;Courses de lévriers;OK;6,5;6543
21/08/2026 16:13:27;2026-08-21T14:13:27.355Z;Courses hippiques (PMU);OK;6,4;6432
21/08/2026 16:13:27;2026-08-21T14:13:27.355Z;Courses de lévriers;OK;5,8;5756
21/08/2026 16:25:21;2026-08-21T14:25:21.600Z;Courses hippiques (PMU);OK;5,1;5113
21/08/2026 16:25:21;2026-08-21T14:25:21.600Z;Courses de lévriers;OK;5,8;5840
21/08/2026 16:37:22;2026-08-21T14:37:22.962Z;Courses hippiques (PMU);OK;5,7;5743
21/08/2026 16:37:22;2026-08-21T14:37:22.962Z;Courses de lévriers;OK;5,4;5421
21/08/2026 16:49:24;2026-08-21T14:49:24.020Z;Courses hippiques (PMU);OK;4,8;4796
21/08/2026 16:49:24;2026-08-21T14:49:24.020Z;Courses de lévriers;OK;4,5;4477
21/08/2026 17:01:54;2026-08-21T15:01:54.538Z;Courses hippiques (PMU);OK;6,4;6386
21/08/2026 17:01:54;2026-08-21T15:01:54.538Z;Courses de lévriers;OK;5,7;5722
21/08/2026 17:13:18;2026-08-21T15:13:18.861Z;Courses hippiques (PMU);OK;4,7;4738
21/08/2026 17:13:18;2026-08-21T15:13:18.861Z;Courses de lévriers;OK;5,6;5574
21/08/2026 17:25:22;2026-08-21T15:25:22.003Z;Courses hippiques (PMU);OK;5,5;5490
21/08/2026 17:25:22;2026-08-21T15:25:22.003Z;Courses de lévriers;OK;4,3;4282
21/08/2026 17:37:28;2026-08-21T15:37:28.020Z;Courses hippiques (PMU);OK;5,8;5849
21/08/2026 17:37:28;2026-08-21T15:37:28.020Z;Courses de lévriers;OK;8,0;7974
21/08/2026 17:49:32;2026-08-21T15:49:32.911Z;Courses hippiques (PMU);OK;5,5;5504
21/08/2026 17:49:32;2026-08-21T15:49:32.911Z;Courses de lévriers;OK;5,0;4958
21/08/2026 17:50:26;2026-08-21T15:50:26.409Z;Courses hippiques (PMU);OK;6,3;6349
21/08/2026 17:50:26;2026-08-21T15:50:26.409Z;Courses de lévriers;OK;5,9;5858
21/08/2026 18:01:59;2026-08-21T16:01:59.622Z;Courses hippiques (PMU);OK;5,5;5505
21/08/2026 18:01:59;2026-08-21T16:01:59.622Z;Courses de lévriers;OK;5,7;5701
21/08/2026 18:13:29;2026-08-21T16:13:29.402Z;Courses hippiques (PMU);OK;5,0;5031
21/08/2026 18:13:29;2026-08-21T16:13:29.402Z;Courses de lévriers;OK;5,4;5382
21/08/2026 18:25:40;2026-08-21T16:25:40.686Z;Courses hippiques (PMU);OK;5,4;5359
21/08/2026 18:25:40;2026-08-21T16:25:40.686Z;Courses de lévriers;OK;6,2;6225
21/08/2026 18:37:19;2026-08-21T16:37:19.861Z;Courses hippiques (PMU);OK;5,0;5004
21/08/2026 18:37:19;2026-08-21T16:37:19.861Z;Courses de lévriers;OK;4,7;4694
21/08/2026 18:49:30;2026-08-21T16:49:30.212Z;Courses hippiques (PMU);OK;5,6;5613
21/08/2026 18:49:30;2026-08-21T16:49:30.212Z;Courses de lévriers;OK;5,8;5784
21/08/2026 19:01:52;2026-08-21T17:01:52.118Z;Courses hippiques (PMU);OK;5,0;5022
21/08/2026 19:01:52;2026-08-21T17:01:52.118Z;Courses de lévriers;OK;6,0;5978
21/08/2026 19:13:24;2026-08-21T17:13:24.697Z;Courses hippiques (PMU);OK;6,5;6484
21/08/2026 19:13:24;2026-08-21T17:13:24.697Z;Courses de lévriers;OK;5,8;5849
21/08/2026 19:25:22;2026-08-21T17:25:22.497Z;Courses hippiques (PMU);OK;5,2;5197
21/08/2026 19:25:22;2026-08-21T17:25:22.497Z;Courses de lévriers;OK;4,8;4798
21/08/2026 19:37:25;2026-08-21T17:37:25.562Z;Courses hippiques (PMU);OK;5,5;5486
21/08/2026 19:37:25;2026-08-21T17:37:25.562Z;Courses de lévriers;OK;4,8;4804
21/08/2026 19:49:35;2026-08-21T17:49:35.609Z;Courses hippiques (PMU);OK;5,0;4974
21/08/2026 19:49:35;2026-08-21T17:49:35.609Z;Courses de lévriers;OK;5,0;4970
21/08/2026 20:01:56;2026-08-21T18:01:56.722Z;Courses hippiques (PMU);OK;5,7;5749
21/08/2026 20:01:56;2026-08-21T18:01:56.722Z;Courses de lévriers;OK;6,1;6133
21/08/2026 20:13:39;2026-08-21T18:13:39.081Z;Courses hippiques (PMU);OK;6,4;6435
21/08/2026 20:13:39;2026-08-21T18:13:39.081Z;Courses de lévriers;OK;7,5;7515
21/08/2026 20:25:22;2026-08-21T18:25:22.599Z;Courses hippiques (PMU);OK;5,6;5624
21/08/2026 20:25:22;2026-08-21T18:25:22.599Z;Courses de lévriers;OK;6,8;6752
21/08/2026 20:37:22;2026-08-21T18:37:22.778Z;Courses hippiques (PMU);OK;5,1;5059
21/08/2026 20:37:22;2026-08-21T18:37:22.778Z;Courses de lévriers;OK;6,4;6382
21/08/2026 20:49:26;2026-08-21T18:49:26.986Z;Courses hippiques (PMU);OK;6,7;6699
21/08/2026 20:49:26;2026-08-21T18:49:26.986Z;Courses de lévriers;OK;4,8;4790
21/08/2026 20:58:51;2026-08-21T18:58:51.096Z;Courses hippiques (PMU);OK;5,6;5578
21/08/2026 20:58:51;2026-08-21T18:58:51.096Z;Courses de lévriers;OK;6,1;6093
21/08/2026 21:01:52;2026-08-21T19:01:52.831Z;Courses hippiques (PMU);OK;5,2;5220
21/08/2026 21:01:52;2026-08-21T19:01:52.831Z;Courses de lévriers;OK;7,9;7943
21/08/2026 21:13:26;2026-08-21T19:13:26.340Z;Courses hippiques (PMU);OK;5,0;5008
21/08/2026 21:13:26;2026-08-21T19:13:26.340Z;Courses de lévriers;OK;4,6;4647
21/08/2026 21:25:20;2026-08-21T19:25:20.387Z;Courses hippiques (PMU);OK;5,0;5031
21/08/2026 21:25:20;2026-08-21T19:25:20.387Z;Courses de lévriers;OK;4,6;4636
21/08/2026 21:37:22;2026-08-21T19:37:22.551Z;Courses hippiques (PMU);ECHEC;6,3;6259
21/08/2026 21:37:22;2026-08-21T19:37:22.551Z;Courses de lévriers;OK;5,4;5395
21/08/2026 21:49:23;2026-08-21T19:49:23.729Z;Courses hippiques (PMU);OK;4,2;4154
21/08/2026 21:49:23;2026-08-21T19:49:23.729Z;Courses de lévriers;OK;5,5;5514
21/08/2026 22:01:47;2026-08-21T20:01:47.427Z;Courses hippiques (PMU);OK;5,0;4951
21/08/2026 22:01:47;2026-08-21T20:01:47.427Z;Courses de lévriers;OK;4,6;4560
21/08/2026 22:13:20;2026-08-21T20:13:20.059Z;Courses hippiques (PMU);OK;4,7;4743
21/08/2026 22:13:20;2026-08-21T20:13:20.059Z;Courses de lévriers;OK;4,4;4382
21/08/2026 22:25:18;2026-08-21T20:25:18.487Z;Courses hippiques (PMU);OK;5,0;5050
21/08/2026 22:25:18;2026-08-21T20:25:18.487Z;Courses de lévriers;OK;5,8;5831
21/08/2026 22:37:50;2026-08-21T20:37:50.581Z;Courses hippiques (PMU);OK;6,0;6007
21/08/2026 22:37:50;2026-08-21T20:37:50.581Z;Courses de lévriers;OK;4,5;4491
21/08/2026 22:49:19;2026-08-21T20:49:19.841Z;Courses hippiques (PMU);OK;5,7;5724
21/08/2026 22:49:19;2026-08-21T20:49:19.841Z;Courses de lévriers;OK;3,7;3744
21/08/2026 23:01:57;2026-08-21T21:01:57.431Z;Courses hippiques (PMU);OK;4,9;4916
21/08/2026 23:01:57;2026-08-21T21:01:57.431Z;Courses de lévriers;OK;5,5;5476
21/08/2026 23:13:24;2026-08-21T21:13:24.162Z;Courses hippiques (PMU);OK;5,9;5925
21/08/2026 23:13:24;2026-08-21T21:13:24.162Z;Courses de lévriers;OK;5,8;5850
21/08/2026 23:25:26;2026-08-21T21:25:26.206Z;Courses hippiques (PMU);OK;5,0;4980
21/08/2026 23:25:26;2026-08-21T21:25:26.206Z;Courses de lévriers;OK;5,6;5643
21/08/2026 23:37:35;2026-08-21T21:37:35.855Z;Courses hippiques (PMU);OK;5,1;5131
21/08/2026 23:37:35;2026-08-21T21:37:35.855Z;Courses de lévriers;OK;5,1;5147
21/08/2026 23:41:58;2026-08-21T21:41:58.238Z;Courses hippiques (PMU);OK;6,0;6007
21/08/2026 23:41:58;2026-08-21T21:41:58.238Z;Courses de lévriers;OK;6,7;6671
21/08/2026 23:49:20;2026-08-21T21:49:20.116Z;Courses hippiques (PMU);OK;5,3;5250
21/08/2026 23:49:20;2026-08-21T21:49:20.116Z;Courses de lévriers;OK;5,5;5450
22/08/2026 03:52:38;2026-08-22T01:52:38.985Z;Courses hippiques (PMU);OK;2,1;2135
22/08/2026 03:52:38;2026-08-22T01:52:38.985Z;Courses de lévriers;OK;1,6;1596
22/08/2026 05:58:39;2026-08-22T03:58:39.018Z;Courses hippiques (PMU);OK;2,4;2391
22/08/2026 05:58:39;2026-08-22T03:58:39.018Z;Courses de lévriers;OK;1,7;1724
22/08/2026 08:01:46;2026-08-22T06:01:46.247Z;Courses hippiques (PMU);OK;2,2;2205
22/08/2026 08:01:46;2026-08-22T06:01:46.247Z;Courses de lévriers;OK;1,6;1558
22/08/2026 08:13:15;2026-08-22T06:13:15.950Z;Courses hippiques (PMU);OK;2,5;2486
22/08/2026 08:13:15;2026-08-22T06:13:15.950Z;Courses de lévriers;OK;1,5;1486
22/08/2026 08:25:09;2026-08-22T06:25:09.679Z;Courses hippiques (PMU);OK;1,8;1753
22/08/2026 08:25:09;2026-08-22T06:25:09.679Z;Courses de lévriers;OK;1,5;1534
22/08/2026 08:37:22;2026-08-22T06:37:22.009Z;Courses hippiques (PMU);OK;7,5;7473
22/08/2026 08:37:22;2026-08-22T06:37:22.009Z;Courses de lévriers;OK;4,8;4795
22/08/2026 08:49:18;2026-08-22T06:49:18.302Z;Courses hippiques (PMU);OK;4,8;4837
22/08/2026 08:49:18;2026-08-22T06:49:18.302Z;Courses de lévriers;OK;4,5;4472
22/08/2026 09:01:41;2026-08-22T07:01:41.029Z;Courses hippiques (PMU);OK;5,3;5328
22/08/2026 09:01:41;2026-08-22T07:01:41.029Z;Courses de lévriers;OK;4,3;4348
22/08/2026 09:13:20;2026-08-22T07:13:20.122Z;Courses hippiques (PMU);OK;5,4;5381
22/08/2026 09:13:20;2026-08-22T07:13:20.122Z;Courses de lévriers;OK;5,0;4996
22/08/2026 09:25:35;2026-08-22T07:25:35.142Z;Courses hippiques (PMU);OK;5,2;5163
22/08/2026 09:25:35;2026-08-22T07:25:35.142Z;Courses de lévriers;OK;4,6;4635
22/08/2026 09:37:22;2026-08-22T07:37:22.935Z;Courses hippiques (PMU);OK;5,5;5502
22/08/2026 09:37:22;2026-08-22T07:37:22.935Z;Courses de lévriers;OK;4,7;4660
22/08/2026 09:49:20;2026-08-22T07:49:20.345Z;Courses hippiques (PMU);OK;5,1;5055
22/08/2026 09:49:20;2026-08-22T07:49:20.345Z;Courses de lévriers;OK;4,6;4634
22/08/2026 10:01:44;2026-08-22T08:01:44.334Z;Courses hippiques (PMU);OK;4,1;4108
22/08/2026 10:01:44;2026-08-22T08:01:44.334Z;Courses de lévriers;OK;2,9;2925
22/08/2026 10:13:18;2026-08-22T08:13:18.581Z;Courses hippiques (PMU);OK;4,7;4650
22/08/2026 10:13:18;2026-08-22T08:13:18.581Z;Courses de lévriers;OK;4,3;4334
22/08/2026 10:25:18;2026-08-22T08:25:18.774Z;Courses hippiques (PMU);OK;4,7;4695
22/08/2026 10:25:18;2026-08-22T08:25:18.774Z;Courses de lévriers;OK;4,3;4332
22/08/2026 10:37:21;2026-08-22T08:37:21.319Z;Courses hippiques (PMU);OK;5,0;5043
22/08/2026 10:37:21;2026-08-22T08:37:21.319Z;Courses de lévriers;OK;4,7;4734
22/08/2026 10:49:22;2026-08-22T08:49:22.134Z;Courses hippiques (PMU);OK;5,5;5468
22/08/2026 10:49:22;2026-08-22T08:49:22.134Z;Courses de lévriers;OK;5,2;5183
22/08/2026 11:02:02;2026-08-22T09:02:02.106Z;Courses hippiques (PMU);OK;5,2;5178
22/08/2026 11:02:02;2026-08-22T09:02:02.106Z;Courses de lévriers;OK;4,9;4874
22/08/2026 11:13:24;2026-08-22T09:13:24.181Z;Courses hippiques (PMU);OK;4,3;4344
22/08/2026 11:13:24;2026-08-22T09:13:24.181Z;Courses de lévriers;OK;5,6;5582
22/08/2026 11:25:51;2026-08-22T09:25:51.144Z;Courses hippiques (PMU);OK;5,3;5258
22/08/2026 11:25:51;2026-08-22T09:25:51.144Z;Courses de lévriers;OK;4,6;4603
22/08/2026 11:37:18;2026-08-22T09:37:18.147Z;Courses hippiques (PMU);OK;4,5;4475
22/08/2026 11:37:18;2026-08-22T09:37:18.147Z;Courses de lévriers;OK;4,6;4607
22/08/2026 11:44:56;2026-08-22T09:44:56.381Z;Courses hippiques (PMU);OK;5,0;4976
22/08/2026 11:44:56;2026-08-22T09:44:56.381Z;Courses de lévriers;OK;4,5;4525
22/08/2026 11:49:21;2026-08-22T09:49:21.563Z;Courses hippiques (PMU);OK;3,2;3183
22/08/2026 11:49:21;2026-08-22T09:49:21.563Z;Courses de lévriers;OK;4,0;4034
22/08/2026 12:01:59;2026-08-22T10:01:59.138Z;Courses hippiques (PMU);OK;4,6;4610
22/08/2026 12:01:59;2026-08-22T10:01:59.138Z;Courses de lévriers;OK;5,4;5405
22/08/2026 12:13:19;2026-08-22T10:13:19.440Z;Courses hippiques (PMU);OK;4,8;4823
22/08/2026 12:13:19;2026-08-22T10:13:19.440Z;Courses de lévriers;OK;5,8;5818
22/08/2026 12:25:23;2026-08-22T10:25:23.837Z;Courses hippiques (PMU);OK;5,2;5240
22/08/2026 12:25:23;2026-08-22T10:25:23.837Z;Courses de lévriers;OK;5,0;4986
22/08/2026 12:37:28;2026-08-22T10:37:28.950Z;Courses hippiques (PMU);OK;6,4;6354
22/08/2026 12:37:28;2026-08-22T10:37:28.950Z;Courses de lévriers;OK;5,8;5778
22/08/2026 12:49:17;2026-08-22T10:49:17.322Z;Courses hippiques (PMU);OK;4,6;4634
22/08/2026 12:49:17;2026-08-22T10:49:17.322Z;Courses de lévriers;OK;5,6;5552
22/08/2026 13:01:59;2026-08-22T11:01:59.892Z;Courses hippiques (PMU);OK;5,5;5502
22/08/2026 13:01:59;2026-08-22T11:01:59.892Z;Courses de lévriers;OK;3,3;3339
22/08/2026 13:13:22;2026-08-22T11:13:22.896Z;Courses hippiques (PMU);OK;5,7;5740
22/08/2026 13:13:22;2026-08-22T11:13:22.896Z;Courses de lévriers;OK;4,5;4452
22/08/2026 13:25:28;2026-08-22T11:25:28.133Z;Courses hippiques (PMU);OK;5,0;5002
22/08/2026 13:25:28;2026-08-22T11:25:28.133Z;Courses de lévriers;OK;4,7;4748
22/08/2026 13:37:24;2026-08-22T11:37:24.321Z;Courses hippiques (PMU);OK;5,1;5125
22/08/2026 13:37:24;2026-08-22T11:37:24.321Z;Courses de lévriers;OK;4,6;4571
22/08/2026 13:49:36;2026-08-22T11:49:36.014Z;Courses hippiques (PMU);OK;6,7;6703
22/08/2026 13:49:36;2026-08-22T11:49:36.014Z;Courses de lévriers;OK;5,5;5528
22/08/2026 14:01:53;2026-08-22T12:01:53.677Z;Courses hippiques (PMU);OK;6,0;5983
22/08/2026 14:01:53;2026-08-22T12:01:53.677Z;Courses de lévriers;OK;5,7;5744
22/08/2026 14:13:18;2026-08-22T12:13:18.220Z;Courses hippiques (PMU);OK;4,9;4864
22/08/2026 14:13:18;2026-08-22T12:13:18.220Z;Courses de lévriers;OK;5,7;5662
22/08/2026 14:25:31;2026-08-22T12:25:31.192Z;Courses hippiques (PMU);OK;5,6;5612
22/08/2026 14:25:31;2026-08-22T12:25:31.192Z;Courses de lévriers;OK;4,8;4764
22/08/2026 14:37:31;2026-08-22T12:37:31.290Z;Courses hippiques (PMU);OK;5,2;5165
22/08/2026 14:37:31;2026-08-22T12:37:31.290Z;Courses de lévriers;OK;5,0;4967
22/08/2026 14:49:21;2026-08-22T12:49:21.296Z;Courses hippiques (PMU);OK;5,3;5266
22/08/2026 14:49:21;2026-08-22T12:49:21.296Z;Courses de lévriers;OK;4,8;4849
22/08/2026 15:01:47;2026-08-22T13:01:47.815Z;Courses hippiques (PMU);OK;6,1;6067
22/08/2026 15:01:47;2026-08-22T13:01:47.815Z;Courses de lévriers;OK;5,1;5102
22/08/2026 15:03:01;2026-08-22T13:03:01.144Z;Courses hippiques (PMU);OK;5,2;5164
22/08/2026 15:03:01;2026-08-22T13:03:01.144Z;Courses de lévriers;OK;4,5;4547
22/08/2026 15:13:18;2026-08-22T13:13:18.718Z;Courses hippiques (PMU);OK;6,5;6454
22/08/2026 15:13:18;2026-08-22T13:13:18.718Z;Courses de lévriers;OK;4,1;4104
22/08/2026 15:25:31;2026-08-22T13:25:31.469Z;Courses hippiques (PMU);OK;4,2;4151
22/08/2026 15:25:31;2026-08-22T13:25:31.469Z;Courses de lévriers;OK;3,7;3696
22/08/2026 15:37:19;2026-08-22T13:37:19.212Z;Courses hippiques (PMU);OK;5,1;5115
22/08/2026 15:37:19;2026-08-22T13:37:19.212Z;Courses de lévriers;OK;5,0;5042
22/08/2026 15:49:24;2026-08-22T13:49:24.812Z;Courses hippiques (PMU);OK;6,1;6056
22/08/2026 15:49:24;2026-08-22T13:49:24.812Z;Courses de lévriers;OK;5,9;5868
22/08/2026 16:01:51;2026-08-22T14:01:51.963Z;Courses hippiques (PMU);OK;4,4;4430
22/08/2026 16:01:51;2026-08-22T14:01:51.963Z;Courses de lévriers;OK;3,5;3533
22/08/2026 16:13:22;2026-08-22T14:13:22.580Z;Courses hippiques (PMU);OK;5,9;5858
22/08/2026 16:13:22;2026-08-22T14:13:22.580Z;Courses de lévriers;OK;5,6;5611
22/08/2026 16:25:34;2026-08-22T14:25:34.407Z;Courses hippiques (PMU);OK;5,8;5774
22/08/2026 16:25:34;2026-08-22T14:25:34.407Z;Courses de lévriers;OK;6,2;6192
22/08/2026 16:37:20;2026-08-22T14:37:20.120Z;Courses hippiques (PMU);OK;4,8;4819
22/08/2026 16:37:20;2026-08-22T14:37:20.120Z;Courses de lévriers;OK;5,2;5243
22/08/2026 16:49:33;2026-08-22T14:49:33.232Z;Courses hippiques (PMU);OK;5,3;5288
22/08/2026 16:49:33;2026-08-22T14:49:33.232Z;Courses de lévriers;OK;4,9;4864
22/08/2026 17:01:55;2026-08-22T15:01:55.853Z;Courses hippiques (PMU);OK;5,1;5085
22/08/2026 17:01:55;2026-08-22T15:01:55.853Z;Courses de lévriers;OK;5,7;5719
22/08/2026 17:13:25;2026-08-22T15:13:25.535Z;Courses hippiques (PMU);OK;5,8;5810
22/08/2026 17:13:25;2026-08-22T15:13:25.535Z;Courses de lévriers;OK;5,2;5213
22/08/2026 17:25:26;2026-08-22T15:25:26.293Z;Courses hippiques (PMU);OK;5,2;5173
22/08/2026 17:25:26;2026-08-22T15:25:26.293Z;Courses de lévriers;OK;5,0;5000
22/08/2026 17:37:23;2026-08-22T15:37:23.161Z;Courses hippiques (PMU);OK;5,1;5092
22/08/2026 17:37:23;2026-08-22T15:37:23.161Z;Courses de lévriers;OK;4,6;4645
22/08/2026 17:49:26;2026-08-22T15:49:26.353Z;Courses hippiques (PMU);OK;4,6;4571
22/08/2026 17:49:26;2026-08-22T15:49:26.353Z;Courses de lévriers;OK;4,3;4347
22/08/2026 18:01:53;2026-08-22T16:01:53.241Z;Courses hippiques (PMU);OK;4,6;4647
22/08/2026 18:01:53;2026-08-22T16:01:53.241Z;Courses de lévriers;OK;3,9;3936
22/08/2026 18:13:19;2026-08-22T16:13:19.547Z;Courses hippiques (PMU);OK;4,9;4864
22/08/2026 18:13:19;2026-08-22T16:13:19.547Z;Courses de lévriers;OK;4,5;4528
22/08/2026 18:25:30;2026-08-22T16:25:30.029Z;Courses hippiques (PMU);OK;5,2;5173
22/08/2026 18:25:30;2026-08-22T16:25:30.029Z;Courses de lévriers;OK;4,3;4309
22/08/2026 18:37:26;2026-08-22T16:37:26.141Z;Courses hippiques (PMU);ECHEC;5,3;5271
22/08/2026 18:37:26;2026-08-22T16:37:26.141Z;Courses de lévriers;OK;5,7;5690
22/08/2026 18:49:20;2026-08-22T16:49:20.823Z;Courses hippiques (PMU);OK;5,5;5484
22/08/2026 18:49:20;2026-08-22T16:49:20.823Z;Courses de lévriers;OK;6,0;6033
22/08/2026 19:01:45;2026-08-22T17:01:45.300Z;Courses hippiques (PMU);OK;5,0;5005
22/08/2026 19:01:45;2026-08-22T17:01:45.300Z;Courses de lévriers;OK;4,6;4581
22/08/2026 19:13:22;2026-08-22T17:13:22.340Z;Courses hippiques (PMU);OK;6,7;6740
22/08/2026 19:13:22;2026-08-22T17:13:22.340Z;Courses de lévriers;OK;4,8;4815
22/08/2026 19:25:27;2026-08-22T17:25:27.976Z;Courses hippiques (PMU);OK;6,1;6097
22/08/2026 19:25:27;2026-08-22T17:25:27.976Z;Courses de lévriers;OK;7,7;7705
22/08/2026 19:37:30;2026-08-22T17:37:30.297Z;Courses hippiques (PMU);OK;5,1;5079
22/08/2026 19:37:30;2026-08-22T17:37:30.297Z;Courses de lévriers;OK;5,0;5031
22/08/2026 19:49:18;2026-08-22T17:49:18.954Z;Courses hippiques (PMU);OK;5,1;5128
22/08/2026 19:49:18;2026-08-22T17:49:18.954Z;Courses de lévriers;OK;3,2;3192
22/08/2026 20:01:55;2026-08-22T18:01:55.532Z;Courses hippiques (PMU);OK;6,4;6387
22/08/2026 20:01:55;2026-08-22T18:01:55.532Z;Courses de lévriers;OK;5,5;5516
22/08/2026 20:13:24;2026-08-22T18:13:24.231Z;Courses hippiques (PMU);OK;4,5;4488
22/08/2026 20:13:24;2026-08-22T18:13:24.231Z;Courses de lévriers;OK;4,8;4750
22/08/2026 20:25:26;2026-08-22T18:25:26.115Z;Courses hippiques (PMU);OK;6,4;6421
22/08/2026 20:25:26;2026-08-22T18:25:26.115Z;Courses de lévriers;OK;6,1;6060
22/08/2026 20:37:21;2026-08-22T18:37:21.627Z;Courses hippiques (PMU);OK;5,3;5322
22/08/2026 20:37:21;2026-08-22T18:37:21.627Z;Courses de lévriers;OK;4,9;4915
22/08/2026 20:49:19;2026-08-22T18:49:19.211Z;Courses hippiques (PMU);OK;5,2;5152
22/08/2026 20:49:19;2026-08-22T18:49:19.211Z;Courses de lévriers;OK;4,9;4941
22/08/2026 20:50:33;2026-08-22T18:50:33.330Z;Courses hippiques (PMU);OK;4,8;4790
22/08/2026 20:50:33;2026-08-22T18:50:33.330Z;Courses de lévriers;OK;4,3;4334
22/08/2026 21:01:56;2026-08-22T19:01:56.666Z;Courses hippiques (PMU);OK;5,5;5519
22/08/2026 21:01:56;2026-08-22T19:01:56.666Z;Courses de lévriers;OK;4,7;4715
22/08/2026 21:13:19;2026-08-22T19:13:19.909Z;Courses hippiques (PMU);OK;4,9;4874
22/08/2026 21:13:19;2026-08-22T19:13:19.909Z;Courses de lévriers;OK;4,6;4645
22/08/2026 21:25:19;2026-08-22T19:25:19.615Z;Courses hippiques (PMU);OK;5,0;4962
22/08/2026 21:25:19;2026-08-22T19:25:19.615Z;Courses de lévriers;OK;4,3;4287
22/08/2026 21:37:18;2026-08-22T19:37:18.912Z;Courses hippiques (PMU);OK;3,8;3762
22/08/2026 21:37:18;2026-08-22T19:37:18.912Z;Courses de lévriers;OK;3,5;3513
22/08/2026 21:49:26;2026-08-22T19:49:26.248Z;Courses hippiques (PMU);OK;5,9;5871
22/08/2026 21:49:26;2026-08-22T19:49:26.248Z;Courses de lévriers;OK;4,8;4774
22/08/2026 22:01:46;2026-08-22T20:01:46.874Z;Courses hippiques (PMU);OK;4,0;3978
22/08/2026 22:01:46;2026-08-22T20:01:46.874Z;Courses de lévriers;OK;3,4;3445
22/08/2026 22:13:20;2026-08-22T20:13:20.916Z;Courses hippiques (PMU);OK;6,2;6165
22/08/2026 22:13:20;2026-08-22T20:13:20.916Z;Courses de lévriers;OK;4,4;4360
22/08/2026 22:25:24;2026-08-22T20:25:24.496Z;Courses hippiques (PMU);OK;6,0;6003
22/08/2026 22:25:24;2026-08-22T20:25:24.496Z;Courses de lévriers;OK;4,8;4819
22/08/2026 22:37:21;2026-08-22T20:37:21.184Z;Courses hippiques (PMU);OK;5,0;5025
22/08/2026 22:37:21;2026-08-22T20:37:21.184Z;Courses de lévriers;OK;5,6;5627
22/08/2026 22:49:19;2026-08-22T20:49:19.202Z;Courses hippiques (PMU);OK;4,9;4863
22/08/2026 22:49:19;2026-08-22T20:49:19.202Z;Courses de lévriers;OK;5,1;5105
22/08/2026 23:01:47;2026-08-22T21:01:47.856Z;Courses hippiques (PMU);OK;5,8;5760
22/08/2026 23:01:47;2026-08-22T21:01:47.856Z;Courses de lévriers;OK;4,6;4608
22/08/2026 23:13:23;2026-08-22T21:13:23.259Z;Courses hippiques (PMU);OK;5,4;5366
22/08/2026 23:13:23;2026-08-22T21:13:23.259Z;Courses de lévriers;OK;5,7;5698
22/08/2026 23:25:25;2026-08-22T21:25:25.659Z;Courses hippiques (PMU);OK;5,0;4966
22/08/2026 23:25:25;2026-08-22T21:25:25.659Z;Courses de lévriers;OK;4,5;4539
22/08/2026 23:37:25;2026-08-22T21:37:25.542Z;Courses hippiques (PMU);OK;5,6;5628
22/08/2026 23:37:25;2026-08-22T21:37:25.542Z;Courses de lévriers;OK;4,9;4913
22/08/2026 23:38:19;2026-08-22T21:38:19.014Z;Courses hippiques (PMU);OK;4,9;4929
22/08/2026 23:38:19;2026-08-22T21:38:19.014Z;Courses de lévriers;OK;4,6;4641
22/08/2026 23:49:22;2026-08-22T21:49:22.853Z;Courses hippiques (PMU);OK;5,6;5556
22/08/2026 23:49:22;2026-08-22T21:49:22.853Z;Courses de lévriers;OK;5,1;5124
23/08/2026 04:01:30;2026-08-23T02:01:30.355Z;Courses hippiques (PMU);OK;1,4;1423
23/08/2026 04:01:30;2026-08-23T02:01:30.355Z;Courses de lévriers;OK;2,5;2460
23/08/2026 06:03:17;2026-08-23T04:03:17.085Z;Courses hippiques (PMU);OK;2,3;2309
23/08/2026 06:03:17;2026-08-23T04:03:17.085Z;Courses de lévriers;OK;1,7;1679
23/08/2026 08:01:52;2026-08-23T06:01:52.592Z;Courses hippiques (PMU);OK;1,9;1930
23/08/2026 08:01:52;2026-08-23T06:01:52.592Z;Courses de lévriers;OK;1,5;1458
23/08/2026 08:13:14;2026-08-23T06:13:14.405Z;Courses hippiques (PMU);OK;2,9;2911
23/08/2026 08:13:14;2026-08-23T06:13:14.405Z;Courses de lévriers;OK;1,5;1516
23/08/2026 08:25:19;2026-08-23T06:25:19.569Z;Courses hippiques (PMU);OK;2,2;2206
23/08/2026 08:25:19;2026-08-23T06:25:19.569Z;Courses de lévriers;OK;1,7;1672
23/08/2026 08:37:26;2026-08-23T06:37:26.406Z;Courses hippiques (PMU);OK;4,6;4641
23/08/2026 08:37:26;2026-08-23T06:37:26.406Z;Courses de lévriers;OK;6,2;6175
23/08/2026 08:49:17;2026-08-23T06:49:17.975Z;Courses hippiques (PMU);OK;4,8;4776
23/08/2026 08:49:17;2026-08-23T06:49:17.975Z;Courses de lévriers;OK;4,4;4355
23/08/2026 09:01:54;2026-08-23T07:01:54.934Z;Courses hippiques (PMU);OK;4,1;4061
23/08/2026 09:01:54;2026-08-23T07:01:54.934Z;Courses de lévriers;OK;4,4;4415
23/08/2026 09:03:36;2026-08-23T07:03:36.507Z;Courses hippiques (PMU);OK;4,2;4159
23/08/2026 09:03:36;2026-08-23T07:03:36.507Z;Courses de lévriers;OK;4,9;4872
23/08/2026 09:13:46;2026-08-23T07:13:46.856Z;Courses hippiques (PMU);ECHEC;30,0;30019
23/08/2026 09:13:46;2026-08-23T07:13:46.856Z;Courses de lévriers;OK;4,7;4669
23/08/2026 09:25:30;2026-08-23T07:25:30.896Z;Courses hippiques (PMU);OK;4,6;4566
23/08/2026 09:25:30;2026-08-23T07:25:30.896Z;Courses de lévriers;OK;4,6;4602
23/08/2026 09:37:23;2026-08-23T07:37:23.133Z;Courses hippiques (PMU);OK;4,2;4213
23/08/2026 09:37:23;2026-08-23T07:37:23.133Z;Courses de lévriers;OK;4,6;4637
23/08/2026 09:49:25;2026-08-23T07:49:25.889Z;Courses hippiques (PMU);OK;4,5;4470
23/08/2026 09:49:25;2026-08-23T07:49:25.889Z;Courses de lévriers;OK;5,2;5203
23/08/2026 10:01:52;2026-08-23T08:01:52.200Z;Courses hippiques (PMU);OK;3,8;3803
23/08/2026 10:01:52;2026-08-23T08:01:52.200Z;Courses de lévriers;OK;4,6;4633
23/08/2026 10:13:20;2026-08-23T08:13:20.165Z;Courses hippiques (PMU);OK;4,9;4947
23/08/2026 10:13:20;2026-08-23T08:13:20.165Z;Courses de lévriers;OK;4,7;4680
23/08/2026 10:25:19;2026-08-23T08:25:19.498Z;Courses hippiques (PMU);ECHEC;4,5;4544
23/08/2026 10:25:19;2026-08-23T08:25:19.498Z;Courses de lévriers;OK;4,8;4773
23/08/2026 10:37:19;2026-08-23T08:37:19.834Z;Courses hippiques (PMU);ECHEC;3,4;3409
23/08/2026 10:37:19;2026-08-23T08:37:19.834Z;Courses de lévriers;OK;3,4;3425
23/08/2026 10:49:23;2026-08-23T08:49:23.048Z;Courses hippiques (PMU);OK;3,1;3068
23/08/2026 10:49:23;2026-08-23T08:49:23.048Z;Courses de lévriers;OK;3,6;3639
23/08/2026 11:01:54;2026-08-23T09:01:54.279Z;Courses hippiques (PMU);OK;4,6;4589
23/08/2026 11:01:54;2026-08-23T09:01:54.279Z;Courses de lévriers;OK;5,2;5236
23/08/2026 11:13:22;2026-08-23T09:13:22.193Z;Courses hippiques (PMU);OK;3,8;3791
23/08/2026 11:13:22;2026-08-23T09:13:22.193Z;Courses de lévriers;OK;4,5;4495
23/08/2026 11:25:30;2026-08-23T09:25:30.423Z;Courses hippiques (PMU);OK;5,2;5200
23/08/2026 11:25:30;2026-08-23T09:25:30.423Z;Courses de lévriers;OK;5,6;5640
23/08/2026 11:37:14;2026-08-23T09:37:14.776Z;Courses hippiques (PMU);ECHEC;3,4;3449
23/08/2026 11:37:14;2026-08-23T09:37:14.776Z;Courses de lévriers;OK;4,1;4096
23/08/2026 11:45:23;2026-08-23T09:45:23.247Z;Courses hippiques (PMU);OK;5,3;5255
23/08/2026 11:45:23;2026-08-23T09:45:23.247Z;Courses de lévriers;OK;4,9;4862
23/08/2026 11:49:19;2026-08-23T09:49:19.209Z;Courses hippiques (PMU);OK;4,4;4403
23/08/2026 11:49:19;2026-08-23T09:49:19.209Z;Courses de lévriers;OK;4,7;4688
23/08/2026 12:01:55;2026-08-23T10:01:55.824Z;Courses hippiques (PMU);OK;4,2;4235
23/08/2026 12:01:55;2026-08-23T10:01:55.824Z;Courses de lévriers;OK;4,9;4883
23/08/2026 12:13:22;2026-08-23T10:13:22.024Z;Courses hippiques (PMU);OK;4,9;4915
23/08/2026 12:13:22;2026-08-23T10:13:22.024Z;Courses de lévriers;OK;4,7;4688
23/08/2026 12:25:17;2026-08-23T10:25:17.409Z;Courses hippiques (PMU);OK;4,4;4412
23/08/2026 12:25:17;2026-08-23T10:25:17.409Z;Courses de lévriers;OK;4,4;4394
23/08/2026 12:37:20;2026-08-23T10:37:20.902Z;Courses hippiques (PMU);OK;5,2;5205
23/08/2026 12:37:20;2026-08-23T10:37:20.902Z;Courses de lévriers;OK;5,1;5119
23/08/2026 12:49:25;2026-08-23T10:49:25.156Z;Courses hippiques (PMU);OK;4,2;4210
23/08/2026 12:49:25;2026-08-23T10:49:25.156Z;Courses de lévriers;OK;4,7;4660
23/08/2026 13:01:45;2026-08-23T11:01:45.345Z;Courses hippiques (PMU);OK;4,0;3967
23/08/2026 13:01:45;2026-08-23T11:01:45.345Z;Courses de lévriers;OK;4,7;4681
23/08/2026 13:13:17;2026-08-23T11:13:17.888Z;Courses hippiques (PMU);OK;3,2;3229
23/08/2026 13:13:17;2026-08-23T11:13:17.888Z;Courses de lévriers;OK;3,6;3603
23/08/2026 13:25:31;2026-08-23T11:25:31.417Z;Courses hippiques (PMU);OK;5,3;5294
23/08/2026 13:25:31;2026-08-23T11:25:31.417Z;Courses de lévriers;OK;4,8;4823
23/08/2026 13:37:19;2026-08-23T11:37:19.731Z;Courses hippiques (PMU);OK;3,4;3359
23/08/2026 13:37:19;2026-08-23T11:37:19.731Z;Courses de lévriers;OK;3,6;3580
23/08/2026 13:49:18;2026-08-23T11:49:18.279Z;Courses hippiques (PMU);OK;3,8;3790
23/08/2026 13:49:18;2026-08-23T11:49:18.279Z;Courses de lévriers;OK;5,3;5319
23/08/2026 14:01:45;2026-08-23T12:01:45.247Z;Courses hippiques (PMU);ECHEC;4,0;4024
23/08/2026 14:01:45;2026-08-23T12:01:45.247Z;Courses de lévriers;OK;4,3;4339
23/08/2026 14:13:29;2026-08-23T12:13:29.153Z;Courses hippiques (PMU);OK;5,2;5168
23/08/2026 14:13:29;2026-08-23T12:13:29.153Z;Courses de lévriers;OK;5,6;5592
23/08/2026 14:25:26;2026-08-23T12:25:26.313Z;Courses hippiques (PMU);OK;5,1;5096
23/08/2026 14:25:26;2026-08-23T12:25:26.313Z;Courses de lévriers;OK;6,3;6323
23/08/2026 14:37:29;2026-08-23T12:37:29.843Z;Courses hippiques (PMU);OK;5,2;5206
23/08/2026 14:37:29;2026-08-23T12:37:29.843Z;Courses de lévriers;OK;5,1;5142
23/08/2026 14:49:30;2026-08-23T12:49:30.146Z;Courses hippiques (PMU);OK;4,6;4566
23/08/2026 14:49:30;2026-08-23T12:49:30.146Z;Courses de lévriers;OK;5,1;5148
23/08/2026 15:01:48;2026-08-23T13:01:48.358Z;Courses hippiques (PMU);ECHEC;3,9;3894
23/08/2026 15:01:48;2026-08-23T13:01:48.358Z;Courses de lévriers;OK;4,3;4322
23/08/2026 15:04:15;2026-08-23T13:04:15.535Z;Courses hippiques (PMU);OK;4,7;4682
23/08/2026 15:04:15;2026-08-23T13:04:15.535Z;Courses de lévriers;OK;5,1;5075
23/08/2026 15:13:22;2026-08-23T13:13:22.480Z;Courses hippiques (PMU);OK;3,3;3317
23/08/2026 15:13:22;2026-08-23T13:13:22.480Z;Courses de lévriers;OK;4,0;3957
23/08/2026 15:25:21;2026-08-23T13:25:21.606Z;Courses hippiques (PMU);OK;4,8;4823
23/08/2026 15:25:21;2026-08-23T13:25:21.606Z;Courses de lévriers;OK;5,7;5650
23/08/2026 15:37:17;2026-08-23T13:37:17.836Z;Courses hippiques (PMU);OK;3,2;3199
23/08/2026 15:37:17;2026-08-23T13:37:17.836Z;Courses de lévriers;OK;3,6;3600
23/08/2026 15:49:33;2026-08-23T13:49:33.416Z;Courses hippiques (PMU);OK;4,4;4373
23/08/2026 15:49:33;2026-08-23T13:49:33.416Z;Courses de lévriers;OK;4,7;4731
23/08/2026 16:01:53;2026-08-23T14:01:53.165Z;Courses hippiques (PMU);ECHEC;4,7;4716
23/08/2026 16:01:53;2026-08-23T14:01:53.165Z;Courses de lévriers;OK;4,8;4849
23/08/2026 16:13:19;2026-08-23T14:13:19.817Z;Courses hippiques (PMU);OK;4,0;4012
23/08/2026 16:13:19;2026-08-23T14:13:19.817Z;Courses de lévriers;OK;4,8;4813
23/08/2026 16:25:26;2026-08-23T14:25:26.961Z;Courses hippiques (PMU);OK;4,7;4739
23/08/2026 16:25:26;2026-08-23T14:25:26.961Z;Courses de lévriers;OK;5,6;5627
23/08/2026 16:37:21;2026-08-23T14:37:21.753Z;Courses hippiques (PMU);OK;4,8;4783
23/08/2026 16:37:21;2026-08-23T14:37:21.753Z;Courses de lévriers;OK;6,7;6661
23/08/2026 16:49:21;2026-08-23T14:49:21.467Z;Courses hippiques (PMU);OK;4,3;4317
23/08/2026 16:49:21;2026-08-23T14:49:21.467Z;Courses de lévriers;OK;4,7;4744
23/08/2026 17:01:56;2026-08-23T15:01:56.971Z;Courses hippiques (PMU);OK;7,7;7711
23/08/2026 17:01:56;2026-08-23T15:01:56.971Z;Courses de lévriers;OK;5,8;5770
23/08/2026 17:13:26;2026-08-23T15:13:26.095Z;Courses hippiques (PMU);OK;4,0;3953
23/08/2026 17:13:26;2026-08-23T15:13:26.095Z;Courses de lévriers;OK;4,3;4334
23/08/2026 17:25:17;2026-08-23T15:25:17.636Z;Courses hippiques (PMU);ECHEC;4,2;4202
23/08/2026 17:25:17;2026-08-23T15:25:17.636Z;Courses de lévriers;OK;4,7;4670
23/08/2026 17:37:21;2026-08-23T15:37:21.399Z;Courses hippiques (PMU);OK;3,7;3747
23/08/2026 17:37:21;2026-08-23T15:37:21.399Z;Courses de lévriers;OK;5,4;5390
23/08/2026 17:39:51;2026-08-23T15:39:51.860Z;Courses hippiques (PMU);OK;6,2;6246
23/08/2026 17:39:51;2026-08-23T15:39:51.860Z;Courses de lévriers;OK;6,1;6131
23/08/2026 17:49:27;2026-08-23T15:49:27.141Z;Courses hippiques (PMU);OK;4,4;4392
23/08/2026 17:49:27;2026-08-23T15:49:27.141Z;Courses de lévriers;OK;7,0;7028
23/08/2026 18:01:53;2026-08-23T16:01:53.889Z;Courses hippiques (PMU);OK;5,0;4950
23/08/2026 18:01:53;2026-08-23T16:01:53.889Z;Courses de lévriers;OK;4,6;4634
23/08/2026 18:13:16;2026-08-23T16:13:16.508Z;Courses hippiques (PMU);OK;4,0;3966
23/08/2026 18:13:16;2026-08-23T16:13:16.508Z;Courses de lévriers;OK;4,4;4362
23/08/2026 18:25:22;2026-08-23T16:25:22.308Z;Courses hippiques (PMU);OK;5,6;5591
23/08/2026 18:25:22;2026-08-23T16:25:22.308Z;Courses de lévriers;OK;6,2;6153
23/08/2026 18:37:20;2026-08-23T16:37:20.848Z;Courses hippiques (PMU);OK;5,0;4961
23/08/2026 18:37:20;2026-08-23T16:37:20.848Z;Courses de lévriers;OK;4,8;4774
23/08/2026 18:49:28;2026-08-23T16:49:28.308Z;Courses hippiques (PMU);OK;4,0;4036
23/08/2026 18:49:28;2026-08-23T16:49:28.308Z;Courses de lévriers;OK;4,4;4396
23/08/2026 19:01:43;2026-08-23T17:01:43.809Z;Courses hippiques (PMU);OK;4,2;4165
23/08/2026 19:01:43;2026-08-23T17:01:43.809Z;Courses de lévriers;OK;4,6;4567
23/08/2026 19:13:50;2026-08-23T17:13:50.833Z;Courses hippiques (PMU);OK;4,0;4025
23/08/2026 19:13:50;2026-08-23T17:13:50.833Z;Courses de lévriers;OK;3,5;3548
23/08/2026 19:25:16;2026-08-23T17:25:16.665Z;Courses hippiques (PMU);OK;4,1;4111
23/08/2026 19:25:16;2026-08-23T17:25:16.665Z;Courses de lévriers;OK;5,4;5377
23/08/2026 19:37:30;2026-08-23T17:37:30.559Z;Courses hippiques (PMU);OK;4,9;4940
23/08/2026 19:37:30;2026-08-23T17:37:30.559Z;Courses de lévriers;OK;5,1;5078
23/08/2026 19:49:18;2026-08-23T17:49:18.538Z;Courses hippiques (PMU);OK;5,3;5324
23/08/2026 19:49:18;2026-08-23T17:49:18.538Z;Courses de lévriers;OK;4,7;4677
23/08/2026 20:01:46;2026-08-23T18:01:46.777Z;Courses hippiques (PMU);OK;4,0;3999
23/08/2026 20:01:46;2026-08-23T18:01:46.777Z;Courses de lévriers;OK;4,7;4739
23/08/2026 20:13:25;2026-08-23T18:13:25.117Z;Courses hippiques (PMU);OK;4,1;4086
23/08/2026 20:13:25;2026-08-23T18:13:25.117Z;Courses de lévriers;OK;5,8;5840
23/08/2026 20:25:20;2026-08-23T18:25:20.103Z;Courses hippiques (PMU);OK;4,2;4159
23/08/2026 20:25:20;2026-08-23T18:25:20.103Z;Courses de lévriers;OK;5,5;5506
23/08/2026 20:37:19;2026-08-23T18:37:19.321Z;Courses hippiques (PMU);OK;4,7;4691
23/08/2026 20:37:19;2026-08-23T18:37:19.321Z;Courses de lévriers;OK;5,1;5081
23/08/2026 20:49:22;2026-08-23T18:49:22.872Z;Courses hippiques (PMU);OK;4,1;4080
23/08/2026 20:49:22;2026-08-23T18:49:22.872Z;Courses de lévriers;OK;5,6;5567
23/08/2026 20:50:17;2026-08-23T18:50:17.920Z;Courses hippiques (PMU);OK;4,1;4052
23/08/2026 20:50:17;2026-08-23T18:50:17.920Z;Courses de lévriers;OK;5,5;5517
23/08/2026 21:01:46;2026-08-23T19:01:46.726Z;Courses hippiques (PMU);OK;4,6;4621
23/08/2026 21:01:46;2026-08-23T19:01:46.726Z;Courses de lévriers;OK;7,0;7003
23/08/2026 21:13:24;2026-08-23T19:13:24.482Z;Courses hippiques (PMU);OK;5,0;5031
23/08/2026 21:13:24;2026-08-23T19:13:24.482Z;Courses de lévriers;OK;5,7;5686
23/08/2026 21:25:18;2026-08-23T19:25:18.101Z;Courses hippiques (PMU);OK;4,5;4460
23/08/2026 21:25:18;2026-08-23T19:25:18.101Z;Courses de lévriers;OK;4,7;4658
23/08/2026 21:37:24;2026-08-23T19:37:24.775Z;Courses hippiques (PMU);OK;6,3;6348
23/08/2026 21:37:24;2026-08-23T19:37:24.775Z;Courses de lévriers;OK;5,4;5382
23/08/2026 21:49:23;2026-08-23T19:49:23.693Z;Courses hippiques (PMU);OK;3,8;3798
23/08/2026 21:49:23;2026-08-23T19:49:23.693Z;Courses de lévriers;OK;5,6;5551
23/08/2026 22:01:50;2026-08-23T20:01:50.017Z;Courses hippiques (PMU);OK;4,1;4061
23/08/2026 22:01:50;2026-08-23T20:01:50.017Z;Courses de lévriers;OK;4,5;4539
23/08/2026 22:13:21;2026-08-23T20:13:21.016Z;Courses hippiques (PMU);OK;3,9;3854
23/08/2026 22:13:21;2026-08-23T20:13:21.016Z;Courses de lévriers;OK;5,4;5377
23/08/2026 22:25:16;2026-08-23T20:25:16.917Z;Courses hippiques (PMU);OK;4,1;4056
23/08/2026 22:25:16;2026-08-23T20:25:16.917Z;Courses de lévriers;OK;4,6;4608
23/08/2026 22:37:26;2026-08-23T20:37:26.441Z;Courses hippiques (PMU);OK;4,5;4520
23/08/2026 22:37:26;2026-08-23T20:37:26.441Z;Courses de lévriers;OK;4,8;4781
23/08/2026 22:49:21;2026-08-23T20:49:21.269Z;Courses hippiques (PMU);OK;5,0;4997
23/08/2026 22:49:21;2026-08-23T20:49:21.269Z;Courses de lévriers;OK;5,1;5135
23/08/2026 23:01:45;2026-08-23T21:01:45.347Z;Courses hippiques (PMU);OK;5,8;5826
23/08/2026 23:01:45;2026-08-23T21:01:45.347Z;Courses de lévriers;OK;5,5;5485
23/08/2026 23:13:23;2026-08-23T21:13:23.653Z;Courses hippiques (PMU);OK;4,4;4387
23/08/2026 23:13:23;2026-08-23T21:13:23.653Z;Courses de lévriers;OK;6,2;6230
23/08/2026 23:25:18;2026-08-23T21:25:18.643Z;Courses hippiques (PMU);OK;5,1;5138
23/08/2026 23:25:18;2026-08-23T21:25:18.643Z;Courses de lévriers;OK;5,4;5418
23/08/2026 23:37:19;2026-08-23T21:37:19.055Z;Courses hippiques (PMU);OK;4,2;4158
23/08/2026 23:37:19;2026-08-23T21:37:19.055Z;Courses de lévriers;OK;5,7;5728
23/08/2026 23:49:17;2026-08-23T21:49:17.461Z;Courses hippiques (PMU);OK;4,8;4767
23/08/2026 23:49:17;2026-08-23T21:49:17.461Z;Courses de lévriers;OK;5,3;5258
24/08/2026 03:59:32;2026-08-24T01:59:32.999Z;Courses hippiques (PMU);OK;2,2;2197
24/08/2026 03:59:32;2026-08-24T01:59:32.999Z;Courses de lévriers;OK;1,6;1606
24/08/2026 06:08:23;2026-08-24T04:08:23.359Z;Courses hippiques (PMU);OK;2,4;2357
24/08/2026 06:08:23;2026-08-24T04:08:23.359Z;Courses de lévriers;OK;1,7;1682
24/08/2026 08:01:53;2026-08-24T06:01:53.194Z;Courses hippiques (PMU);OK;2,2;2236
24/08/2026 08:01:53;2026-08-24T06:01:53.194Z;Courses de lévriers;OK;1,4;1447
24/08/2026 08:13:19;2026-08-24T06:13:19.954Z;Courses hippiques (PMU);OK;2,1;2108
24/08/2026 08:13:19;2026-08-24T06:13:19.954Z;Courses de lévriers;OK;1,4;1351
24/08/2026 08:25:16;2026-08-24T06:25:16.020Z;Courses hippiques (PMU);OK;1,4;1445
24/08/2026 08:25:16;2026-08-24T06:25:16.020Z;Courses de lévriers;OK;1,0;1032
24/08/2026 08:37:30;2026-08-24T06:37:30.827Z;Courses hippiques (PMU);OK;5,0;5048
24/08/2026 08:37:30;2026-08-24T06:37:30.827Z;Courses de lévriers;OK;5,6;5637
24/08/2026 08:49:31;2026-08-24T06:49:31.896Z;Courses hippiques (PMU);OK;4,9;4859
24/08/2026 08:49:31;2026-08-24T06:49:31.896Z;Courses de lévriers;OK;6,0;5989
24/08/2026 09:02:29;2026-08-24T07:02:29.895Z;Courses hippiques (PMU);OK;6,7;6674
24/08/2026 09:02:29;2026-08-24T07:02:29.895Z;Courses de lévriers;OK;5,1;5130
24/08/2026 09:13:29;2026-08-24T07:13:29.359Z;Courses hippiques (PMU);OK;4,8;4753
24/08/2026 09:13:29;2026-08-24T07:13:29.359Z;Courses de lévriers;OK;4,6;4572
24/08/2026 09:25:27;2026-08-24T07:25:27.546Z;Courses hippiques (PMU);OK;4,6;4605
24/08/2026 09:25:27;2026-08-24T07:25:27.546Z;Courses de lévriers;OK;5,6;5637
24/08/2026 09:30:44;2026-08-24T07:30:44.933Z;Courses hippiques (PMU);OK;4,8;4805
24/08/2026 09:30:44;2026-08-24T07:30:44.933Z;Courses de lévriers;OK;5,1;5141
24/08/2026 09:37:27;2026-08-24T07:37:27.890Z;Courses hippiques (PMU);OK;4,1;4078
24/08/2026 09:37:27;2026-08-24T07:37:27.890Z;Courses de lévriers;OK;3,8;3783
24/08/2026 09:49:33;2026-08-24T07:49:33.640Z;Courses hippiques (PMU);OK;5,8;5813
24/08/2026 09:49:33;2026-08-24T07:49:33.640Z;Courses de lévriers;OK;5,0;4995
24/08/2026 10:01:57;2026-08-24T08:01:57.418Z;Courses hippiques (PMU);OK;5,0;5025
24/08/2026 10:01:57;2026-08-24T08:01:57.418Z;Courses de lévriers;OK;6,0;6032
24/08/2026 10:13:28;2026-08-24T08:13:28.775Z;Courses hippiques (PMU);OK;4,6;4575
24/08/2026 10:13:28;2026-08-24T08:13:28.775Z;Courses de lévriers;OK;5,1;5147
24/08/2026 10:25:26;2026-08-24T08:25:26.887Z;Courses hippiques (PMU);OK;4,9;4930
24/08/2026 10:25:26;2026-08-24T08:25:26.887Z;Courses de lévriers;OK;4,3;4347
24/08/2026 10:37:29;2026-08-24T08:37:29.232Z;Courses hippiques (PMU);OK;5,0;5019
24/08/2026 10:37:29;2026-08-24T08:37:29.232Z;Courses de lévriers;OK;5,8;5815
24/08/2026 10:49:39;2026-08-24T08:49:39.791Z;Courses hippiques (PMU);OK;5,1;5057
24/08/2026 10:49:39;2026-08-24T08:49:39.791Z;Courses de lévriers;OK;5,5;5464
24/08/2026 11:01:53;2026-08-24T09:01:53.245Z;Courses hippiques (PMU);OK;5,6;5610
24/08/2026 11:01:53;2026-08-24T09:01:53.245Z;Courses de lévriers;OK;5,3;5341
24/08/2026 11:13:24;2026-08-24T09:13:24.344Z;Courses hippiques (PMU);OK;5,2;5179
24/08/2026 11:13:24;2026-08-24T09:13:24.344Z;Courses de lévriers;OK;5,8;5810
24/08/2026 11:25:37;2026-08-24T09:25:37.456Z;Courses hippiques (PMU);OK;3,6;3567
24/08/2026 11:25:37;2026-08-24T09:25:37.456Z;Courses de lévriers;OK;3,4;3435
24/08/2026 11:37:26;2026-08-24T09:37:26.631Z;Courses hippiques (PMU);OK;5,3;5300
24/08/2026 11:37:26;2026-08-24T09:37:26.631Z;Courses de lévriers;OK;5,7;5673
24/08/2026 11:49:29;2026-08-24T09:49:29.368Z;Courses hippiques (PMU);OK;5,4;5394
24/08/2026 11:49:29;2026-08-24T09:49:29.368Z;Courses de lévriers;OK;5,9;5947
24/08/2026 12:01:59;2026-08-24T10:01:59.394Z;Courses hippiques (PMU);OK;5,0;4956
24/08/2026 12:01:59;2026-08-24T10:01:59.394Z;Courses de lévriers;OK;6,3;6350
24/08/2026 12:06:28;2026-08-24T10:06:28.785Z;Courses hippiques (PMU);OK;4,9;4863
24/08/2026 12:06:28;2026-08-24T10:06:28.785Z;Courses de lévriers;OK;5,6;5647
24/08/2026 12:13:23;2026-08-24T10:13:23.201Z;Courses hippiques (PMU);OK;4,3;4326
24/08/2026 12:13:23;2026-08-24T10:13:23.201Z;Courses de lévriers;OK;4,3;4275
24/08/2026 12:25:26;2026-08-24T10:25:26.890Z;Courses hippiques (PMU);OK;4,1;4054
24/08/2026 12:25:26;2026-08-24T10:25:26.890Z;Courses de lévriers;OK;4,8;4755
24/08/2026 12:37:22;2026-08-24T10:37:22.610Z;Courses hippiques (PMU);OK;5,3;5318
24/08/2026 12:37:22;2026-08-24T10:37:22.610Z;Courses de lévriers;OK;5,6;5573
24/08/2026 12:49:21;2026-08-24T10:49:21.180Z;Courses hippiques (PMU);ECHEC;4,2;4214
24/08/2026 12:49:21;2026-08-24T10:49:21.180Z;Courses de lévriers;OK;4,7;4691
24/08/2026 13:01:57;2026-08-24T11:01:57.123Z;Courses hippiques (PMU);OK;4,8;4796
24/08/2026 13:01:57;2026-08-24T11:01:57.123Z;Courses de lévriers;OK;6,1;6145
24/08/2026 13:13:31;2026-08-24T11:13:31.328Z;Courses hippiques (PMU);OK;3,1;3107
24/08/2026 13:13:31;2026-08-24T11:13:31.328Z;Courses de lévriers;OK;3,4;3435
24/08/2026 13:25:18;2026-08-24T11:25:18.017Z;Courses hippiques (PMU);OK;4,2;4163
24/08/2026 13:25:18;2026-08-24T11:25:18.017Z;Courses de lévriers;OK;4,6;4570
24/08/2026 13:37:20;2026-08-24T11:37:20.607Z;Courses hippiques (PMU);OK;5,4;5399
24/08/2026 13:37:20;2026-08-24T11:37:20.607Z;Courses de lévriers;OK;6,6;6646
24/08/2026 13:49:24;2026-08-24T11:49:24.121Z;Courses hippiques (PMU);OK;6,7;6671
24/08/2026 13:49:24;2026-08-24T11:49:24.121Z;Courses de lévriers;OK;5,3;5309
24/08/2026 14:01:51;2026-08-24T12:01:51.966Z;Courses hippiques (PMU);OK;5,0;5007
24/08/2026 14:01:51;2026-08-24T12:01:51.966Z;Courses de lévriers;OK;6,9;6921
24/08/2026 14:13:29;2026-08-24T12:13:29.824Z;Courses hippiques (PMU);OK;5,0;4973
24/08/2026 14:13:29;2026-08-24T12:13:29.824Z;Courses de lévriers;OK;5,8;5806
24/08/2026 14:26:00;2026-08-24T12:26:00.377Z;Courses hippiques (PMU);OK;5,3;5271
24/08/2026 14:26:00;2026-08-24T12:26:00.377Z;Courses de lévriers;OK;4,4;4406
24/08/2026 14:37:24;2026-08-24T12:37:24.620Z;Courses hippiques (PMU);OK;4,1;4070
24/08/2026 14:37:24;2026-08-24T12:37:24.620Z;Courses de lévriers;ECHEC;4,5;4522
24/08/2026 14:49:25;2026-08-24T12:49:25.745Z;Courses hippiques (PMU);OK;4,8;4760
24/08/2026 14:49:25;2026-08-24T12:49:25.745Z;Courses de lévriers;OK;5,6;5563
24/08/2026 15:02:00;2026-08-24T13:02:00.089Z;Courses hippiques (PMU);OK;5,1;5116
24/08/2026 15:02:00;2026-08-24T13:02:00.089Z;Courses de lévriers;OK;7,3;7291
24/08/2026 15:13:22;2026-08-24T13:13:22.529Z;Courses hippiques (PMU);OK;4,7;4716
24/08/2026 15:13:22;2026-08-24T13:13:22.529Z;Courses de lévriers;OK;5,2;5194
24/08/2026 15:17:26;2026-08-24T13:17:26.174Z;Courses hippiques (PMU);OK;4,9;4907
24/08/2026 15:17:26;2026-08-24T13:17:26.174Z;Courses de lévriers;OK;5,3;5324
24/08/2026 15:25:22;2026-08-24T13:25:22.037Z;Courses hippiques (PMU);OK;4,0;3995
24/08/2026 15:25:22;2026-08-24T13:25:22.037Z;Courses de lévriers;OK;5,4;5448
24/08/2026 15:58:34;2026-08-24T13:58:34.712Z;Courses hippiques (PMU);ECHEC;3,9;3905
24/08/2026 15:58:34;2026-08-24T13:58:34.712Z;Courses de lévriers;OK;7,6;7601
24/08/2026 16:01:59;2026-08-24T14:01:59.530Z;Courses hippiques (PMU);OK;4,8;4843
24/08/2026 16:01:59;2026-08-24T14:01:59.530Z;Courses de lévriers;OK;4,1;4093
24/08/2026 16:13:49;2026-08-24T14:13:49.606Z;Courses hippiques (PMU);OK;4,2;4219
24/08/2026 16:13:49;2026-08-24T14:13:49.606Z;Courses de lévriers;OK;5,5;5549
24/08/2026 16:25:21;2026-08-24T14:25:21.492Z;Courses hippiques (PMU);OK;4,9;4928
24/08/2026 16:25:21;2026-08-24T14:25:21.492Z;Courses de lévriers;OK;7,4;7437
24/08/2026 16:37:33;2026-08-24T14:37:33.134Z;Courses hippiques (PMU);OK;4,9;4909
24/08/2026 16:37:33;2026-08-24T14:37:33.134Z;Courses de lévriers;OK;4,7;4722
24/08/2026 16:49:27;2026-08-24T14:49:27.882Z;Courses hippiques (PMU);OK;5,3;5338
24/08/2026 16:49:27;2026-08-24T14:49:27.882Z;Courses de lévriers;OK;6,0;5991
24/08/2026 17:01:52;2026-08-24T15:01:52.897Z;Courses hippiques (PMU);OK;4,5;4498
24/08/2026 17:01:52;2026-08-24T15:01:52.897Z;Courses de lévriers;OK;4,1;4094
24/08/2026 17:13:27;2026-08-24T15:13:27.470Z;Courses hippiques (PMU);OK;6,6;6634
24/08/2026 17:13:27;2026-08-24T15:13:27.470Z;Courses de lévriers;OK;6,0;6018
24/08/2026 17:25:23;2026-08-24T15:25:23.208Z;Courses hippiques (PMU);OK;6,6;6621
24/08/2026 17:25:23;2026-08-24T15:25:23.208Z;Courses de lévriers;OK;5,8;5810
24/08/2026 17:37:23;2026-08-24T15:37:23.639Z;Courses hippiques (PMU);OK;5,0;5015
24/08/2026 17:37:23;2026-08-24T15:37:23.639Z;Courses de lévriers;OK;5,9;5933
24/08/2026 17:49:35;2026-08-24T15:49:35.582Z;Courses hippiques (PMU);OK;5,2;5172
24/08/2026 17:49:35;2026-08-24T15:49:35.582Z;Courses de lévriers;OK;5,7;5702
24/08/2026 17:58:16;2026-08-24T15:58:16.711Z;Courses hippiques (PMU);OK;5,0;5015
24/08/2026 17:58:16;2026-08-24T15:58:16.711Z;Courses de lévriers;OK;6,0;5997
24/08/2026 18:02:06;2026-08-24T16:02:06.040Z;Courses hippiques (PMU);OK;5,7;5664
24/08/2026 18:02:06;2026-08-24T16:02:06.040Z;Courses de lévriers;OK;6,2;6228
24/08/2026 18:13:38;2026-08-24T16:13:38.489Z;Courses hippiques (PMU);OK;6,9;6889
24/08/2026 18:13:38;2026-08-24T16:13:38.489Z;Courses de lévriers;OK;5,3;5276
24/08/2026 18:25:25;2026-08-24T16:25:25.803Z;Courses hippiques (PMU);OK;5,0;4966
24/08/2026 18:25:25;2026-08-24T16:25:25.803Z;Courses de lévriers;OK;6,7;6653
24/08/2026 18:37:21;2026-08-24T16:37:21.283Z;Courses hippiques (PMU);OK;5,7;5684
24/08/2026 18:37:21;2026-08-24T16:37:21.283Z;Courses de lévriers;OK;6,1;6106
24/08/2026 18:49:28;2026-08-24T16:49:28.997Z;Courses hippiques (PMU);OK;5,9;5879
24/08/2026 18:49:28;2026-08-24T16:49:28.997Z;Courses de lévriers;OK;6,0;5993
24/08/2026 19:01:55;2026-08-24T17:01:55.493Z;Courses hippiques (PMU);OK;5,3;5309
24/08/2026 19:01:55;2026-08-24T17:01:55.493Z;Courses de lévriers;OK;6,0;5959
24/08/2026 19:13:23;2026-08-24T17:13:23.993Z;Courses hippiques (PMU);OK;5,1;5067
24/08/2026 19:13:23;2026-08-24T17:13:23.993Z;Courses de lévriers;OK;4,7;4741
24/08/2026 19:25:35;2026-08-24T17:25:35.289Z;Courses hippiques (PMU);OK;6,0;6022
24/08/2026 19:25:35;2026-08-24T17:25:35.289Z;Courses de lévriers;OK;5,7;5671
24/08/2026 19:37:20;2026-08-24T17:37:20.250Z;Courses hippiques (PMU);OK;5,2;5237
24/08/2026 19:37:20;2026-08-24T17:37:20.250Z;Courses de lévriers;OK;5,3;5345
24/08/2026 19:49:19;2026-08-24T17:49:19.310Z;Courses hippiques (PMU);ECHEC;3,9;3882
24/08/2026 19:49:19;2026-08-24T17:49:19.310Z;Courses de lévriers;OK;5,4;5449
24/08/2026 20:01:52;2026-08-24T18:01:52.515Z;Courses hippiques (PMU);OK;4,3;4308
24/08/2026 20:01:52;2026-08-24T18:01:52.515Z;Courses de lévriers;OK;4,7;4718
24/08/2026 20:13:36;2026-08-24T18:13:36.014Z;Courses hippiques (PMU);OK;5,1;5058
24/08/2026 20:13:36;2026-08-24T18:13:36.014Z;Courses de lévriers;OK;5,7;5690
24/08/2026 20:25:23;2026-08-24T18:25:23.127Z;Courses hippiques (PMU);OK;5,4;5376
24/08/2026 20:25:23;2026-08-24T18:25:23.127Z;Courses de lévriers;OK;5,4;5361
24/08/2026 20:37:23;2026-08-24T18:37:23.182Z;Courses hippiques (PMU);OK;5,2;5196
24/08/2026 20:37:23;2026-08-24T18:37:23.182Z;Courses de lévriers;OK;5,9;5915
24/08/2026 20:49:24;2026-08-24T18:49:24.013Z;Courses hippiques (PMU);OK;4,9;4913
24/08/2026 20:49:24;2026-08-24T18:49:24.013Z;Courses de lévriers;OK;6,1;6107
24/08/2026 21:01:43;2026-08-24T19:01:43.703Z;Courses hippiques (PMU);OK;5,7;5689
24/08/2026 21:01:43;2026-08-24T19:01:43.703Z;Courses de lévriers;OK;6,2;6208
24/08/2026 21:13:21;2026-08-24T19:13:21.805Z;Courses hippiques (PMU);OK;5,2;5211
24/08/2026 21:13:21;2026-08-24T19:13:21.805Z;Courses de lévriers;OK;5,9;5866
24/08/2026 21:25:22;2026-08-24T19:25:22.290Z;Courses hippiques (PMU);OK;4,9;4882
24/08/2026 21:25:22;2026-08-24T19:25:22.290Z;Courses de lévriers;OK;5,8;5788
24/08/2026 21:37:23;2026-08-24T19:37:23.860Z;Courses hippiques (PMU);OK;5,3;5253
24/08/2026 21:37:23;2026-08-24T19:37:23.860Z;Courses de lévriers;OK;5,8;5758
24/08/2026 21:49:17;2026-08-24T19:49:17.245Z;Courses hippiques (PMU);ECHEC;4,9;4925
24/08/2026 21:49:17;2026-08-24T19:49:17.245Z;Courses de lévriers;OK;4,7;4686
24/08/2026 22:02:00;2026-08-24T20:02:00.520Z;Courses hippiques (PMU);OK;4,4;4414
24/08/2026 22:02:00;2026-08-24T20:02:00.520Z;Courses de lévriers;OK;6,7;6706
24/08/2026 22:13:30;2026-08-24T20:13:30.620Z;Courses hippiques (PMU);OK;6,6;6599
24/08/2026 22:13:30;2026-08-24T20:13:30.620Z;Courses de lévriers;OK;5,8;5767
24/08/2026 22:25:34;2026-08-24T20:25:34.279Z;Courses hippiques (PMU);OK;4,8;4830
24/08/2026 22:25:34;2026-08-24T20:25:34.279Z;Courses de lévriers;OK;4,7;4714
24/08/2026 22:37:31;2026-08-24T20:37:31.920Z;Courses hippiques (PMU);OK;5,0;4982
24/08/2026 22:37:31;2026-08-24T20:37:31.920Z;Courses de lévriers;OK;6,7;6739
24/08/2026 22:49:22;2026-08-24T20:49:22.926Z;Courses hippiques (PMU);OK;4,2;4235
24/08/2026 22:49:22;2026-08-24T20:49:22.926Z;Courses de lévriers;OK;4,4;4434
24/08/2026 23:01:51;2026-08-24T21:01:51.453Z;Courses hippiques (PMU);OK;5,1;5104
24/08/2026 23:01:51;2026-08-24T21:01:51.453Z;Courses de lévriers;OK;7,1;7117
24/08/2026 23:13:17;2026-08-24T21:13:17.760Z;Courses hippiques (PMU);OK;4,1;4121
24/08/2026 23:13:17;2026-08-24T21:13:17.760Z;Courses de lévriers;OK;5,3;5311
24/08/2026 23:25:28;2026-08-24T21:25:28.209Z;Courses hippiques (PMU);OK;4,9;4856
24/08/2026 23:25:28;2026-08-24T21:25:28.209Z;Courses de lévriers;OK;5,9;5916
24/08/2026 23:37:28;2026-08-24T21:37:28.672Z;Courses hippiques (PMU);OK;4,8;4804
24/08/2026 23:37:28;2026-08-24T21:37:28.672Z;Courses de lévriers;OK;5,8;5775
24/08/2026 23:45:59;2026-08-24T21:45:59.596Z;Courses hippiques (PMU);OK;5,0;5029
24/08/2026 23:45:59;2026-08-24T21:45:59.596Z;Courses de lévriers;OK;5,4;5356
24/08/2026 23:49:21;2026-08-24T21:49:21.520Z;Courses hippiques (PMU);OK;5,7;5709
24/08/2026 23:49:21;2026-08-24T21:49:21.520Z;Courses de lévriers;OK;6,3;6274
25/08/2026 03:54:25;2026-08-25T01:54:25.407Z;Courses hippiques (PMU);OK;2,0;2006
25/08/2026 03:54:25;2026-08-25T01:54:25.407Z;Courses de lévriers;OK;1,5;1498
25/08/2026 06:02:08;2026-08-25T04:02:08.772Z;Courses hippiques (PMU);OK;1,9;1910
25/08/2026 06:02:08;2026-08-25T04:02:08.772Z;Courses de lévriers;OK;1,5;1490
25/08/2026 08:01:46;2026-08-25T06:01:46.971Z;Courses hippiques (PMU);OK;2,3;2308
25/08/2026 08:01:46;2026-08-25T06:01:46.971Z;Courses de lévriers;OK;1,6;1568
25/08/2026 08:13:17;2026-08-25T06:13:17.281Z;Courses hippiques (PMU);OK;1,9;1889
25/08/2026 08:13:17;2026-08-25T06:13:17.281Z;Courses de lévriers;OK;2,8;2763
25/08/2026 08:25:16;2026-08-25T06:25:16.899Z;Courses hippiques (PMU);OK;2,3;2261
25/08/2026 08:25:16;2026-08-25T06:25:16.899Z;Courses de lévriers;OK;2,7;2722
25/08/2026 08:37:40;2026-08-25T06:37:40.184Z;Courses hippiques (PMU);OK;5,2;5197
25/08/2026 08:37:40;2026-08-25T06:37:40.184Z;Courses de lévriers;OK;6,2;6185
25/08/2026 08:49:22;2026-08-25T06:49:22.467Z;Courses hippiques (PMU);OK;4,2;4169
25/08/2026 08:49:22;2026-08-25T06:49:22.467Z;Courses de lévriers;OK;3,8;3808
25/08/2026 09:01:48;2026-08-25T07:01:48.681Z;Courses hippiques (PMU);OK;5,0;4967
25/08/2026 09:01:48;2026-08-25T07:01:48.681Z;Courses de lévriers;OK;4,6;4558
25/08/2026 09:10:36;2026-08-25T07:10:36.524Z;Courses hippiques (PMU);OK;5,0;4963
25/08/2026 09:10:36;2026-08-25T07:10:36.524Z;Courses de lévriers;OK;4,1;4065
25/08/2026 09:13:28;2026-08-25T07:13:28.770Z;Courses hippiques (PMU);OK;6,7;6708
25/08/2026 09:13:28;2026-08-25T07:13:28.770Z;Courses de lévriers;OK;5,1;5111
25/08/2026 09:25:19;2026-08-25T07:25:19.812Z;Courses hippiques (PMU);OK;5,5;5452
25/08/2026 09:25:19;2026-08-25T07:25:19.812Z;Courses de lévriers;OK;4,7;4739
25/08/2026 09:37:24;2026-08-25T07:37:24.024Z;Courses hippiques (PMU);OK;6,4;6388
25/08/2026 09:37:24;2026-08-25T07:37:24.024Z;Courses de lévriers;OK;5,6;5562
25/08/2026 09:49:22;2026-08-25T07:49:22.437Z;Courses hippiques (PMU);OK;4,7;4737
25/08/2026 09:49:22;2026-08-25T07:49:22.437Z;Courses de lévriers;OK;4,2;4200
25/08/2026 10:01:57;2026-08-25T08:01:57.053Z;Courses hippiques (PMU);OK;5,7;5678
25/08/2026 10:01:57;2026-08-25T08:01:57.053Z;Courses de lévriers;OK;6,4;6369
25/08/2026 10:13:21;2026-08-25T08:13:21.233Z;Courses hippiques (PMU);OK;5,4;5437
25/08/2026 10:13:21;2026-08-25T08:13:21.233Z;Courses de lévriers;OK;5,0;5027
25/08/2026 10:25:19;2026-08-25T08:25:19.227Z;Courses hippiques (PMU);OK;4,7;4703
25/08/2026 10:25:19;2026-08-25T08:25:19.227Z;Courses de lévriers;OK;4,6;4588
25/08/2026 10:37:19;2026-08-25T08:37:19.718Z;Courses hippiques (PMU);OK;4,5;4490
25/08/2026 10:37:19;2026-08-25T08:37:19.718Z;Courses de lévriers;OK;3,7;3709
25/08/2026 10:49:41;2026-08-25T08:49:41.358Z;Courses hippiques (PMU);OK;6,4;6417
25/08/2026 10:49:41;2026-08-25T08:49:41.358Z;Courses de lévriers;OK;5,4;5429
25/08/2026 11:01:47;2026-08-25T09:01:47.088Z;Courses hippiques (PMU);OK;4,8;4813
25/08/2026 11:01:47;2026-08-25T09:01:47.088Z;Courses de lévriers;OK;4,4;4449
25/08/2026 11:13:32;2026-08-25T09:13:32.543Z;Courses hippiques (PMU);OK;5,1;5081
25/08/2026 11:13:32;2026-08-25T09:13:32.543Z;Courses de lévriers;OK;4,2;4163
25/08/2026 11:25:30;2026-08-25T09:25:30.208Z;Courses hippiques (PMU);OK;4,2;4154
25/08/2026 11:25:30;2026-08-25T09:25:30.208Z;Courses de lévriers;OK;3,8;3757
25/08/2026 11:37:20;2026-08-25T09:37:20.655Z;Courses hippiques (PMU);OK;5,4;5363
25/08/2026 11:37:20;2026-08-25T09:37:20.655Z;Courses de lévriers;OK;5,5;5516
25/08/2026 11:49:20;2026-08-25T09:49:20.777Z;Courses hippiques (PMU);OK;4,7;4739
25/08/2026 11:49:20;2026-08-25T09:49:20.777Z;Courses de lévriers;OK;4,1;4057
25/08/2026 11:53:26;2026-08-25T09:53:26.980Z;Courses hippiques (PMU);OK;4,2;4187
25/08/2026 11:53:26;2026-08-25T09:53:26.980Z;Courses de lévriers;OK;3,9;3851
25/08/2026 12:02:27;2026-08-25T10:02:27.049Z;Courses hippiques (PMU);OK;5,2;5174
25/08/2026 12:02:27;2026-08-25T10:02:27.049Z;Courses de lévriers;OK;5,0;5031
25/08/2026 12:13:23;2026-08-25T10:13:23.074Z;Courses hippiques (PMU);OK;6,6;6642
25/08/2026 12:13:23;2026-08-25T10:13:23.074Z;Courses de lévriers;OK;4,6;4560
25/08/2026 12:25:24;2026-08-25T10:25:24.455Z;Courses hippiques (PMU);OK;5,2;5240
25/08/2026 12:25:24;2026-08-25T10:25:24.455Z;Courses de lévriers;OK;4,9;4874
25/08/2026 12:37:20;2026-08-25T10:37:20.887Z;Courses hippiques (PMU);OK;4,9;4867
25/08/2026 12:37:20;2026-08-25T10:37:20.887Z;Courses de lévriers;OK;4,7;4711
25/08/2026 12:49:27;2026-08-25T10:49:27.734Z;Courses hippiques (PMU);OK;5,5;5547
25/08/2026 12:49:27;2026-08-25T10:49:27.734Z;Courses de lévriers;OK;6,1;6117
25/08/2026 13:02:02;2026-08-25T11:02:02.676Z;Courses hippiques (PMU);OK;4,9;4866
25/08/2026 13:02:02;2026-08-25T11:02:02.676Z;Courses de lévriers;OK;5,5;5502
25/08/2026 13:13:17;2026-08-25T11:13:17.589Z;Courses hippiques (PMU);OK;4,9;4925
25/08/2026 13:13:17;2026-08-25T11:13:17.589Z;Courses de lévriers;OK;4,4;4396
25/08/2026 13:25:21;2026-08-25T11:25:21.351Z;Courses hippiques (PMU);OK;5,3;5264
25/08/2026 13:25:21;2026-08-25T11:25:21.351Z;Courses de lévriers;OK;5,1;5087
25/08/2026 13:37:18;2026-08-25T11:37:18.181Z;Courses hippiques (PMU);OK;4,7;4690
25/08/2026 13:37:18;2026-08-25T11:37:18.181Z;Courses de lévriers;OK;4,4;4426
25/08/2026 13:49:22;2026-08-25T11:49:22.314Z;Courses hippiques (PMU);OK;4,9;4899
25/08/2026 13:49:22;2026-08-25T11:49:22.314Z;Courses de lévriers;OK;4,3;4325
25/08/2026 14:01:59;2026-08-25T12:01:59.841Z;Courses hippiques (PMU);OK;5,3;5337
25/08/2026 14:01:59;2026-08-25T12:01:59.841Z;Courses de lévriers;OK;5,0;5010
25/08/2026 14:13:21;2026-08-25T12:13:21.201Z;Courses hippiques (PMU);OK;4,9;4919
25/08/2026 14:13:21;2026-08-25T12:13:21.201Z;Courses de lévriers;OK;5,8;5822
25/08/2026 14:25:29;2026-08-25T12:25:29.353Z;Courses hippiques (PMU);ECHEC;6,0;6026
25/08/2026 14:25:29;2026-08-25T12:25:29.353Z;Courses de lévriers;OK;5,9;5852
25/08/2026 14:37:23;2026-08-25T12:37:23.837Z;Courses hippiques (PMU);OK;5,3;5270
25/08/2026 14:37:23;2026-08-25T12:37:23.837Z;Courses de lévriers;OK;6,2;6187
25/08/2026 14:49:19;2026-08-25T12:49:19.111Z;Courses hippiques (PMU);OK;4,9;4903
25/08/2026 14:49:19;2026-08-25T12:49:19.111Z;Courses de lévriers;OK;4,6;4618
25/08/2026 15:01:59;2026-08-25T13:01:59.605Z;Courses hippiques (PMU);OK;5,3;5290
25/08/2026 15:01:59;2026-08-25T13:01:59.605Z;Courses de lévriers;OK;5,2;5247
25/08/2026 15:13:26;2026-08-25T13:13:26.547Z;Courses hippiques (PMU);OK;5,8;5849
25/08/2026 15:13:26;2026-08-25T13:13:26.547Z;Courses de lévriers;OK;4,2;4192
25/08/2026 15:25:23;2026-08-25T13:25:23.557Z;Courses hippiques (PMU);OK;5,5;5453
25/08/2026 15:25:23;2026-08-25T13:25:23.557Z;Courses de lévriers;OK;6,1;6147
25/08/2026 15:37:25;2026-08-25T13:37:25.138Z;Courses hippiques (PMU);OK;6,1;6142
25/08/2026 15:37:25;2026-08-25T13:37:25.138Z;Courses de lévriers;OK;5,0;4962
25/08/2026 15:49:21;2026-08-25T13:49:21.662Z;Courses hippiques (PMU);OK;5,5;5496
25/08/2026 15:49:21;2026-08-25T13:49:21.662Z;Courses de lévriers;OK;5,1;5076
25/08/2026 16:02:20;2026-08-25T14:02:20.442Z;Courses hippiques (PMU);OK;6,1;6135
25/08/2026 16:02:20;2026-08-25T14:02:20.442Z;Courses de lévriers;OK;4,7;4725
25/08/2026 16:13:47;2026-08-25T14:13:47.227Z;Courses hippiques (PMU);OK;5,4;5440
25/08/2026 16:13:47;2026-08-25T14:13:47.227Z;Courses de lévriers;OK;4,6;4644
25/08/2026 16:25:23;2026-08-25T14:25:23.898Z;Courses hippiques (PMU);OK;4,7;4694
25/08/2026 16:25:23;2026-08-25T14:25:23.898Z;Courses de lévriers;OK;5,8;5782
25/08/2026 16:37:38;2026-08-25T14:37:38.333Z;Courses hippiques (PMU);OK;5,8;5826
25/08/2026 16:37:38;2026-08-25T14:37:38.333Z;Courses de lévriers;OK;5,8;5764
25/08/2026 16:50:01;2026-08-25T14:50:01.275Z;Courses hippiques (PMU);OK;5,7;5658
25/08/2026 16:50:01;2026-08-25T14:50:01.275Z;Courses de lévriers;OK;5,5;5496
25/08/2026 17:02:04;2026-08-25T15:02:04.522Z;Courses hippiques (PMU);OK;5,0;5015
25/08/2026 17:02:04;2026-08-25T15:02:04.522Z;Courses de lévriers;OK;7,1;7070
25/08/2026 17:13:31;2026-08-25T15:13:31.655Z;Courses hippiques (PMU);OK;4,9;4877
25/08/2026 17:13:31;2026-08-25T15:13:31.655Z;Courses de lévriers;OK;5,4;5402
25/08/2026 17:25:44;2026-08-25T15:25:44.861Z;Courses hippiques (PMU);OK;5,7;5651
25/08/2026 17:25:44;2026-08-25T15:25:44.861Z;Courses de lévriers;OK;8,4;8385
25/08/2026 17:37:19;2026-08-25T15:37:19.069Z;Courses hippiques (PMU);OK;5,4;5365
25/08/2026 17:37:19;2026-08-25T15:37:19.069Z;Courses de lévriers;OK;4,8;4793
25/08/2026 17:49:56;2026-08-25T15:49:56.114Z;Courses hippiques (PMU);OK;5,4;5363
25/08/2026 17:49:56;2026-08-25T15:49:56.114Z;Courses de lévriers;OK;5,1;5129
25/08/2026 18:02:02;2026-08-25T16:02:02.850Z;Courses hippiques (PMU);OK;6,6;6589
25/08/2026 18:02:02;2026-08-25T16:02:02.850Z;Courses de lévriers;OK;6,3;6322
25/08/2026 18:02:59;2026-08-25T16:02:59.122Z;Courses hippiques (PMU);ECHEC;6,1;6070
25/08/2026 18:02:59;2026-08-25T16:02:59.122Z;Courses de lévriers;OK;6,5;6503
25/08/2026 18:13:22;2026-08-25T16:13:22.414Z;Courses hippiques (PMU);OK;5,1;5052
25/08/2026 18:13:22;2026-08-25T16:13:22.414Z;Courses de lévriers;OK;5,4;5355
25/08/2026 18:25:22;2026-08-25T16:25:22.376Z;Courses hippiques (PMU);OK;5,3;5300
25/08/2026 18:25:22;2026-08-25T16:25:22.376Z;Courses de lévriers;OK;5,1;5087
25/08/2026 18:37:29;2026-08-25T16:37:29.214Z;Courses hippiques (PMU);OK;5,8;5787
25/08/2026 18:37:29;2026-08-25T16:37:29.214Z;Courses de lévriers;OK;5,6;5561
25/08/2026 18:49:27;2026-08-25T16:49:27.631Z;Courses hippiques (PMU);OK;5,8;5756
25/08/2026 18:49:27;2026-08-25T16:49:27.631Z;Courses de lévriers;OK;6,1;6118
25/08/2026 19:01:56;2026-08-25T17:01:56.298Z;Courses hippiques (PMU);OK;6,7;6742
25/08/2026 19:01:56;2026-08-25T17:01:56.298Z;Courses de lévriers;OK;6,9;6890
25/08/2026 19:13:21;2026-08-25T17:13:21.800Z;Courses hippiques (PMU);OK;5,3;5292
25/08/2026 19:13:21;2026-08-25T17:13:21.800Z;Courses de lévriers;OK;5,8;5839
25/08/2026 19:25:41;2026-08-25T17:25:41.492Z;Courses hippiques (PMU);OK;6,5;6450
25/08/2026 19:25:41;2026-08-25T17:25:41.492Z;Courses de lévriers;OK;6,3;6255
25/08/2026 19:37:24;2026-08-25T17:37:24.378Z;Courses hippiques (PMU);OK;6,0;6011
25/08/2026 19:37:24;2026-08-25T17:37:24.378Z;Courses de lévriers;OK;5,0;5015
25/08/2026 19:49:54;2026-08-25T17:49:54.164Z;Courses hippiques (PMU);OK;6,1;6074
25/08/2026 19:49:54;2026-08-25T17:49:54.164Z;Courses de lévriers;OK;4,6;4564
25/08/2026 20:02:03;2026-08-25T18:02:03.239Z;Courses hippiques (PMU);OK;5,1;5081
25/08/2026 20:02:03;2026-08-25T18:02:03.239Z;Courses de lévriers;OK;5,5;5481
25/08/2026 20:13:24;2026-08-25T18:13:24.170Z;Courses hippiques (PMU);OK;5,6;5557
25/08/2026 20:13:24;2026-08-25T18:13:24.170Z;Courses de lévriers;OK;5,9;5920
25/08/2026 20:25:24;2026-08-25T18:25:24.768Z;Courses hippiques (PMU);OK;5,1;5103
25/08/2026 20:25:24;2026-08-25T18:25:24.768Z;Courses de lévriers;OK;5,4;5428
25/08/2026 20:37:18;2026-08-25T18:37:18.219Z;Courses hippiques (PMU);OK;4,8;4776
25/08/2026 20:37:18;2026-08-25T18:37:18.219Z;Courses de lévriers;OK;4,4;4353
25/08/2026 20:49:20;2026-08-25T18:49:20.895Z;Courses hippiques (PMU);OK;5,0;4991
25/08/2026 20:49:20;2026-08-25T18:49:20.895Z;Courses de lévriers;OK;5,7;5652
25/08/2026 21:00:03;2026-08-25T19:00:03.579Z;Courses hippiques (PMU);OK;6,1;6149
25/08/2026 21:00:03;2026-08-25T19:00:03.579Z;Courses de lévriers;OK;6,8;6830
25/08/2026 21:01:50;2026-08-25T19:01:50.600Z;Courses hippiques (PMU);OK;6,1;6132
25/08/2026 21:01:50;2026-08-25T19:01:50.600Z;Courses de lévriers;OK;4,4;4384
25/08/2026 21:13:30;2026-08-25T19:13:30.439Z;Courses hippiques (PMU);OK;6,8;6820
25/08/2026 21:13:30;2026-08-25T19:13:30.439Z;Courses de lévriers;OK;6,0;6019
25/08/2026 21:25:39;2026-08-25T19:25:39.747Z;Courses hippiques (PMU);OK;6,3;6267
25/08/2026 21:25:39;2026-08-25T19:25:39.747Z;Courses de lévriers;OK;5,8;5818
25/08/2026 21:37:43;2026-08-25T19:37:43.367Z;Courses hippiques (PMU);OK;5,7;5679
25/08/2026 21:37:43;2026-08-25T19:37:43.367Z;Courses de lévriers;OK;5,6;5573
25/08/2026 21:49:22;2026-08-25T19:49:22.351Z;Courses hippiques (PMU);OK;5,1;5079
25/08/2026 21:49:22;2026-08-25T19:49:22.351Z;Courses de lévriers;OK;4,6;4577
25/08/2026 22:01:54;2026-08-25T20:01:54.582Z;Courses hippiques (PMU);OK;5,2;5185
25/08/2026 22:01:54;2026-08-25T20:01:54.582Z;Courses de lévriers;OK;5,0;4965
25/08/2026 22:13:38;2026-08-25T20:13:38.794Z;Courses hippiques (PMU);OK;6,2;6236
25/08/2026 22:13:38;2026-08-25T20:13:38.794Z;Courses de lévriers;OK;5,2;5229
25/08/2026 22:25:27;2026-08-25T20:25:27.777Z;Courses hippiques (PMU);OK;11,3;11251
25/08/2026 22:25:27;2026-08-25T20:25:27.777Z;Courses de lévriers;OK;7,2;7197
25/08/2026 22:37:44;2026-08-25T20:37:44.723Z;Courses hippiques (PMU);OK;5,1;5110
25/08/2026 22:37:44;2026-08-25T20:37:44.723Z;Courses de lévriers;OK;5,3;5303
25/08/2026 22:49:33;2026-08-25T20:49:33.486Z;Courses hippiques (PMU);OK;5,3;5270
25/08/2026 22:49:33;2026-08-25T20:49:33.486Z;Courses de lévriers;OK;5,8;5843
25/08/2026 23:01:56;2026-08-25T21:01:56.790Z;Courses hippiques (PMU);OK;5,6;5571
25/08/2026 23:01:56;2026-08-25T21:01:56.790Z;Courses de lévriers;OK;6,0;5970
25/08/2026 23:13:40;2026-08-25T21:13:40.189Z;Courses hippiques (PMU);OK;6,7;6707
25/08/2026 23:13:40;2026-08-25T21:13:40.189Z;Courses de lévriers;OK;5,9;5949
25/08/2026 23:25:29;2026-08-25T21:25:29.045Z;Courses hippiques (PMU);OK;5,9;5882
25/08/2026 23:25:29;2026-08-25T21:25:29.045Z;Courses de lévriers;OK;5,4;5421
25/08/2026 23:37:23;2026-08-25T21:37:23.281Z;Courses hippiques (PMU);OK;6,5;6508
25/08/2026 23:37:23;2026-08-25T21:37:23.281Z;Courses de lévriers;OK;5,7;5686
25/08/2026 23:46:08;2026-08-25T21:46:08.790Z;Courses hippiques (PMU);OK;6,5;6452
25/08/2026 23:46:08;2026-08-25T21:46:08.790Z;Courses de lévriers;OK;5,8;5767
25/08/2026 23:49:22;2026-08-25T21:49:22.870Z;Courses hippiques (PMU);OK;5,2;5197
25/08/2026 23:49:22;2026-08-25T21:49:22.870Z;Courses de lévriers;OK;5,8;5769
26/08/2026 04:00:30;2026-08-26T02:00:30.124Z;Courses hippiques (PMU);OK;2,2;2244
26/08/2026 04:00:30;2026-08-26T02:00:30.124Z;Courses de lévriers;OK;3,0;3010
26/08/2026 06:04:58;2026-08-26T04:04:58.142Z;Courses hippiques (PMU);OK;2,1;2106
26/08/2026 06:04:58;2026-08-26T04:04:58.142Z;Courses de lévriers;OK;3,0;2962
26/08/2026 08:02:24;2026-08-26T06:02:24.061Z;Courses hippiques (PMU);OK;1,8;1783
26/08/2026 08:02:24;2026-08-26T06:02:24.061Z;Courses de lévriers;OK;1,7;1725
26/08/2026 08:13:15;2026-08-26T06:13:15.296Z;Courses hippiques (PMU);OK;2,6;2556
26/08/2026 08:13:15;2026-08-26T06:13:15.296Z;Courses de lévriers;OK;2,4;2368
26/08/2026 08:25:18;2026-08-26T06:25:18.577Z;Courses hippiques (PMU);OK;2,1;2125
26/08/2026 08:25:18;2026-08-26T06:25:18.577Z;Courses de lévriers;OK;2,5;2458
26/08/2026 08:37:20;2026-08-26T06:37:20.464Z;Courses hippiques (PMU);OK;5,0;5049
26/08/2026 08:37:20;2026-08-26T06:37:20.464Z;Courses de lévriers;OK;4,6;4559
26/08/2026 08:49:18;2026-08-26T06:49:18.492Z;Courses hippiques (PMU);OK;5,0;4958
26/08/2026 08:49:18;2026-08-26T06:49:18.492Z;Courses de lévriers;OK;4,7;4704
26/08/2026 09:02:11;2026-08-26T07:02:11.217Z;Courses hippiques (PMU);OK;6,2;6239
26/08/2026 09:02:11;2026-08-26T07:02:11.217Z;Courses de lévriers;OK;5,1;5097
26/08/2026 09:10:59;2026-08-26T07:10:59.820Z;Courses hippiques (PMU);OK;5,1;5131
26/08/2026 09:10:59;2026-08-26T07:10:59.820Z;Courses de lévriers;OK;5,8;5773
26/08/2026 09:13:20;2026-08-26T07:13:20.169Z;Courses hippiques (PMU);OK;6,1;6067
26/08/2026 09:13:20;2026-08-26T07:13:20.169Z;Courses de lévriers;OK;4,4;4414
26/08/2026 09:25:35;2026-08-26T07:25:35.425Z;Courses hippiques (PMU);OK;5,1;5149
26/08/2026 09:25:35;2026-08-26T07:25:35.425Z;Courses de lévriers;OK;5,2;5249
26/08/2026 09:37:27;2026-08-26T07:37:27.685Z;Courses hippiques (PMU);OK;5,2;5248
26/08/2026 09:37:27;2026-08-26T07:37:27.685Z;Courses de lévriers;OK;5,6;5637
26/08/2026 09:49:31;2026-08-26T07:49:31.602Z;Courses hippiques (PMU);OK;4,5;4550
26/08/2026 09:49:31;2026-08-26T07:49:31.602Z;Courses de lévriers;OK;4,4;4394
26/08/2026 10:01:52;2026-08-26T08:01:52.287Z;Courses hippiques (PMU);OK;5,6;5622
26/08/2026 10:01:52;2026-08-26T08:01:52.287Z;Courses de lévriers;OK;5,1;5075
26/08/2026 10:13:20;2026-08-26T08:13:20.222Z;Courses hippiques (PMU);OK;5,3;5267
26/08/2026 10:13:20;2026-08-26T08:13:20.222Z;Courses de lévriers;OK;5,4;5365
26/08/2026 10:25:21;2026-08-26T08:25:21.196Z;Courses hippiques (PMU);OK;4,5;4511
26/08/2026 10:25:21;2026-08-26T08:25:21.196Z;Courses de lévriers;OK;5,2;5181
26/08/2026 10:37:48;2026-08-26T08:37:48.041Z;Courses hippiques (PMU);ECHEC;30,0;30006
26/08/2026 10:37:48;2026-08-26T08:37:48.041Z;Courses de lévriers;OK;5,6;5584
26/08/2026 10:49:35;2026-08-26T08:49:35.186Z;Courses hippiques (PMU);OK;4,9;4924
26/08/2026 10:49:35;2026-08-26T08:49:35.186Z;Courses de lévriers;OK;5,3;5309
26/08/2026 11:02:37;2026-08-26T09:02:37.540Z;Courses hippiques (PMU);OK;4,4;4380
26/08/2026 11:02:37;2026-08-26T09:02:37.540Z;Courses de lévriers;OK;4,2;4245
26/08/2026 11:13:38;2026-08-26T09:13:38.585Z;Courses hippiques (PMU);OK;6,1;6070
26/08/2026 11:13:38;2026-08-26T09:13:38.585Z;Courses de lévriers;OK;6,1;6128
26/08/2026 11:25:20;2026-08-26T09:25:20.730Z;Courses hippiques (PMU);OK;5,0;5007
26/08/2026 11:25:20;2026-08-26T09:25:20.730Z;Courses de lévriers;OK;5,3;5267
26/08/2026 11:37:24;2026-08-26T09:37:24.174Z;Courses hippiques (PMU);OK;5,5;5506
26/08/2026 11:37:24;2026-08-26T09:37:24.174Z;Courses de lévriers;OK;7,1;7051
26/08/2026 11:49:24;2026-08-26T09:49:24.204Z;Courses hippiques (PMU);OK;5,0;4960
26/08/2026 11:49:24;2026-08-26T09:49:24.204Z;Courses de lévriers;OK;5,9;5894
26/08/2026 12:00:06;2026-08-26T10:00:06.896Z;Courses hippiques (PMU);OK;5,9;5904
26/08/2026 12:00:06;2026-08-26T10:00:06.896Z;Courses de lévriers;OK;6,3;6302
26/08/2026 12:02:13;2026-08-26T10:02:13.845Z;Courses hippiques (PMU);OK;5,8;5801
26/08/2026 12:02:13;2026-08-26T10:02:13.845Z;Courses de lévriers;OK;7,1;7117
26/08/2026 12:13:28;2026-08-26T10:13:28.327Z;Courses hippiques (PMU);OK;5,6;5638
26/08/2026 12:13:28;2026-08-26T10:13:28.327Z;Courses de lévriers;OK;7,2;7161
26/08/2026 12:25:24;2026-08-26T10:25:24.586Z;Courses hippiques (PMU);OK;4,7;4734
26/08/2026 12:25:24;2026-08-26T10:25:24.586Z;Courses de lévriers;OK;6,2;6160
26/08/2026 12:37:23;2026-08-26T10:37:23.482Z;Courses hippiques (PMU);OK;5,9;5902
26/08/2026 12:37:23;2026-08-26T10:37:23.482Z;Courses de lévriers;OK;6,2;6230
26/08/2026 12:49:18;2026-08-26T10:49:18.760Z;Courses hippiques (PMU);OK;4,9;4851
26/08/2026 12:49:18;2026-08-26T10:49:18.760Z;Courses de lévriers;OK;5,2;5230
26/08/2026 13:01:54;2026-08-26T11:01:54.433Z;Courses hippiques (PMU);OK;6,5;6518
26/08/2026 13:01:54;2026-08-26T11:01:54.433Z;Courses de lévriers;OK;5,9;5944
26/08/2026 13:13:21;2026-08-26T11:13:21.329Z;Courses hippiques (PMU);OK;5,2;5213
26/08/2026 13:13:21;2026-08-26T11:13:21.329Z;Courses de lévriers;OK;5,9;5891
26/08/2026 13:25:45;2026-08-26T11:25:45.962Z;Courses hippiques (PMU);OK;4,9;4933
26/08/2026 13:25:45;2026-08-26T11:25:45.962Z;Courses de lévriers;OK;7,0;7000
26/08/2026 13:37:29;2026-08-26T11:37:29.274Z;Courses hippiques (PMU);OK;6,7;6718
26/08/2026 13:37:29;2026-08-26T11:37:29.274Z;Courses de lévriers;OK;4,5;4532
26/08/2026 13:49:27;2026-08-26T11:49:27.876Z;Courses hippiques (PMU);OK;5,7;5742
26/08/2026 13:49:27;2026-08-26T11:49:27.876Z;Courses de lévriers;OK;5,7;5677
26/08/2026 14:01:53;2026-08-26T12:01:53.934Z;Courses hippiques (PMU);OK;6,4;6378
26/08/2026 14:01:53;2026-08-26T12:01:53.934Z;Courses de lévriers;OK;5,3;5271
26/08/2026 14:13:27;2026-08-26T12:13:27.256Z;Courses hippiques (PMU);OK;6,1;6086
26/08/2026 14:13:27;2026-08-26T12:13:27.256Z;Courses de lévriers;OK;7,6;7553
26/08/2026 14:25:46;2026-08-26T12:25:46.040Z;Courses hippiques (PMU);ECHEC;6,2;6245
26/08/2026 14:25:46;2026-08-26T12:25:46.040Z;Courses de lévriers;OK;7,0;6983
26/08/2026 14:37:23;2026-08-26T12:37:23.133Z;Courses hippiques (PMU);OK;5,2;5169
26/08/2026 14:37:23;2026-08-26T12:37:23.133Z;Courses de lévriers;OK;7,0;7046
26/08/2026 14:49:42;2026-08-26T12:49:42.221Z;Courses hippiques (PMU);OK;5,6;5642
26/08/2026 14:49:42;2026-08-26T12:49:42.221Z;Courses de lévriers;OK;6,8;6831
26/08/2026 15:02:13;2026-08-26T13:02:13.665Z;Courses hippiques (PMU);OK;5,4;5421
26/08/2026 15:02:13;2026-08-26T13:02:13.665Z;Courses de lévriers;OK;6,0;5985
26/08/2026 15:13:38;2026-08-26T13:13:38.562Z;Courses hippiques (PMU);OK;5,4;5392
26/08/2026 15:13:38;2026-08-26T13:13:38.562Z;Courses de lévriers;OK;4,2;4236
26/08/2026 15:18:58;2026-08-26T13:18:58.167Z;Courses hippiques (PMU);OK;7,0;7039
26/08/2026 15:18:58;2026-08-26T13:18:58.167Z;Courses de lévriers;OK;6,3;6337
26/08/2026 15:25:22;2026-08-26T13:25:22.063Z;Courses hippiques (PMU);OK;5,3;5339
26/08/2026 15:25:22;2026-08-26T13:25:22.063Z;Courses de lévriers;OK;6,2;6227
26/08/2026 15:37:45;2026-08-26T13:37:45.894Z;Courses hippiques (PMU);OK;5,4;5443
26/08/2026 15:37:45;2026-08-26T13:37:45.894Z;Courses de lévriers;OK;6,4;6374
26/08/2026 15:49:24;2026-08-26T13:49:24.919Z;Courses hippiques (PMU);OK;5,0;5024
26/08/2026 15:49:24;2026-08-26T13:49:24.919Z;Courses de lévriers;OK;5,9;5912
26/08/2026 16:02:23;2026-08-26T14:02:23.422Z;Courses hippiques (PMU);OK;6,5;6527
26/08/2026 16:02:23;2026-08-26T14:02:23.422Z;Courses de lévriers;OK;6,7;6672
26/08/2026 16:13:32;2026-08-26T14:13:32.174Z;Courses hippiques (PMU);OK;6,4;6449
26/08/2026 16:13:32;2026-08-26T14:13:32.174Z;Courses de lévriers;OK;6,8;6797
26/08/2026 16:25:44;2026-08-26T14:25:44.408Z;Courses hippiques (PMU);OK;6,6;6639
26/08/2026 16:25:44;2026-08-26T14:25:44.408Z;Courses de lévriers;OK;6,4;6395
26/08/2026 16:37:43;2026-08-26T14:37:43.858Z;Courses hippiques (PMU);OK;7,7;7663
26/08/2026 16:37:43;2026-08-26T14:37:43.858Z;Courses de lévriers;OK;6,5;6451
26/08/2026 16:49:22;2026-08-26T14:49:22.194Z;Courses hippiques (PMU);OK;5,0;4951
26/08/2026 16:49:22;2026-08-26T14:49:22.194Z;Courses de lévriers;OK;5,1;5066
26/08/2026 17:02:12;2026-08-26T15:02:12.513Z;Courses hippiques (PMU);OK;5,4;5389
26/08/2026 17:02:12;2026-08-26T15:02:12.513Z;Courses de lévriers;OK;6,8;6848
26/08/2026 17:25:44;2026-08-26T15:25:44.240Z;Courses hippiques (PMU);OK;5,4;5394
26/08/2026 17:25:44;2026-08-26T15:25:44.240Z;Courses de lévriers;OK;5,2;5182
26/08/2026 17:51:14;2026-08-26T15:51:14.891Z;Courses hippiques (PMU);OK;5,4;5376
26/08/2026 17:51:14;2026-08-26T15:51:14.891Z;Courses de lévriers;OK;6,1;6100
26/08/2026 18:02:33;2026-08-26T16:02:33.369Z;Courses hippiques (PMU);ECHEC;30,0;30006
26/08/2026 18:02:33;2026-08-26T16:02:33.369Z;Courses de lévriers;OK;6,1;6106
26/08/2026 18:13:50;2026-08-26T16:13:50.865Z;Courses hippiques (PMU);OK;5,0;5037
26/08/2026 18:13:50;2026-08-26T16:13:50.865Z;Courses de lévriers;OK;6,1;6054
26/08/2026 18:25:35;2026-08-26T16:25:35.981Z;Courses hippiques (PMU);OK;6,6;6565
26/08/2026 18:25:35;2026-08-26T16:25:35.981Z;Courses de lévriers;OK;7,7;7715
26/08/2026 18:35:04;2026-08-26T16:35:04.836Z;Courses hippiques (PMU);OK;4,9;4940
26/08/2026 18:35:04;2026-08-26T16:35:04.836Z;Courses de lévriers;OK;6,0;5984
26/08/2026 18:37:45;2026-08-26T16:37:45.438Z;Courses hippiques (PMU);OK;6,0;6049
26/08/2026 18:37:45;2026-08-26T16:37:45.438Z;Courses de lévriers;OK;6,2;6193
26/08/2026 18:49:20;2026-08-26T16:49:20.557Z;Courses hippiques (PMU);OK;5,0;5013
26/08/2026 18:49:20;2026-08-26T16:49:20.557Z;Courses de lévriers;OK;5,9;5888
26/08/2026 19:01:56;2026-08-26T17:01:56.706Z;Courses hippiques (PMU);OK;5,8;5764
26/08/2026 19:01:56;2026-08-26T17:01:56.706Z;Courses de lévriers;OK;6,1;6082
26/08/2026 19:13:41;2026-08-26T17:13:41.036Z;Courses hippiques (PMU);ECHEC;5,1;5073
26/08/2026 19:13:41;2026-08-26T17:13:41.036Z;Courses de lévriers;OK;6,3;6251
26/08/2026 19:25:42;2026-08-26T17:25:42.023Z;Courses hippiques (PMU);OK;6,9;6920
26/08/2026 19:25:42;2026-08-26T17:25:42.023Z;Courses de lévriers;OK;6,4;6351
26/08/2026 19:37:21;2026-08-26T17:37:21.150Z;Courses hippiques (PMU);OK;5,1;5104
26/08/2026 19:37:21;2026-08-26T17:37:21.150Z;Courses de lévriers;OK;5,7;5734
26/08/2026 19:49:26;2026-08-26T17:49:26.420Z;Courses hippiques (PMU);OK;5,1;5057
26/08/2026 19:49:26;2026-08-26T17:49:26.420Z;Courses de lévriers;OK;6,0;5954
26/08/2026 20:02:03;2026-08-26T18:02:03.023Z;Courses hippiques (PMU);OK;5,2;5242
26/08/2026 20:02:03;2026-08-26T18:02:03.023Z;Courses de lévriers;OK;6,3;6303
26/08/2026 20:13:42;2026-08-26T18:13:42.334Z;Courses hippiques (PMU);OK;6,8;6810
26/08/2026 20:13:42;2026-08-26T18:13:42.334Z;Courses de lévriers;OK;5,8;5799
26/08/2026 20:25:26;2026-08-26T18:25:26.972Z;Courses hippiques (PMU);OK;6,3;6297
26/08/2026 20:25:26;2026-08-26T18:25:26.972Z;Courses de lévriers;OK;5,9;5887
26/08/2026 20:37:44;2026-08-26T18:37:44.031Z;Courses hippiques (PMU);OK;8,8;8797
26/08/2026 20:37:44;2026-08-26T18:37:44.031Z;Courses de lévriers;OK;5,8;5776
26/08/2026 20:49:44;2026-08-26T18:49:44.154Z;Courses hippiques (PMU);OK;5,4;5416
26/08/2026 20:49:44;2026-08-26T18:49:44.154Z;Courses de lévriers;OK;5,9;5852
26/08/2026 21:02:11;2026-08-26T19:02:11.311Z;Courses hippiques (PMU);OK;4,1;4070
26/08/2026 21:02:11;2026-08-26T19:02:11.311Z;Courses de lévriers;OK;6,5;6543
26/08/2026 21:14:08;2026-08-26T19:14:08.941Z;Courses hippiques (PMU);OK;6,5;6473
26/08/2026 21:14:08;2026-08-26T19:14:08.941Z;Courses de lévriers;OK;5,9;5941
26/08/2026 21:25:25;2026-08-26T19:25:25.581Z;Courses hippiques (PMU);OK;6,5;6498
26/08/2026 21:25:25;2026-08-26T19:25:25.581Z;Courses de lévriers;OK;6,1;6079
26/08/2026 21:37:38;2026-08-26T19:37:38.970Z;Courses hippiques (PMU);OK;5,4;5445
26/08/2026 21:37:38;2026-08-26T19:37:38.970Z;Courses de lévriers;OK;5,9;5862
26/08/2026 21:49:38;2026-08-26T19:49:38.169Z;Courses hippiques (PMU);OK;5,6;5614
26/08/2026 21:49:38;2026-08-26T19:49:38.169Z;Courses de lévriers;OK;5,9;5905
26/08/2026 22:01:51;2026-08-26T20:01:51.458Z;Courses hippiques (PMU);OK;6,0;5974
26/08/2026 22:01:51;2026-08-26T20:01:51.458Z;Courses de lévriers;OK;6,8;6772
26/08/2026 22:05:18;2026-08-26T20:05:18.709Z;Courses hippiques (PMU);OK;5,0;5019
26/08/2026 22:05:18;2026-08-26T20:05:18.709Z;Courses de lévriers;OK;6,1;6114
26/08/2026 22:13:25;2026-08-26T20:13:25.897Z;Courses hippiques (PMU);OK;5,0;4987
26/08/2026 22:13:25;2026-08-26T20:13:25.897Z;Courses de lévriers;OK;5,2;5205
26/08/2026 22:25:21;2026-08-26T20:25:21.735Z;Courses hippiques (PMU);OK;5,3;5268
26/08/2026 22:25:21;2026-08-26T20:25:21.735Z;Courses de lévriers;OK;5,7;5698
26/08/2026 22:37:38;2026-08-26T20:37:38.711Z;Courses hippiques (PMU);OK;6,4;6420
26/08/2026 22:37:38;2026-08-26T20:37:38.711Z;Courses de lévriers;OK;7,0;6965
26/08/2026 22:49:33;2026-08-26T20:49:33.632Z;Courses hippiques (PMU);OK;5,3;5297
26/08/2026 22:49:33;2026-08-26T20:49:33.632Z;Courses de lévriers;OK;5,6;5630
26/08/2026 23:01:55;2026-08-26T21:01:55.916Z;Courses hippiques (PMU);OK;5,1;5086
26/08/2026 23:01:55;2026-08-26T21:01:55.916Z;Courses de lévriers;OK;6,6;6552
26/08/2026 23:13:25;2026-08-26T21:13:25.037Z;Courses hippiques (PMU);OK;6,6;6553
26/08/2026 23:13:25;2026-08-26T21:13:25.037Z;Courses de lévriers;OK;6,5;6452
26/08/2026 23:25:22;2026-08-26T21:25:22.239Z;Courses hippiques (PMU);OK;5,3;5282
26/08/2026 23:25:22;2026-08-26T21:25:22.239Z;Courses de lévriers;OK;5,8;5775
26/08/2026 23:37:27;2026-08-26T21:37:27.111Z;Courses hippiques (PMU);OK;6,4;6439
26/08/2026 23:37:27;2026-08-26T21:37:27.111Z;Courses de lévriers;OK;7,2;7170
26/08/2026 23:49:23;2026-08-26T21:49:23.406Z;Courses hippiques (PMU);OK;5,1;5147
26/08/2026 23:49:23;2026-08-26T21:49:23.406Z;Courses de lévriers;OK;5,9;5916
27/08/2026 02:50:00;2026-08-27T00:50:00.264Z;Courses hippiques (PMU);OK;1,8;1784
27/08/2026 02:50:00;2026-08-27T00:50:00.264Z;Courses de lévriers;OK;1,3;1304
27/08/2026 08:01:44;2026-08-27T06:01:44.326Z;Courses hippiques (PMU);OK;1,9;1866
27/08/2026 08:01:44;2026-08-27T06:01:44.326Z;Courses de lévriers;OK;2,3;2334
27/08/2026 08:13:17;2026-08-27T06:13:17.368Z;Courses hippiques (PMU);OK;2,3;2260
27/08/2026 08:13:17;2026-08-27T06:13:17.368Z;Courses de lévriers;OK;1,7;1730
27/08/2026 08:25:12;2026-08-27T06:25:12.985Z;Courses hippiques (PMU);OK;2,0;2003
27/08/2026 08:25:12;2026-08-27T06:25:12.985Z;Courses de lévriers;OK;2,5;2469
27/08/2026 08:37:30;2026-08-27T06:37:30.243Z;Courses hippiques (PMU);OK;4,7;4703
27/08/2026 08:37:30;2026-08-27T06:37:30.243Z;Courses de lévriers;OK;5,7;5737
27/08/2026 08:49:32;2026-08-27T06:49:32.899Z;Courses hippiques (PMU);OK;5,7;5709
27/08/2026 08:49:32;2026-08-27T06:49:32.899Z;Courses de lévriers;OK;4,9;4931
27/08/2026 09:01:57;2026-08-27T07:01:57.829Z;Courses hippiques (PMU);OK;4,8;4835
27/08/2026 09:01:57;2026-08-27T07:01:57.829Z;Courses de lévriers;OK;4,5;4503
27/08/2026 09:13:27;2026-08-27T07:13:27.747Z;Courses hippiques (PMU);OK;5,9;5858
27/08/2026 09:13:27;2026-08-27T07:13:27.747Z;Courses de lévriers;OK;5,0;4972
27/08/2026 09:25:27;2026-08-27T07:25:27.711Z;Courses hippiques (PMU);OK;5,9;5885
27/08/2026 09:25:27;2026-08-27T07:25:27.711Z;Courses de lévriers;OK;5,3;5286
27/08/2026 09:37:20;2026-08-27T07:37:20.196Z;Courses hippiques (PMU);OK;4,6;4622
27/08/2026 09:37:20;2026-08-27T07:37:20.196Z;Courses de lévriers;OK;3,8;3767
27/08/2026 09:49:17;2026-08-27T07:49:17.517Z;Courses hippiques (PMU);OK;4,3;4344
27/08/2026 09:49:17;2026-08-27T07:49:17.517Z;Courses de lévriers;OK;3,7;3690
27/08/2026 10:02:05;2026-08-27T08:02:05.644Z;Courses hippiques (PMU);OK;4,1;4063
27/08/2026 10:02:05;2026-08-27T08:02:05.644Z;Courses de lévriers;ECHEC;2,4;2359
27/08/2026 10:13:19;2026-08-27T08:13:19.447Z;Courses hippiques (PMU);OK;4,9;4931
27/08/2026 10:13:19;2026-08-27T08:13:19.447Z;Courses de lévriers;OK;4,7;4688
27/08/2026 10:25:22;2026-08-27T08:25:22.203Z;Courses hippiques (PMU);OK;5,8;5751
27/08/2026 10:25:22;2026-08-27T08:25:22.203Z;Courses de lévriers;OK;4,7;4699
27/08/2026 10:37:26;2026-08-27T08:37:26.177Z;Courses hippiques (PMU);OK;4,8;4842
27/08/2026 10:37:26;2026-08-27T08:37:26.177Z;Courses de lévriers;OK;4,8;4758
27/08/2026 10:49:21;2026-08-27T08:49:21.932Z;Courses hippiques (PMU);ECHEC;5,3;5304
27/08/2026 10:49:21;2026-08-27T08:49:21.932Z;Courses de lévriers;OK;5,2;5165
27/08/2026 11:01:57;2026-08-27T09:01:57.753Z;Courses hippiques (PMU);OK;5,6;5557
27/08/2026 11:01:57;2026-08-27T09:01:57.753Z;Courses de lévriers;OK;5,6;5604
27/08/2026 11:13:23;2026-08-27T09:13:23.477Z;Courses hippiques (PMU);OK;6,1;6085
27/08/2026 11:13:23;2026-08-27T09:13:23.477Z;Courses de lévriers;OK;6,2;6168
27/08/2026 11:25:18;2026-08-27T09:25:18.789Z;Courses hippiques (PMU);OK;4,7;4719
27/08/2026 11:25:18;2026-08-27T09:25:18.789Z;Courses de lévriers;OK;4,7;4717
27/08/2026 11:37:21;2026-08-27T09:37:21.292Z;Courses hippiques (PMU);OK;4,9;4872
27/08/2026 11:37:21;2026-08-27T09:37:21.292Z;Courses de lévriers;OK;5,9;5883
27/08/2026 11:49:25;2026-08-27T09:49:25.338Z;Courses hippiques (PMU);OK;6,0;6023
27/08/2026 11:49:25;2026-08-27T09:49:25.338Z;Courses de lévriers;OK;5,0;4964
27/08/2026 12:02:22;2026-08-27T10:02:22.159Z;Courses hippiques (PMU);OK;5,7;5650
27/08/2026 12:02:22;2026-08-27T10:02:22.159Z;Courses de lévriers;OK;7,0;7019
27/08/2026 12:13:29;2026-08-27T10:13:29.046Z;Courses hippiques (PMU);OK;6,9;6941
27/08/2026 12:13:29;2026-08-27T10:13:29.046Z;Courses de lévriers;OK;7,4;7353
27/08/2026 12:25:23;2026-08-27T10:25:23.222Z;Courses hippiques (PMU);OK;6,2;6209
27/08/2026 12:25:23;2026-08-27T10:25:23.222Z;Courses de lévriers;OK;5,9;5889
27/08/2026 12:37:21;2026-08-27T10:37:21.478Z;Courses hippiques (PMU);OK;6,4;6371
27/08/2026 12:37:21;2026-08-27T10:37:21.478Z;Courses de lévriers;OK;5,1;5085
27/08/2026 12:49:24;2026-08-27T10:49:24.338Z;Courses hippiques (PMU);OK;5,5;5474
27/08/2026 12:49:24;2026-08-27T10:49:24.338Z;Courses de lévriers;OK;5,7;5653
27/08/2026 13:02:04;2026-08-27T11:02:04.738Z;Courses hippiques (PMU);OK;5,9;5935
27/08/2026 13:02:04;2026-08-27T11:02:04.738Z;Courses de lévriers;OK;7,5;7469
27/08/2026 13:13:46;2026-08-27T11:13:46.101Z;Courses hippiques (PMU);OK;5,7;5695
27/08/2026 13:13:46;2026-08-27T11:13:46.101Z;Courses de lévriers;OK;5,1;5087
27/08/2026 13:25:25;2026-08-27T11:25:25.997Z;Courses hippiques (PMU);OK;7,6;7555
27/08/2026 13:25:25;2026-08-27T11:25:25.997Z;Courses de lévriers;OK;7,0;6987
27/08/2026 13:37:35;2026-08-27T11:37:35.783Z;Courses hippiques (PMU);OK;5,6;5616
27/08/2026 13:37:35;2026-08-27T11:37:35.783Z;Courses de lévriers;OK;6,0;6013
27/08/2026 13:49:25;2026-08-27T11:49:25.102Z;Courses hippiques (PMU);OK;6,8;6752
27/08/2026 13:49:25;2026-08-27T11:49:25.102Z;Courses de lévriers;OK;5,4;5365
27/08/2026 14:02:04;2026-08-27T12:02:04.883Z;Courses hippiques (PMU);OK;5,6;5561
27/08/2026 14:02:04;2026-08-27T12:02:04.883Z;Courses de lévriers;OK;6,9;6857
27/08/2026 14:13:19;2026-08-27T12:13:19.328Z;Courses hippiques (PMU);OK;5,7;5671
27/08/2026 14:13:19;2026-08-27T12:13:19.328Z;Courses de lévriers;OK;4,8;4806
27/08/2026 14:25:24;2026-08-27T12:25:24.883Z;Courses hippiques (PMU);OK;5,1;5103
27/08/2026 14:25:24;2026-08-27T12:25:24.883Z;Courses de lévriers;OK;6,0;6037
27/08/2026 14:37:25;2026-08-27T12:37:25.516Z;Courses hippiques (PMU);OK;8,3;8332
27/08/2026 14:37:25;2026-08-27T12:37:25.516Z;Courses de lévriers;OK;6,4;6367
27/08/2026 14:49:44;2026-08-27T12:49:44.285Z;Courses hippiques (PMU);ECHEC;5,3;5266
27/08/2026 14:49:44;2026-08-27T12:49:44.285Z;Courses de lévriers;OK;7,0;6967
27/08/2026 15:01:55;2026-08-27T13:01:55.761Z;Courses hippiques (PMU);OK;5,4;5427
27/08/2026 15:01:55;2026-08-27T13:01:55.761Z;Courses de lévriers;OK;5,3;5335
27/08/2026 15:13:31;2026-08-27T13:13:31.472Z;Courses hippiques (PMU);OK;6,6;6607
27/08/2026 15:13:31;2026-08-27T13:13:31.472Z;Courses de lévriers;OK;6,4;6393
27/08/2026 15:25:21;2026-08-27T13:25:21.001Z;Courses hippiques (PMU);OK;5,8;5753
27/08/2026 15:25:21;2026-08-27T13:25:21.001Z;Courses de lévriers;OK;5,1;5078
27/08/2026 15:37:34;2026-08-27T13:37:34.695Z;Courses hippiques (PMU);OK;6,6;6576
27/08/2026 15:37:34;2026-08-27T13:37:34.695Z;Courses de lévriers;OK;5,3;5345
27/08/2026 15:49:28;2026-08-27T13:49:28.379Z;Courses hippiques (PMU);OK;5,1;5098
27/08/2026 15:49:28;2026-08-27T13:49:28.379Z;Courses de lévriers;OK;6,8;6804
27/08/2026 16:02:00;2026-08-27T14:02:00.553Z;Courses hippiques (PMU);ECHEC;4,9;4902
27/08/2026 16:02:00;2026-08-27T14:02:00.553Z;Courses de lévriers;OK;6,4;6383
27/08/2026 16:13:19;2026-08-27T14:13:19.710Z;Courses hippiques (PMU);OK;4,9;4864
27/08/2026 16:13:19;2026-08-27T14:13:19.710Z;Courses de lévriers;OK;4,8;4811
27/08/2026 16:16:18;2026-08-27T14:16:18.745Z;Courses hippiques (PMU);OK;6,1;6073
27/08/2026 16:16:18;2026-08-27T14:16:18.745Z;Courses de lévriers;OK;6,5;6538
27/08/2026 16:25:25;2026-08-27T14:25:25.359Z;Courses hippiques (PMU);OK;5,9;5937
27/08/2026 16:25:25;2026-08-27T14:25:25.359Z;Courses de lévriers;OK;5,1;5107
27/08/2026 16:37:36;2026-08-27T14:37:36.940Z;Courses hippiques (PMU);OK;7,3;7349
27/08/2026 16:37:36;2026-08-27T14:37:36.940Z;Courses de lévriers;OK;5,8;5836
27/08/2026 16:49:27;2026-08-27T14:49:27.467Z;Courses hippiques (PMU);OK;6,4;6402
27/08/2026 16:49:27;2026-08-27T14:49:27.467Z;Courses de lévriers;OK;6,9;6943
27/08/2026 17:02:00;2026-08-27T15:02:00.027Z;Courses hippiques (PMU);ECHEC;5,1;5102
27/08/2026 17:02:00;2026-08-27T15:02:00.027Z;Courses de lévriers;OK;5,1;5125
27/08/2026 17:13:34;2026-08-27T15:13:34.210Z;Courses hippiques (PMU);OK;4,9;4863
27/08/2026 17:13:34;2026-08-27T15:13:34.210Z;Courses de lévriers;OK;5,6;5563
27/08/2026 17:26:02;2026-08-27T15:26:02.356Z;Courses hippiques (PMU);OK;4,1;4075
27/08/2026 17:26:02;2026-08-27T15:26:02.356Z;Courses de lévriers;OK;4,9;4937
27/08/2026 17:37:23;2026-08-27T15:37:23.276Z;Courses hippiques (PMU);OK;6,0;5964
27/08/2026 17:37:23;2026-08-27T15:37:23.276Z;Courses de lévriers;OK;4,5;4523
27/08/2026 17:49:23;2026-08-27T15:49:23.112Z;Courses hippiques (PMU);OK;5,1;5095
27/08/2026 17:49:23;2026-08-27T15:49:23.112Z;Courses de lévriers;OK;4,8;4811
27/08/2026 18:02:02;2026-08-27T16:02:02.632Z;Courses hippiques (PMU);OK;5,0;4973
27/08/2026 18:02:02;2026-08-27T16:02:02.632Z;Courses de lévriers;OK;5,4;5411
27/08/2026 18:13:22;2026-08-27T16:13:22.160Z;Courses hippiques (PMU);OK;5,1;5061
27/08/2026 18:13:22;2026-08-27T16:13:22.160Z;Courses de lévriers;OK;5,5;5463
27/08/2026 18:25:30;2026-08-27T16:25:30.855Z;Courses hippiques (PMU);ECHEC;5,1;5068
27/08/2026 18:25:30;2026-08-27T16:25:30.855Z;Courses de lévriers;OK;5,9;5879
27/08/2026 18:37:51;2026-08-27T16:37:51.778Z;Courses hippiques (PMU);OK;5,4;5424
27/08/2026 18:37:51;2026-08-27T16:37:51.778Z;Courses de lévriers;OK;5,9;5939
27/08/2026 18:49:24;2026-08-27T16:49:24.929Z;Courses hippiques (PMU);OK;5,6;5588
27/08/2026 18:49:24;2026-08-27T16:49:24.929Z;Courses de lévriers;OK;4,9;4925
27/08/2026 19:01:51;2026-08-27T17:01:51.403Z;Courses hippiques (PMU);OK;5,8;5762
27/08/2026 19:01:51;2026-08-27T17:01:51.403Z;Courses de lévriers;OK;4,7;4715
27/08/2026 19:13:25;2026-08-27T17:13:25.671Z;Courses hippiques (PMU);OK;5,7;5657
27/08/2026 19:13:25;2026-08-27T17:13:25.671Z;Courses de lévriers;OK;6,0;5987
27/08/2026 19:25:27;2026-08-27T17:25:27.901Z;Courses hippiques (PMU);ECHEC;5,1;5127
27/08/2026 19:25:27;2026-08-27T17:25:27.901Z;Courses de lévriers;OK;4,8;4810
27/08/2026 19:37:23;2026-08-27T17:37:23.495Z;Courses hippiques (PMU);OK;6,3;6260
27/08/2026 19:37:23;2026-08-27T17:37:23.495Z;Courses de lévriers;OK;6,0;6040
27/08/2026 19:49:26;2026-08-27T17:49:26.340Z;Courses hippiques (PMU);OK;5,7;5740
27/08/2026 19:49:26;2026-08-27T17:49:26.340Z;Courses de lévriers;OK;6,2;6242
27/08/2026 20:01:58;2026-08-27T18:01:58.429Z;Courses hippiques (PMU);ECHEC;5,1;5094
27/08/2026 20:01:58;2026-08-27T18:01:58.429Z;Courses de lévriers;OK;6,8;6822
27/08/2026 20:13:29;2026-08-27T18:13:29.550Z;Courses hippiques (PMU);ECHEC;5,7;5676
27/08/2026 20:13:29;2026-08-27T18:13:29.550Z;Courses de lévriers;OK;6,1;6094
27/08/2026 20:25:30;2026-08-27T18:25:30.335Z;Courses hippiques (PMU);OK;5,5;5539
27/08/2026 20:25:30;2026-08-27T18:25:30.335Z;Courses de lévriers;OK;5,7;5746
27/08/2026 20:37:26;2026-08-27T18:37:26.822Z;Courses hippiques (PMU);OK;5,5;5497
27/08/2026 20:37:26;2026-08-27T18:37:26.822Z;Courses de lévriers;OK;6,2;6197
27/08/2026 20:49:40;2026-08-27T18:49:40.939Z;Courses hippiques (PMU);ECHEC;5,6;5574
27/08/2026 20:49:40;2026-08-27T18:49:40.939Z;Courses de lévriers;OK;6,2;6168
27/08/2026 21:01:58;2026-08-27T19:01:58.388Z;Courses hippiques (PMU);OK;5,3;5284
27/08/2026 21:01:58;2026-08-27T19:01:58.388Z;Courses de lévriers;OK;6,0;6000
27/08/2026 21:13:23;2026-08-27T19:13:23.378Z;Courses hippiques (PMU);OK;5,2;5175
27/08/2026 21:13:23;2026-08-27T19:13:23.378Z;Courses de lévriers;OK;5,5;5478
27/08/2026 21:25:25;2026-08-27T19:25:25.659Z;Courses hippiques (PMU);OK;4,9;4899
27/08/2026 21:25:25;2026-08-27T19:25:25.659Z;Courses de lévriers;OK;5,8;5844
27/08/2026 21:37:23;2026-08-27T19:37:23.478Z;Courses hippiques (PMU);OK;5,6;5569
27/08/2026 21:37:23;2026-08-27T19:37:23.478Z;Courses de lévriers;OK;5,5;5456
27/08/2026 21:49:40;2026-08-27T19:49:40.897Z;Courses hippiques (PMU);OK;6,8;6800
27/08/2026 21:49:40;2026-08-27T19:49:40.897Z;Courses de lévriers;OK;5,8;5848
27/08/2026 22:02:12;2026-08-27T20:02:12.858Z;Courses hippiques (PMU);OK;4,9;4896
27/08/2026 22:02:12;2026-08-27T20:02:12.858Z;Courses de lévriers;OK;6,0;6015
27/08/2026 22:13:28;2026-08-27T20:13:28.089Z;Courses hippiques (PMU);OK;6,1;6056
27/08/2026 22:13:28;2026-08-27T20:13:28.089Z;Courses de lévriers;OK;6,4;6367
27/08/2026 22:25:25;2026-08-27T20:25:25.957Z;Courses hippiques (PMU);OK;5,8;5775
27/08/2026 22:25:25;2026-08-27T20:25:25.957Z;Courses de lévriers;OK;4,6;4582
27/08/2026 22:37:28;2026-08-27T20:37:28.475Z;Courses hippiques (PMU);OK;4,7;4715
27/08/2026 22:37:28;2026-08-27T20:37:28.475Z;Courses de lévriers;OK;5,4;5438
27/08/2026 22:49:39;2026-08-27T20:49:39.944Z;Courses hippiques (PMU);OK;6,3;6290
27/08/2026 22:49:39;2026-08-27T20:49:39.944Z;Courses de lévriers;OK;5,2;5177
27/08/2026 23:01:55;2026-08-27T21:01:55.590Z;Courses hippiques (PMU);OK;5,0;5024
27/08/2026 23:01:55;2026-08-27T21:01:55.590Z;Courses de lévriers;OK;5,5;5502
27/08/2026 23:13:46;2026-08-27T21:13:46.391Z;Courses hippiques (PMU);OK;5,1;5146
27/08/2026 23:13:46;2026-08-27T21:13:46.391Z;Courses de lévriers;OK;5,8;5820
27/08/2026 23:25:30;2026-08-27T21:25:30.512Z;Courses hippiques (PMU);OK;5,1;5115
27/08/2026 23:25:30;2026-08-27T21:25:30.512Z;Courses de lévriers;OK;5,5;5512
27/08/2026 23:37:19;2026-08-27T21:37:19.458Z;Courses hippiques (PMU);OK;6,0;5968
27/08/2026 23:37:19;2026-08-27T21:37:19.458Z;Courses de lévriers;OK;5,4;5401
27/08/2026 23:49:26;2026-08-27T21:49:26.862Z;Courses hippiques (PMU);OK;5,3;5311
27/08/2026 23:49:26;2026-08-27T21:49:26.862Z;Courses de lévriers;OK;7,1;7108
28/08/2026 02:26:17;2026-08-28T00:26:17.724Z;Courses hippiques (PMU);OK;2,1;2126
28/08/2026 02:26:17;2026-08-28T00:26:17.724Z;Courses de lévriers;OK;1,7;1678
28/08/2026 08:01:42;2026-08-28T06:01:42.969Z;Courses hippiques (PMU);OK;1,8;1803
28/08/2026 08:01:42;2026-08-28T06:01:42.969Z;Courses de lévriers;OK;1,7;1738
28/08/2026 08:13:15;2026-08-28T06:13:15.880Z;Courses hippiques (PMU);OK;2,9;2949
28/08/2026 08:13:15;2026-08-28T06:13:15.880Z;Courses de lévriers;OK;1,4;1382
28/08/2026 08:25:18;2026-08-28T06:25:18.921Z;Courses hippiques (PMU);OK;2,6;2560
28/08/2026 08:25:18;2026-08-28T06:25:18.921Z;Courses de lévriers;OK;1,2;1245
28/08/2026 08:39:35;2026-08-28T06:39:35.931Z;Courses hippiques (PMU);OK;5,3;5344
28/08/2026 08:39:35;2026-08-28T06:39:35.931Z;Courses de lévriers;OK;5,2;5200
28/08/2026 08:49:20;2026-08-28T06:49:20.362Z;Courses hippiques (PMU);OK;5,1;5131
28/08/2026 08:49:20;2026-08-28T06:49:20.362Z;Courses de lévriers;OK;4,7;4730
28/08/2026 09:01:54;2026-08-28T07:01:54.959Z;Courses hippiques (PMU);OK;4,8;4772
28/08/2026 09:01:54;2026-08-28T07:01:54.959Z;Courses de lévriers;OK;4,5;4523
28/08/2026 09:13:20;2026-08-28T07:13:20.907Z;Courses hippiques (PMU);OK;5,0;4952
28/08/2026 09:13:20;2026-08-28T07:13:20.907Z;Courses de lévriers;OK;4,8;4846
28/08/2026 09:25:18;2026-08-28T07:25:18.859Z;Courses hippiques (PMU);OK;4,6;4566
28/08/2026 09:25:18;2026-08-28T07:25:18.859Z;Courses de lévriers;OK;3,7;3732
28/08/2026 09:37:25;2026-08-28T07:37:25.706Z;Courses hippiques (PMU);OK;5,9;5860
28/08/2026 09:37:25;2026-08-28T07:37:25.706Z;Courses de lévriers;OK;4,8;4776
28/08/2026 09:49:18;2026-08-28T07:49:18.234Z;Courses hippiques (PMU);OK;4,7;4661
28/08/2026 09:49:18;2026-08-28T07:49:18.234Z;Courses de lévriers;OK;4,5;4507
28/08/2026 10:01:54;2026-08-28T08:01:54.332Z;Courses hippiques (PMU);OK;5,5;5535
28/08/2026 10:01:54;2026-08-28T08:01:54.332Z;Courses de lévriers;OK;5,2;5154
28/08/2026 10:13:28;2026-08-28T08:13:28.518Z;Courses hippiques (PMU);OK;6,5;6538
28/08/2026 10:13:28;2026-08-28T08:13:28.518Z;Courses de lévriers;OK;4,7;4744
28/08/2026 10:25:18;2026-08-28T08:25:18.105Z;Courses hippiques (PMU);OK;4,8;4835
28/08/2026 10:25:18;2026-08-28T08:25:18.105Z;Courses de lévriers;OK;4,9;4903
28/08/2026 10:37:49;2026-08-28T08:37:49.221Z;Courses hippiques (PMU);OK;5,5;5510
28/08/2026 10:37:49;2026-08-28T08:37:49.221Z;Courses de lévriers;OK;5,7;5718
28/08/2026 10:49:19;2026-08-28T08:49:19.338Z;Courses hippiques (PMU);OK;4,7;4667
28/08/2026 10:49:19;2026-08-28T08:49:19.338Z;Courses de lévriers;OK;4,6;4622
28/08/2026 11:02:02;2026-08-28T09:02:02.376Z;Courses hippiques (PMU);OK;7,5;7534
28/08/2026 11:02:02;2026-08-28T09:02:02.376Z;Courses de lévriers;OK;5,1;5130
28/08/2026 11:13:27;2026-08-28T09:13:27.851Z;Courses hippiques (PMU);OK;3,9;3888
28/08/2026 11:13:27;2026-08-28T09:13:27.851Z;Courses de lévriers;OK;3,6;3559
28/08/2026 11:25:21;2026-08-28T09:25:21.816Z;Courses hippiques (PMU);OK;4,4;4395
28/08/2026 11:25:21;2026-08-28T09:25:21.816Z;Courses de lévriers;OK;5,7;5714
28/08/2026 11:37:18;2026-08-28T09:37:18.945Z;Courses hippiques (PMU);OK;5,2;5152
28/08/2026 11:37:18;2026-08-28T09:37:18.945Z;Courses de lévriers;OK;5,0;4967
28/08/2026 11:49:20;2026-08-28T09:49:20.125Z;Courses hippiques (PMU);OK;5,0;4950
28/08/2026 11:49:20;2026-08-28T09:49:20.125Z;Courses de lévriers;OK;4,7;4736
28/08/2026 12:01:53;2026-08-28T10:01:53.738Z;Courses hippiques (PMU);OK;5,1;5112
28/08/2026 12:01:53;2026-08-28T10:01:53.738Z;Courses de lévriers;OK;4,6;4640
28/08/2026 12:13:30;2026-08-28T10:13:30.367Z;Courses hippiques (PMU);OK;4,7;4700
28/08/2026 12:13:30;2026-08-28T10:13:30.367Z;Courses de lévriers;OK;5,3;5271
28/08/2026 12:25:21;2026-08-28T10:25:21.307Z;Courses hippiques (PMU);OK;5,0;5035
28/08/2026 12:25:21;2026-08-28T10:25:21.307Z;Courses de lévriers;OK;6,8;6762
28/08/2026 12:37:33;2026-08-28T10:37:33.720Z;Courses hippiques (PMU);OK;6,2;6236
28/08/2026 12:37:33;2026-08-28T10:37:33.720Z;Courses de lévriers;OK;6,1;6140
28/08/2026 12:49:17;2026-08-28T10:49:17.239Z;Courses hippiques (PMU);OK;5,6;5552
28/08/2026 12:49:17;2026-08-28T10:49:17.239Z;Courses de lévriers;OK;4,6;4602
28/08/2026 13:01:50;2026-08-28T11:01:50.308Z;Courses hippiques (PMU);OK;4,9;4877
28/08/2026 13:01:50;2026-08-28T11:01:50.308Z;Courses de lévriers;OK;5,9;5865
28/08/2026 13:13:40;2026-08-28T11:13:40.371Z;Courses hippiques (PMU);OK;5,3;5287
28/08/2026 13:13:40;2026-08-28T11:13:40.371Z;Courses de lévriers;OK;5,0;4994
28/08/2026 13:25:22;2026-08-28T11:25:22.332Z;Courses hippiques (PMU);OK;5,3;5302
28/08/2026 13:25:22;2026-08-28T11:25:22.332Z;Courses de lévriers;OK;5,1;5137
28/08/2026 13:37:18;2026-08-28T11:37:18.799Z;Courses hippiques (PMU);OK;4,1;4139
28/08/2026 13:37:18;2026-08-28T11:37:18.799Z;Courses de lévriers;OK;3,7;3736
28/08/2026 13:49:25;2026-08-28T11:49:25.887Z;Courses hippiques (PMU);OK;5,3;5339
28/08/2026 13:49:25;2026-08-28T11:49:25.887Z;Courses de lévriers;OK;6,1;6144
28/08/2026 14:01:54;2026-08-28T12:01:54.454Z;Courses hippiques (PMU);OK;4,6;4588
28/08/2026 14:01:54;2026-08-28T12:01:54.454Z;Courses de lévriers;OK;4,3;4299
28/08/2026 14:13:19;2026-08-28T12:13:19.326Z;Courses hippiques (PMU);OK;5,0;4993
28/08/2026 14:13:19;2026-08-28T12:13:19.326Z;Courses de lévriers;OK;4,4;4425
28/08/2026 14:25:26;2026-08-28T12:25:26.813Z;Courses hippiques (PMU);OK;6,0;6002
28/08/2026 14:25:26;2026-08-28T12:25:26.813Z;Courses de lévriers;OK;4,8;4831
28/08/2026 14:37:27;2026-08-28T12:37:27.447Z;Courses hippiques (PMU);OK;5,9;5870
28/08/2026 14:37:27;2026-08-28T12:37:27.447Z;Courses de lévriers;OK;5,6;5606
28/08/2026 14:49:30;2026-08-28T12:49:30.097Z;Courses hippiques (PMU);OK;5,2;5173
28/08/2026 14:49:30;2026-08-28T12:49:30.097Z;Courses de lévriers;OK;5,5;5515
28/08/2026 15:01:57;2026-08-28T13:01:57.200Z;Courses hippiques (PMU);OK;5,6;5557
28/08/2026 15:01:57;2026-08-28T13:01:57.200Z;Courses de lévriers;OK;7,3;7335
28/08/2026 15:13:20;2026-08-28T13:13:20.222Z;Courses hippiques (PMU);ECHEC;5,2;5165
28/08/2026 15:13:20;2026-08-28T13:13:20.222Z;Courses de lévriers;OK;6,0;5965
28/08/2026 15:25:22;2026-08-28T13:25:22.073Z;Courses hippiques (PMU);OK;5,7;5710
28/08/2026 15:25:22;2026-08-28T13:25:22.073Z;Courses de lévriers;OK;5,1;5135
28/08/2026 15:37:26;2026-08-28T13:37:26.684Z;Courses hippiques (PMU);OK;4,9;4940
28/08/2026 15:37:26;2026-08-28T13:37:26.684Z;Courses de lévriers;OK;5,5;5466
28/08/2026 15:49:19;2026-08-28T13:49:19.923Z;Courses hippiques (PMU);OK;4,9;4854
28/08/2026 15:49:19;2026-08-28T13:49:19.923Z;Courses de lévriers;OK;4,5;4470
28/08/2026 16:01:51;2026-08-28T14:01:51.449Z;Courses hippiques (PMU);OK;5,2;5191
28/08/2026 16:01:51;2026-08-28T14:01:51.449Z;Courses de lévriers;OK;4,5;4487
28/08/2026 16:13:48;2026-08-28T14:13:48.161Z;Courses hippiques (PMU);ECHEC;30,0;30002
28/08/2026 16:13:48;2026-08-28T14:13:48.161Z;Courses de lévriers;OK;6,3;6322
28/08/2026 16:25:28;2026-08-28T14:25:28.091Z;Courses hippiques (PMU);OK;5,4;5427
28/08/2026 16:25:28;2026-08-28T14:25:28.091Z;Courses de lévriers;OK;6,1;6087
28/08/2026 16:37:24;2026-08-28T14:37:24.666Z;Courses hippiques (PMU);ECHEC;5,2;5180
28/08/2026 16:37:24;2026-08-28T14:37:24.666Z;Courses de lévriers;OK;4,8;4785
28/08/2026 16:49:17;2026-08-28T14:49:17.668Z;Courses hippiques (PMU);OK;5,6;5628
28/08/2026 16:49:17;2026-08-28T14:49:17.668Z;Courses de lévriers;OK;4,8;4778
28/08/2026 17:02:15;2026-08-28T15:02:15.749Z;Courses hippiques (PMU);ECHEC;5,4;5362
28/08/2026 17:02:15;2026-08-28T15:02:15.749Z;Courses de lévriers;OK;6,8;6821
28/08/2026 17:13:21;2026-08-28T15:13:21.564Z;Courses hippiques (PMU);OK;5,4;5384
28/08/2026 17:13:21;2026-08-28T15:13:21.564Z;Courses de lévriers;OK;5,7;5665
28/08/2026 17:25:38;2026-08-28T15:25:38.584Z;Courses hippiques (PMU);OK;6,0;6031
28/08/2026 17:25:38;2026-08-28T15:25:38.584Z;Courses de lévriers;OK;5,8;5796
28/08/2026 17:37:22;2026-08-28T15:37:22.910Z;Courses hippiques (PMU);OK;5,1;5060
28/08/2026 17:37:22;2026-08-28T15:37:22.910Z;Courses de lévriers;OK;5,1;5051
28/08/2026 17:49:23;2026-08-28T15:49:23.146Z;Courses hippiques (PMU);OK;5,3;5263
28/08/2026 17:49:23;2026-08-28T15:49:23.146Z;Courses de lévriers;OK;5,6;5634
28/08/2026 18:01:53;2026-08-28T16:01:53.783Z;Courses hippiques (PMU);OK;5,3;5329
28/08/2026 18:01:53;2026-08-28T16:01:53.783Z;Courses de lévriers;OK;4,7;4731
28/08/2026 18:13:21;2026-08-28T16:13:21.690Z;Courses hippiques (PMU);OK;4,9;4884
28/08/2026 18:13:21;2026-08-28T16:13:21.690Z;Courses de lévriers;OK;5,7;5665
28/08/2026 18:25:24;2026-08-28T16:25:24.780Z;Courses hippiques (PMU);OK;6,3;6306
28/08/2026 18:25:24;2026-08-28T16:25:24.780Z;Courses de lévriers;OK;6,5;6542
28/08/2026 18:37:27;2026-08-28T16:37:27.061Z;Courses hippiques (PMU);OK;6,3;6292
28/08/2026 18:37:27;2026-08-28T16:37:27.061Z;Courses de lévriers;OK;6,9;6913
28/08/2026 18:49:38;2026-08-28T16:49:38.789Z;Courses hippiques (PMU);OK;4,8;4767
28/08/2026 18:49:38;2026-08-28T16:49:38.789Z;Courses de lévriers;OK;4,0;4045
28/08/2026 19:01:48;2026-08-28T17:01:48.809Z;Courses hippiques (PMU);OK;4,8;4830
28/08/2026 19:01:48;2026-08-28T17:01:48.809Z;Courses de lévriers;OK;5,3;5285
28/08/2026 19:13:47;2026-08-28T17:13:47.440Z;Courses hippiques (PMU);OK;5,9;5901
28/08/2026 19:13:47;2026-08-28T17:13:47.440Z;Courses de lévriers;OK;4,6;4590
28/08/2026 19:25:25;2026-08-28T17:25:25.520Z;Courses hippiques (PMU);OK;7,3;7266
28/08/2026 19:25:25;2026-08-28T17:25:25.520Z;Courses de lévriers;OK;6,3;6314
28/08/2026 19:37:20;2026-08-28T17:37:20.711Z;Courses hippiques (PMU);OK;4,9;4927
28/08/2026 19:37:20;2026-08-28T17:37:20.711Z;Courses de lévriers;OK;4,8;4850
28/08/2026 19:49:27;2026-08-28T17:49:27.190Z;Courses hippiques (PMU);OK;6,1;6076
28/08/2026 19:49:27;2026-08-28T17:49:27.190Z;Courses de lévriers;OK;7,0;6993
28/08/2026 20:02:00;2026-08-28T18:02:00.984Z;Courses hippiques (PMU);OK;5,7;5692
28/08/2026 20:02:00;2026-08-28T18:02:00.984Z;Courses de lévriers;OK;5,7;5653
28/08/2026 20:13:50;2026-08-28T18:13:50.949Z;Courses hippiques (PMU);OK;5,6;5597
28/08/2026 20:13:50;2026-08-28T18:13:50.949Z;Courses de lévriers;OK;4,6;4627
28/08/2026 20:25:24;2026-08-28T18:25:24.996Z;Courses hippiques (PMU);OK;5,7;5660
28/08/2026 20:25:24;2026-08-28T18:25:24.996Z;Courses de lévriers;OK;5,2;5229
28/08/2026 20:37:22;2026-08-28T18:37:22.680Z;Courses hippiques (PMU);OK;4,9;4888
28/08/2026 20:37:22;2026-08-28T18:37:22.680Z;Courses de lévriers;OK;5,5;5512
28/08/2026 20:49:21;2026-08-28T18:49:21.256Z;Courses hippiques (PMU);ECHEC;5,1;5126
28/08/2026 20:49:21;2026-08-28T18:49:21.256Z;Courses de lévriers;OK;5,9;5861
28/08/2026 21:01:51;2026-08-28T19:01:51.697Z;Courses hippiques (PMU);OK;5,1;5081
28/08/2026 21:01:51;2026-08-28T19:01:51.697Z;Courses de lévriers;OK;5,6;5558
28/08/2026 21:13:27;2026-08-28T19:13:27.571Z;Courses hippiques (PMU);OK;6,4;6353
28/08/2026 21:13:27;2026-08-28T19:13:27.571Z;Courses de lévriers;OK;5,9;5937
28/08/2026 21:25:20;2026-08-28T19:25:20.810Z;Courses hippiques (PMU);OK;5,0;4955
28/08/2026 21:25:20;2026-08-28T19:25:20.810Z;Courses de lévriers;OK;5,3;5301
28/08/2026 21:37:24;2026-08-28T19:37:24.856Z;Courses hippiques (PMU);OK;5,1;5081
28/08/2026 21:37:24;2026-08-28T19:37:24.856Z;Courses de lévriers;OK;5,5;5495
28/08/2026 21:49:32;2026-08-28T19:49:32.527Z;Courses hippiques (PMU);OK;4,8;4803
28/08/2026 21:49:32;2026-08-28T19:49:32.527Z;Courses de lévriers;OK;5,2;5204
28/08/2026 22:01:47;2026-08-28T20:01:47.505Z;Courses hippiques (PMU);OK;5,7;5741
28/08/2026 22:01:47;2026-08-28T20:01:47.505Z;Courses de lévriers;OK;4,4;4393
28/08/2026 22:13:21;2026-08-28T20:13:21.705Z;Courses hippiques (PMU);OK;5,0;5008
28/08/2026 22:13:21;2026-08-28T20:13:21.705Z;Courses de lévriers;OK;4,5;4504
28/08/2026 22:25:24;2026-08-28T20:25:24.808Z;Courses hippiques (PMU);OK;5,7;5706
28/08/2026 22:25:24;2026-08-28T20:25:24.808Z;Courses de lévriers;OK;5,0;4964
28/08/2026 22:37:23;2026-08-28T20:37:23.672Z;Courses hippiques (PMU);OK;5,3;5336
28/08/2026 22:37:23;2026-08-28T20:37:23.672Z;Courses de lévriers;OK;5,0;4969
28/08/2026 22:49:19;2026-08-28T20:49:19.819Z;Courses hippiques (PMU);OK;5,7;5652
28/08/2026 22:49:19;2026-08-28T20:49:19.819Z;Courses de lévriers;OK;5,1;5113
28/08/2026 23:02:02;2026-08-28T21:02:02.758Z;Courses hippiques (PMU);OK;4,6;4644
28/08/2026 23:02:02;2026-08-28T21:02:02.758Z;Courses de lévriers;OK;4,8;4763
28/08/2026 23:13:21;2026-08-28T21:13:21.030Z;Courses hippiques (PMU);OK;4,4;4354
28/08/2026 23:13:21;2026-08-28T21:13:21.030Z;Courses de lévriers;OK;5,5;5494
28/08/2026 23:25:16;2026-08-28T21:25:16.636Z;Courses hippiques (PMU);OK;5,1;5051
28/08/2026 23:25:16;2026-08-28T21:25:16.636Z;Courses de lévriers;OK;4,4;4354
28/08/2026 23:37:25;2026-08-28T21:37:25.370Z;Courses hippiques (PMU);OK;4,4;4421
28/08/2026 23:37:25;2026-08-28T21:37:25.370Z;Courses de lévriers;OK;5,7;5692
28/08/2026 23:49:42;2026-08-28T21:49:42.042Z;Courses hippiques (PMU);OK;5,3;5286
28/08/2026 23:49:42;2026-08-28T21:49:42.042Z;Courses de lévriers;OK;6,0;6000
29/08/2026 03:46:27;2026-08-29T01:46:27.158Z;Courses hippiques (PMU);OK;2,0;1986
29/08/2026 03:46:27;2026-08-29T01:46:27.158Z;Courses de lévriers;OK;1,6;1615
29/08/2026 08:01:45;2026-08-29T06:01:45.226Z;Courses hippiques (PMU);OK;2,7;2680
29/08/2026 08:01:45;2026-08-29T06:01:45.226Z;Courses de lévriers;OK;1,9;1851
29/08/2026 08:13:14;2026-08-29T06:13:14.304Z;Courses hippiques (PMU);OK;2,3;2260
29/08/2026 08:13:14;2026-08-29T06:13:14.304Z;Courses de lévriers;OK;1,6;1611
29/08/2026 08:25:20;2026-08-29T06:25:20.951Z;Courses hippiques (PMU);OK;2,2;2233
29/08/2026 08:25:20;2026-08-29T06:25:20.951Z;Courses de lévriers;OK;1,4;1366
29/08/2026 08:37:23;2026-08-29T06:37:23.195Z;Courses hippiques (PMU);OK;5,8;5795
29/08/2026 08:37:23;2026-08-29T06:37:23.195Z;Courses de lévriers;OK;6,2;6228
29/08/2026 08:49:43;2026-08-29T06:49:43.880Z;Courses hippiques (PMU);OK;4,0;4008
29/08/2026 08:49:43;2026-08-29T06:49:43.880Z;Courses de lévriers;OK;3,6;3643
29/08/2026 09:01:49;2026-08-29T07:01:49.051Z;Courses hippiques (PMU);OK;5,1;5067
29/08/2026 09:01:49;2026-08-29T07:01:49.051Z;Courses de lévriers;OK;4,5;4469
29/08/2026 09:13:22;2026-08-29T07:13:22.972Z;Courses hippiques (PMU);ECHEC;5,3;5289
29/08/2026 09:13:22;2026-08-29T07:13:22.972Z;Courses de lévriers;OK;5,2;5221
29/08/2026 09:25:16;2026-08-29T07:25:16.000Z;Courses hippiques (PMU);OK;5,0;4965
29/08/2026 09:25:16;2026-08-29T07:25:16.000Z;Courses de lévriers;OK;4,4;4427
29/08/2026 09:37:17;2026-08-29T07:37:17.027Z;Courses hippiques (PMU);OK;5,3;5254
29/08/2026 09:37:17;2026-08-29T07:37:17.027Z;Courses de lévriers;OK;5,5;5508
29/08/2026 09:49:20;2026-08-29T07:49:20.969Z;Courses hippiques (PMU);OK;4,6;4583
29/08/2026 09:49:20;2026-08-29T07:49:20.969Z;Courses de lévriers;OK;4,0;3994
29/08/2026 10:01:43;2026-08-29T08:01:43.552Z;Courses hippiques (PMU);OK;5,1;5125
29/08/2026 10:01:43;2026-08-29T08:01:43.552Z;Courses de lévriers;OK;4,6;4579
29/08/2026 10:13:23;2026-08-29T08:13:23.772Z;Courses hippiques (PMU);OK;5,2;5167
29/08/2026 10:13:23;2026-08-29T08:13:23.772Z;Courses de lévriers;OK;4,8;4759
29/08/2026 10:25:27;2026-08-29T08:25:27.903Z;Courses hippiques (PMU);OK;4,8;4802
29/08/2026 10:25:27;2026-08-29T08:25:27.903Z;Courses de lévriers;OK;4,6;4578
29/08/2026 10:37:19;2026-08-29T08:37:19.864Z;Courses hippiques (PMU);OK;5,1;5080
29/08/2026 10:37:19;2026-08-29T08:37:19.864Z;Courses de lévriers;OK;4,7;4747
29/08/2026 10:49:33;2026-08-29T08:49:33.459Z;Courses hippiques (PMU);OK;5,5;5550
29/08/2026 10:49:33;2026-08-29T08:49:33.459Z;Courses de lévriers;OK;4,7;4672
29/08/2026 11:01:58;2026-08-29T09:01:58.032Z;Courses hippiques (PMU);ECHEC;8,6;8602
29/08/2026 11:01:58;2026-08-29T09:01:58.032Z;Courses de lévriers;OK;6,5;6460
29/08/2026 11:13:22;2026-08-29T09:13:22.131Z;Courses hippiques (PMU);OK;7,1;7058
29/08/2026 11:13:22;2026-08-29T09:13:22.131Z;Courses de lévriers;OK;5,2;5247
29/08/2026 11:25:20;2026-08-29T09:25:20.264Z;Courses hippiques (PMU);OK;5,9;5895
29/08/2026 11:25:20;2026-08-29T09:25:20.264Z;Courses de lévriers;OK;4,3;4343
29/08/2026 11:37:19;2026-08-29T09:37:19.603Z;Courses hippiques (PMU);OK;5,1;5136
29/08/2026 11:37:19;2026-08-29T09:37:19.603Z;Courses de lévriers;OK;5,0;5041
29/08/2026 11:49:20;2026-08-29T09:49:20.200Z;Courses hippiques (PMU);OK;5,9;5917
29/08/2026 11:49:20;2026-08-29T09:49:20.200Z;Courses de lévriers;OK;5,5;5495
29/08/2026 12:01:48;2026-08-29T10:01:48.763Z;Courses hippiques (PMU);OK;4,9;4944
29/08/2026 12:01:48;2026-08-29T10:01:48.763Z;Courses de lévriers;OK;4,7;4700
29/08/2026 12:08:54;2026-08-29T10:08:54.302Z;Courses hippiques (PMU);OK;5,2;5235
29/08/2026 12:08:54;2026-08-29T10:08:54.302Z;Courses de lévriers;OK;4,4;4406
29/08/2026 12:13:17;2026-08-29T10:13:17.759Z;Courses hippiques (PMU);OK;5,6;5633
29/08/2026 12:13:17;2026-08-29T10:13:17.759Z;Courses de lévriers;OK;5,4;5367
29/08/2026 12:25:22;2026-08-29T10:25:22.359Z;Courses hippiques (PMU);OK;5,5;5527
29/08/2026 12:25:22;2026-08-29T10:25:22.359Z;Courses de lévriers;OK;5,2;5215
29/08/2026 12:37:30;2026-08-29T10:37:30.757Z;Courses hippiques (PMU);OK;6,2;6150
29/08/2026 12:37:30;2026-08-29T10:37:30.757Z;Courses de lévriers;OK;5,5;5506
29/08/2026 12:49:16;2026-08-29T10:49:16.196Z;Courses hippiques (PMU);OK;4,6;4645
29/08/2026 12:49:16;2026-08-29T10:49:16.196Z;Courses de lévriers;OK;4,3;4262
29/08/2026 13:01:51;2026-08-29T11:01:51.154Z;Courses hippiques (PMU);OK;6,6;6642
29/08/2026 13:01:51;2026-08-29T11:01:51.154Z;Courses de lévriers;OK;6,2;6175
29/08/2026 13:13:17;2026-08-29T11:13:17.329Z;Courses hippiques (PMU);OK;5,2;5213
29/08/2026 13:13:17;2026-08-29T11:13:17.329Z;Courses de lévriers;OK;4,6;4629
29/08/2026 13:25:29;2026-08-29T11:25:29.011Z;Courses hippiques (PMU);OK;5,7;5708
29/08/2026 13:25:29;2026-08-29T11:25:29.011Z;Courses de lévriers;OK;5,3;5281
29/08/2026 13:37:18;2026-08-29T11:37:18.317Z;Courses hippiques (PMU);OK;4,6;4628
29/08/2026 13:37:18;2026-08-29T11:37:18.317Z;Courses de lévriers;OK;3,6;3622
29/08/2026 13:49:22;2026-08-29T11:49:22.381Z;Courses hippiques (PMU);OK;5,6;5580
29/08/2026 13:49:22;2026-08-29T11:49:22.381Z;Courses de lévriers;OK;5,6;5617
29/08/2026 14:01:51;2026-08-29T12:01:51.195Z;Courses hippiques (PMU);OK;5,0;5046
29/08/2026 14:01:51;2026-08-29T12:01:51.195Z;Courses de lévriers;OK;4,5;4540
29/08/2026 14:13:17;2026-08-29T12:13:17.094Z;Courses hippiques (PMU);OK;4,7;4718
29/08/2026 14:13:17;2026-08-29T12:13:17.094Z;Courses de lévriers;OK;4,4;4385
29/08/2026 14:25:24;2026-08-29T12:25:24.849Z;Courses hippiques (PMU);OK;6,2;6229
29/08/2026 14:25:24;2026-08-29T12:25:24.849Z;Courses de lévriers;OK;4,6;4559
29/08/2026 14:37:30;2026-08-29T12:37:30.164Z;Courses hippiques (PMU);OK;5,7;5716
29/08/2026 14:37:30;2026-08-29T12:37:30.164Z;Courses de lévriers;OK;4,6;4615
29/08/2026 14:49:20;2026-08-29T12:49:20.639Z;Courses hippiques (PMU);OK;5,9;5878
29/08/2026 14:49:20;2026-08-29T12:49:20.639Z;Courses de lévriers;OK;4,8;4781
29/08/2026 15:01:55;2026-08-29T13:01:55.296Z;Courses hippiques (PMU);OK;5,5;5543
29/08/2026 15:01:55;2026-08-29T13:01:55.296Z;Courses de lévriers;OK;5,2;5195
29/08/2026 15:13:18;2026-08-29T13:13:18.891Z;Courses hippiques (PMU);ECHEC;4,8;4824
29/08/2026 15:13:18;2026-08-29T13:13:18.891Z;Courses de lévriers;OK;4,5;4523
29/08/2026 15:25:20;2026-08-29T13:25:20.390Z;Courses hippiques (PMU);OK;4,9;4856
29/08/2026 15:25:20;2026-08-29T13:25:20.390Z;Courses de lévriers;OK;5,5;5500
29/08/2026 15:37:25;2026-08-29T13:37:25.774Z;Courses hippiques (PMU);OK;6,3;6270
29/08/2026 15:37:25;2026-08-29T13:37:25.774Z;Courses de lévriers;OK;7,1;7092
29/08/2026 15:49:39;2026-08-29T13:49:39.022Z;Courses hippiques (PMU);OK;5,8;5840
29/08/2026 15:49:39;2026-08-29T13:49:39.022Z;Courses de lévriers;OK;5,3;5266
29/08/2026 16:01:58;2026-08-29T14:01:58.699Z;Courses hippiques (PMU);OK;4,9;4915
29/08/2026 16:01:58;2026-08-29T14:01:58.699Z;Courses de lévriers;OK;4,5;4450
29/08/2026 16:13:25;2026-08-29T14:13:25.183Z;Courses hippiques (PMU);OK;4,6;4595
29/08/2026 16:13:25;2026-08-29T14:13:25.183Z;Courses de lévriers;OK;5,8;5815
29/08/2026 16:25:22;2026-08-29T14:25:22.513Z;Courses hippiques (PMU);OK;5,3;5286
29/08/2026 16:25:22;2026-08-29T14:25:22.513Z;Courses de lévriers;OK;4,7;4696
29/08/2026 16:37:46;2026-08-29T14:37:46.609Z;Courses hippiques (PMU);OK;6,0;6050
29/08/2026 16:37:46;2026-08-29T14:37:46.609Z;Courses de lévriers;OK;4,5;4497
29/08/2026 16:49:23;2026-08-29T14:49:23.835Z;Courses hippiques (PMU);OK;4,9;4906
29/08/2026 16:49:23;2026-08-29T14:49:23.835Z;Courses de lévriers;OK;4,5;4464
29/08/2026 17:01:52;2026-08-29T15:01:52.584Z;Courses hippiques (PMU);OK;6,0;6004
29/08/2026 17:01:52;2026-08-29T15:01:52.584Z;Courses de lévriers;OK;6,9;6862
29/08/2026 17:13:32;2026-08-29T15:13:32.589Z;Courses hippiques (PMU);ECHEC;8,2;8190
29/08/2026 17:13:32;2026-08-29T15:13:32.589Z;Courses de lévriers;OK;4,4;4363
29/08/2026 17:25:32;2026-08-29T15:25:32.895Z;Courses hippiques (PMU);OK;8,0;7993
29/08/2026 17:25:32;2026-08-29T15:25:32.895Z;Courses de lévriers;OK;5,0;4978
29/08/2026 17:37:20;2026-08-29T15:37:20.921Z;Courses hippiques (PMU);OK;5,9;5888
29/08/2026 17:37:20;2026-08-29T15:37:20.921Z;Courses de lévriers;OK;4,7;4720
29/08/2026 17:49:47;2026-08-29T15:49:47.595Z;Courses hippiques (PMU);OK;6,1;6085
29/08/2026 17:49:47;2026-08-29T15:49:47.595Z;Courses de lévriers;OK;4,5;4503
29/08/2026 18:01:51;2026-08-29T16:01:51.655Z;Courses hippiques (PMU);OK;5,9;5888
29/08/2026 18:01:51;2026-08-29T16:01:51.655Z;Courses de lévriers;OK;4,4;4378
29/08/2026 18:13:18;2026-08-29T16:13:18.423Z;Courses hippiques (PMU);OK;4,8;4849
29/08/2026 18:13:18;2026-08-29T16:13:18.423Z;Courses de lévriers;OK;4,6;4554
29/08/2026 18:25:20;2026-08-29T16:25:20.758Z;Courses hippiques (PMU);OK;4,8;4837
29/08/2026 18:25:20;2026-08-29T16:25:20.758Z;Courses de lévriers;OK;4,7;4730
29/08/2026 18:37:19;2026-08-29T16:37:19.899Z;Courses hippiques (PMU);OK;5,2;5249
29/08/2026 18:37:19;2026-08-29T16:37:19.899Z;Courses de lévriers;OK;3,7;3712
29/08/2026 18:45:38;2026-08-29T16:45:38.603Z;Courses hippiques (PMU);ECHEC;5,0;5038
29/08/2026 18:45:38;2026-08-29T16:45:38.603Z;Courses de lévriers;OK;5,9;5880
29/08/2026 18:49:25;2026-08-29T16:49:25.382Z;Courses hippiques (PMU);OK;7,4;7375
29/08/2026 18:49:25;2026-08-29T16:49:25.382Z;Courses de lévriers;OK;5,0;5042
29/08/2026 19:01:47;2026-08-29T17:01:47.545Z;Courses hippiques (PMU);OK;4,9;4913
29/08/2026 19:01:47;2026-08-29T17:01:47.545Z;Courses de lévriers;OK;4,3;4325
29/08/2026 19:13:26;2026-08-29T17:13:26.980Z;Courses hippiques (PMU);ECHEC;5,5;5547
29/08/2026 19:13:26;2026-08-29T17:13:26.980Z;Courses de lévriers;OK;5,4;5361
29/08/2026 19:25:25;2026-08-29T17:25:25.628Z;Courses hippiques (PMU);OK;5,1;5120
29/08/2026 19:25:25;2026-08-29T17:25:25.628Z;Courses de lévriers;OK;5,0;4985
29/08/2026 19:37:18;2026-08-29T17:37:18.556Z;Courses hippiques (PMU);OK;5,1;5091
29/08/2026 19:37:18;2026-08-29T17:37:18.556Z;Courses de lévriers;OK;4,6;4626
29/08/2026 19:49:27;2026-08-29T17:49:27.180Z;Courses hippiques (PMU);OK;4,8;4751
29/08/2026 19:49:27;2026-08-29T17:49:27.180Z;Courses de lévriers;OK;5,5;5458
29/08/2026 20:01:54;2026-08-29T18:01:54.167Z;Courses hippiques (PMU);OK;5,7;5684
29/08/2026 20:01:54;2026-08-29T18:01:54.167Z;Courses de lévriers;OK;5,3;5317
29/08/2026 20:13:27;2026-08-29T18:13:27.545Z;Courses hippiques (PMU);OK;5,8;5791
29/08/2026 20:13:27;2026-08-29T18:13:27.545Z;Courses de lévriers;OK;5,3;5324
29/08/2026 20:25:32;2026-08-29T18:25:32.103Z;Courses hippiques (PMU);OK;5,4;5434
29/08/2026 20:25:32;2026-08-29T18:25:32.103Z;Courses de lévriers;OK;6,4;6414
29/08/2026 20:37:27;2026-08-29T18:37:27.249Z;Courses hippiques (PMU);OK;6,9;6853
29/08/2026 20:37:27;2026-08-29T18:37:27.249Z;Courses de lévriers;OK;5,0;4981
29/08/2026 20:49:21;2026-08-29T18:49:21.772Z;Courses hippiques (PMU);OK;5,7;5731
29/08/2026 20:49:21;2026-08-29T18:49:21.772Z;Courses de lévriers;OK;5,0;4987
29/08/2026 21:01:50;2026-08-29T19:01:50.577Z;Courses hippiques (PMU);OK;5,0;5010
29/08/2026 21:01:50;2026-08-29T19:01:50.577Z;Courses de lévriers;OK;4,5;4527
29/08/2026 21:13:38;2026-08-29T19:13:38.715Z;Courses hippiques (PMU);OK;5,8;5755
29/08/2026 21:13:38;2026-08-29T19:13:38.715Z;Courses de lévriers;OK;3,9;3905
29/08/2026 21:25:19;2026-08-29T19:25:19.613Z;Courses hippiques (PMU);OK;4,4;4421
29/08/2026 21:25:19;2026-08-29T19:25:19.613Z;Courses de lévriers;OK;4,5;4480
29/08/2026 21:37:28;2026-08-29T19:37:28.486Z;Courses hippiques (PMU);OK;5,3;5264
29/08/2026 21:37:28;2026-08-29T19:37:28.486Z;Courses de lévriers;OK;4,6;4643
29/08/2026 21:49:26;2026-08-29T19:49:26.305Z;Courses hippiques (PMU);OK;5,6;5647
29/08/2026 21:49:26;2026-08-29T19:49:26.305Z;Courses de lévriers;OK;6,4;6415
29/08/2026 22:01:46;2026-08-29T20:01:46.813Z;Courses hippiques (PMU);OK;4,7;4740
29/08/2026 22:01:46;2026-08-29T20:01:46.813Z;Courses de lévriers;OK;4,3;4308
29/08/2026 22:13:33;2026-08-29T20:13:33.879Z;Courses hippiques (PMU);OK;5,3;5309
29/08/2026 22:13:33;2026-08-29T20:13:33.879Z;Courses de lévriers;OK;5,1;5138
29/08/2026 22:25:21;2026-08-29T20:25:21.194Z;Courses hippiques (PMU);OK;5,2;5190
29/08/2026 22:25:21;2026-08-29T20:25:21.194Z;Courses de lévriers;OK;5,8;5775
29/08/2026 22:37:25;2026-08-29T20:37:25.926Z;Courses hippiques (PMU);OK;5,3;5303
29/08/2026 22:37:25;2026-08-29T20:37:25.926Z;Courses de lévriers;OK;4,7;4694
29/08/2026 22:49:25;2026-08-29T20:49:25.404Z;Courses hippiques (PMU);OK;5,8;5841
29/08/2026 22:49:25;2026-08-29T20:49:25.404Z;Courses de lévriers;OK;4,8;4779
29/08/2026 22:58:02;2026-08-29T20:58:02.926Z;Courses hippiques (PMU);OK;4,7;4691
29/08/2026 22:58:02;2026-08-29T20:58:02.926Z;Courses de lévriers;OK;4,5;4529
29/08/2026 23:01:47;2026-08-29T21:01:47.035Z;Courses hippiques (PMU);OK;5,1;5143
29/08/2026 23:01:47;2026-08-29T21:01:47.035Z;Courses de lévriers;OK;4,0;3973
29/08/2026 23:13:20;2026-08-29T21:13:20.514Z;Courses hippiques (PMU);OK;5,1;5097
29/08/2026 23:13:20;2026-08-29T21:13:20.514Z;Courses de lévriers;OK;4,9;4869
29/08/2026 23:25:28;2026-08-29T21:25:28.029Z;Courses hippiques (PMU);OK;5,3;5296
29/08/2026 23:25:28;2026-08-29T21:25:28.029Z;Courses de lévriers;OK;14,7;14719
29/08/2026 23:37:16;2026-08-29T21:37:16.253Z;Courses hippiques (PMU);OK;5,0;4971
29/08/2026 23:37:16;2026-08-29T21:37:16.253Z;Courses de lévriers;OK;4,7;4686
29/08/2026 23:49:25;2026-08-29T21:49:25.314Z;Courses hippiques (PMU);OK;7,8;7844
29/08/2026 23:49:25;2026-08-29T21:49:25.314Z;Courses de lévriers;OK;4,8;4773
30/08/2026 01:22:50;2026-08-29T23:22:50.208Z;Courses hippiques (PMU);OK;2,4;2445
30/08/2026 01:22:50;2026-08-29T23:22:50.208Z;Courses de lévriers;OK;1,6;1612
30/08/2026 07:28:10;2026-08-30T05:28:10.479Z;Courses hippiques (PMU);OK;2,0;2011
30/08/2026 07:28:10;2026-08-30T05:28:10.479Z;Courses de lévriers;OK;1,3;1273
30/08/2026 08:01:41;2026-08-30T06:01:41.853Z;Courses hippiques (PMU);OK;1,9;1905
30/08/2026 08:01:41;2026-08-30T06:01:41.853Z;Courses de lévriers;OK;1,3;1290
30/08/2026 08:13:16;2026-08-30T06:13:16.585Z;Courses hippiques (PMU);OK;2,8;2777
30/08/2026 08:13:16;2026-08-30T06:13:16.585Z;Courses de lévriers;OK;1,6;1565
30/08/2026 08:25:22;2026-08-30T06:25:22.826Z;Courses hippiques (PMU);OK;2,5;2482
30/08/2026 08:25:22;2026-08-30T06:25:22.826Z;Courses de lévriers;OK;1,7;1713
30/08/2026 08:37:17;2026-08-30T06:37:17.050Z;Courses hippiques (PMU);OK;4,0;3985
30/08/2026 08:37:17;2026-08-30T06:37:17.050Z;Courses de lévriers;OK;4,6;4604
30/08/2026 08:49:16;2026-08-30T06:49:16.116Z;Courses hippiques (PMU);OK;3,3;3264
30/08/2026 08:49:16;2026-08-30T06:49:16.116Z;Courses de lévriers;OK;3,9;3879
30/08/2026 09:01:59;2026-08-30T07:01:59.062Z;Courses hippiques (PMU);OK;4,3;4252
30/08/2026 09:01:59;2026-08-30T07:01:59.062Z;Courses de lévriers;OK;3,4;3359
30/08/2026 09:13:20;2026-08-30T07:13:20.988Z;Courses hippiques (PMU);ECHEC;5,1;5071
30/08/2026 09:13:20;2026-08-30T07:13:20.988Z;Courses de lévriers;OK;4,5;4463
30/08/2026 09:25:18;2026-08-30T07:25:18.961Z;Courses hippiques (PMU);OK;5,6;5572
30/08/2026 09:25:18;2026-08-30T07:25:18.961Z;Courses de lévriers;OK;4,4;4372
30/08/2026 09:37:19;2026-08-30T07:37:19.313Z;Courses hippiques (PMU);ECHEC;4,2;4178
30/08/2026 09:37:19;2026-08-30T07:37:19.313Z;Courses de lévriers;OK;4,7;4713
30/08/2026 09:49:28;2026-08-30T07:49:28.072Z;Courses hippiques (PMU);OK;4,9;4878
30/08/2026 09:49:28;2026-08-30T07:49:28.072Z;Courses de lévriers;OK;4,9;4895
30/08/2026 10:01:49;2026-08-30T08:01:49.451Z;Courses hippiques (PMU);OK;4,7;4725
30/08/2026 10:01:49;2026-08-30T08:01:49.451Z;Courses de lévriers;OK;3,6;3630
30/08/2026 10:13:25;2026-08-30T08:13:25.832Z;Courses hippiques (PMU);OK;8,3;8318
30/08/2026 10:13:25;2026-08-30T08:13:25.832Z;Courses de lévriers;OK;5,9;5899
30/08/2026 10:25:21;2026-08-30T08:25:21.434Z;Courses hippiques (PMU);OK;4,3;4277
30/08/2026 10:25:21;2026-08-30T08:25:21.434Z;Courses de lévriers;OK;4,8;4787
30/08/2026 10:37:20;2026-08-30T08:37:20.988Z;Courses hippiques (PMU);OK;5,2;5150
30/08/2026 10:37:20;2026-08-30T08:37:20.988Z;Courses de lévriers;OK;4,7;4663
30/08/2026 10:49:30;2026-08-30T08:49:30.467Z;Courses hippiques (PMU);OK;4,0;3999
30/08/2026 10:49:30;2026-08-30T08:49:30.467Z;Courses de lévriers;OK;5,7;5663
30/08/2026 11:01:53;2026-08-30T09:01:53.420Z;Courses hippiques (PMU);OK;4,9;4914
30/08/2026 11:01:53;2026-08-30T09:01:53.420Z;Courses de lévriers;OK;4,7;4681
30/08/2026 11:13:17;2026-08-30T09:13:17.153Z;Courses hippiques (PMU);OK;3,8;3831
30/08/2026 11:13:17;2026-08-30T09:13:17.153Z;Courses de lévriers;OK;3,1;3074
30/08/2026 11:25:22;2026-08-30T09:25:22.139Z;Courses hippiques (PMU);OK;5,3;5293
30/08/2026 11:25:22;2026-08-30T09:25:22.139Z;Courses de lévriers;OK;5,0;4998
30/08/2026 11:37:21;2026-08-30T09:37:21.722Z;Courses hippiques (PMU);OK;5,8;5833
30/08/2026 11:37:21;2026-08-30T09:37:21.722Z;Courses de lévriers;OK;4,7;4666
30/08/2026 11:49:25;2026-08-30T09:49:25.091Z;Courses hippiques (PMU);OK;5,1;5053
30/08/2026 11:49:25;2026-08-30T09:49:25.091Z;Courses de lévriers;OK;4,7;4705
30/08/2026 12:01:52;2026-08-30T10:01:52.038Z;Courses hippiques (PMU);ECHEC;4,3;4279
30/08/2026 12:01:52;2026-08-30T10:01:52.038Z;Courses de lévriers;OK;4,7;4721
30/08/2026 12:13:28;2026-08-30T10:13:28.142Z;Courses hippiques (PMU);OK;5,0;5031
30/08/2026 12:13:28;2026-08-30T10:13:28.142Z;Courses de lévriers;OK;5,9;5899
30/08/2026 12:25:18;2026-08-30T10:25:18.735Z;Courses hippiques (PMU);OK;4,0;3951
30/08/2026 12:25:18;2026-08-30T10:25:18.735Z;Courses de lévriers;OK;4,6;4645
30/08/2026 12:37:19;2026-08-30T10:37:19.777Z;Courses hippiques (PMU);OK;4,9;4880
30/08/2026 12:37:19;2026-08-30T10:37:19.777Z;Courses de lévriers;OK;4,7;4669
30/08/2026 12:49:21;2026-08-30T10:49:21.552Z;Courses hippiques (PMU);OK;5,3;5278
30/08/2026 12:49:21;2026-08-30T10:49:21.552Z;Courses de lévriers;OK;4,7;4699
30/08/2026 13:01:47;2026-08-30T11:01:47.895Z;Courses hippiques (PMU);ECHEC;4,2;4212
30/08/2026 13:01:47;2026-08-30T11:01:47.895Z;Courses de lévriers;OK;4,9;4924
30/08/2026 13:13:23;2026-08-30T11:13:23.735Z;Courses hippiques (PMU);OK;6,1;6102
30/08/2026 13:13:23;2026-08-30T11:13:23.735Z;Courses de lévriers;OK;4,6;4646
30/08/2026 13:25:20;2026-08-30T11:25:20.877Z;Courses hippiques (PMU);OK;5,8;5788
30/08/2026 13:25:20;2026-08-30T11:25:20.877Z;Courses de lévriers;OK;5,1;5131
30/08/2026 13:37:21;2026-08-30T11:37:21.680Z;Courses hippiques (PMU);OK;4,3;4258
30/08/2026 13:37:21;2026-08-30T11:37:21.680Z;Courses de lévriers;OK;6,9;6853
30/08/2026 13:49:22;2026-08-30T11:49:22.486Z;Courses hippiques (PMU);OK;4,6;4580
30/08/2026 13:49:22;2026-08-30T11:49:22.486Z;Courses de lévriers;OK;5,6;5640
30/08/2026 13:57:55;2026-08-30T11:57:55.038Z;Courses hippiques (PMU);OK;5,6;5609
30/08/2026 13:57:55;2026-08-30T11:57:55.038Z;Courses de lévriers;OK;5,2;5162
30/08/2026 14:01:50;2026-08-30T12:01:50.904Z;Courses hippiques (PMU);ECHEC;4,3;4266
30/08/2026 14:01:50;2026-08-30T12:01:50.904Z;Courses de lévriers;OK;5,6;5617
30/08/2026 14:13:20;2026-08-30T12:13:20.345Z;Courses hippiques (PMU);OK;5,5;5501
30/08/2026 14:13:20;2026-08-30T12:13:20.345Z;Courses de lévriers;OK;4,6;4587
30/08/2026 14:25:20;2026-08-30T12:25:20.535Z;Courses hippiques (PMU);OK;5,1;5083
30/08/2026 14:25:20;2026-08-30T12:25:20.535Z;Courses de lévriers;OK;5,1;5085
30/08/2026 14:37:29;2026-08-30T12:37:29.382Z;Courses hippiques (PMU);OK;5,0;5047
30/08/2026 14:37:29;2026-08-30T12:37:29.382Z;Courses de lévriers;OK;4,6;4596
30/08/2026 14:49:30;2026-08-30T12:49:30.765Z;Courses hippiques (PMU);OK;6,0;5968
30/08/2026 14:49:30;2026-08-30T12:49:30.765Z;Courses de lévriers;OK;5,5;5538
30/08/2026 15:01:57;2026-08-30T13:01:57.099Z;Courses hippiques (PMU);OK;5,1;5104
30/08/2026 15:01:57;2026-08-30T13:01:57.099Z;Courses de lévriers;OK;4,9;4917
30/08/2026 15:13:23;2026-08-30T13:13:23.787Z;Courses hippiques (PMU);OK;6,9;6856
30/08/2026 15:13:23;2026-08-30T13:13:23.787Z;Courses de lévriers;OK;6,6;6635
30/08/2026 15:25:28;2026-08-30T13:25:28.908Z;Courses hippiques (PMU);OK;5,2;5245
30/08/2026 15:25:28;2026-08-30T13:25:28.908Z;Courses de lévriers;OK;6,9;6865
30/08/2026 15:37:19;2026-08-30T13:37:19.974Z;Courses hippiques (PMU);OK;5,4;5382
30/08/2026 15:37:19;2026-08-30T13:37:19.974Z;Courses de lévriers;OK;5,4;5372
30/08/2026 15:49:32;2026-08-30T13:49:32.778Z;Courses hippiques (PMU);OK;5,2;5244
30/08/2026 15:49:32;2026-08-30T13:49:32.778Z;Courses de lévriers;OK;6,1;6111
30/08/2026 16:01:47;2026-08-30T14:01:47.343Z;Courses hippiques (PMU);ECHEC;3,8;3810
30/08/2026 16:01:47;2026-08-30T14:01:47.343Z;Courses de lévriers;OK;4,4;4422
30/08/2026 16:13:23;2026-08-30T14:13:23.281Z;Courses hippiques (PMU);OK;5,3;5350
30/08/2026 16:13:23;2026-08-30T14:13:23.281Z;Courses de lévriers;OK;5,5;5539
30/08/2026 16:25:19;2026-08-30T14:25:19.432Z;Courses hippiques (PMU);OK;4,4;4381
30/08/2026 16:25:19;2026-08-30T14:25:19.432Z;Courses de lévriers;OK;4,8;4768
30/08/2026 16:37:21;2026-08-30T14:37:21.234Z;Courses hippiques (PMU);OK;4,9;4858
30/08/2026 16:37:21;2026-08-30T14:37:21.234Z;Courses de lévriers;OK;5,0;5032
30/08/2026 16:49:21;2026-08-30T14:49:21.108Z;Courses hippiques (PMU);OK;5,1;5098
30/08/2026 16:49:21;2026-08-30T14:49:21.108Z;Courses de lévriers;OK;7,3;7333
30/08/2026 17:01:50;2026-08-30T15:01:50.677Z;Courses hippiques (PMU);OK;5,0;4955
30/08/2026 17:01:50;2026-08-30T15:01:50.677Z;Courses de lévriers;OK;5,7;5722
30/08/2026 17:13:19;2026-08-30T15:13:19.771Z;Courses hippiques (PMU);OK;4,8;4763
30/08/2026 17:13:19;2026-08-30T15:13:19.771Z;Courses de lévriers;OK;6,7;6719
30/08/2026 17:25:24;2026-08-30T15:25:24.215Z;Courses hippiques (PMU);OK;6,1;6088
30/08/2026 17:25:24;2026-08-30T15:25:24.215Z;Courses de lévriers;OK;5,6;5604
30/08/2026 17:37:35;2026-08-30T15:37:35.961Z;Courses hippiques (PMU);OK;5,7;5704
30/08/2026 17:37:35;2026-08-30T15:37:35.961Z;Courses de lévriers;OK;5,2;5186
30/08/2026 17:49:25;2026-08-30T15:49:25.637Z;Courses hippiques (PMU);OK;5,4;5373
30/08/2026 17:49:25;2026-08-30T15:49:25.637Z;Courses de lévriers;OK;5,3;5281
30/08/2026 18:01:54;2026-08-30T16:01:54.201Z;Courses hippiques (PMU);OK;5,2;5239
30/08/2026 18:01:54;2026-08-30T16:01:54.201Z;Courses de lévriers;OK;5,3;5335
30/08/2026 18:13:20;2026-08-30T16:13:20.531Z;Courses hippiques (PMU);OK;5,9;5934
30/08/2026 18:13:20;2026-08-30T16:13:20.531Z;Courses de lévriers;OK;4,8;4806
30/08/2026 18:25:28;2026-08-30T16:25:28.374Z;Courses hippiques (PMU);OK;4,6;4604
30/08/2026 18:25:28;2026-08-30T16:25:28.374Z;Courses de lévriers;OK;5,7;5715
30/08/2026 18:37:33;2026-08-30T16:37:33.041Z;Courses hippiques (PMU);OK;5,2;5166
30/08/2026 18:37:33;2026-08-30T16:37:33.041Z;Courses de lévriers;OK;6,0;6010
30/08/2026 18:43:57;2026-08-30T16:43:57.915Z;Courses hippiques (PMU);OK;4,4;4394
30/08/2026 18:43:57;2026-08-30T16:43:57.915Z;Courses de lévriers;OK;5,5;5457
30/08/2026 18:49:32;2026-08-30T16:49:32.801Z;Courses hippiques (PMU);OK;4,5;4539
30/08/2026 18:49:32;2026-08-30T16:49:32.801Z;Courses de lévriers;OK;5,8;5795
30/08/2026 19:02:02;2026-08-30T17:02:02.551Z;Courses hippiques (PMU);OK;5,0;5029
30/08/2026 19:02:02;2026-08-30T17:02:02.551Z;Courses de lévriers;OK;4,7;4747
30/08/2026 19:13:26;2026-08-30T17:13:26.304Z;Courses hippiques (PMU);ECHEC;4,1;4117
30/08/2026 19:13:26;2026-08-30T17:13:26.304Z;Courses de lévriers;OK;4,4;4423
30/08/2026 19:25:26;2026-08-30T17:25:26.749Z;Courses hippiques (PMU);OK;5,2;5167
30/08/2026 19:25:26;2026-08-30T17:25:26.749Z;Courses de lévriers;OK;4,7;4691
30/08/2026 19:37:24;2026-08-30T17:37:24.736Z;Courses hippiques (PMU);OK;5,1;5137
30/08/2026 19:37:24;2026-08-30T17:37:24.736Z;Courses de lévriers;OK;4,5;4481
30/08/2026 19:50:02;2026-08-30T17:50:02.133Z;Courses hippiques (PMU);OK;4,0;3984
30/08/2026 19:50:02;2026-08-30T17:50:02.133Z;Courses de lévriers;OK;4,5;4541
30/08/2026 20:02:00;2026-08-30T18:02:00.410Z;Courses hippiques (PMU);OK;5,0;5014
30/08/2026 20:02:00;2026-08-30T18:02:00.410Z;Courses de lévriers;OK;4,8;4832
30/08/2026 20:13:19;2026-08-30T18:13:19.008Z;Courses hippiques (PMU);OK;5,2;5211
30/08/2026 20:13:19;2026-08-30T18:13:19.008Z;Courses de lévriers;OK;4,4;4378
30/08/2026 20:25:24;2026-08-30T18:25:24.418Z;Courses hippiques (PMU);OK;5,1;5136
30/08/2026 20:25:24;2026-08-30T18:25:24.418Z;Courses de lévriers;OK;3,5;3499
30/08/2026 20:37:20;2026-08-30T18:37:20.465Z;Courses hippiques (PMU);OK;5,1;5148
30/08/2026 20:37:20;2026-08-30T18:37:20.465Z;Courses de lévriers;OK;5,4;5448
30/08/2026 20:49:24;2026-08-30T18:49:24.373Z;Courses hippiques (PMU);OK;4,5;4467
30/08/2026 20:49:24;2026-08-30T18:49:24.373Z;Courses de lévriers;OK;4,7;4666
30/08/2026 21:02:00;2026-08-30T19:02:00.117Z;Courses hippiques (PMU);OK;5,7;5704
30/08/2026 21:02:00;2026-08-30T19:02:00.117Z;Courses de lévriers;OK;4,7;4734
30/08/2026 21:13:25;2026-08-30T19:13:25.246Z;Courses hippiques (PMU);OK;5,4;5387
30/08/2026 21:13:25;2026-08-30T19:13:25.246Z;Courses de lévriers;OK;5,8;5818
30/08/2026 21:25:36;2026-08-30T19:25:36.050Z;Courses hippiques (PMU);OK;5,3;5266
30/08/2026 21:25:36;2026-08-30T19:25:36.050Z;Courses de lévriers;OK;6,3;6257
30/08/2026 21:37:30;2026-08-30T19:37:30.975Z;Courses hippiques (PMU);OK;5,1;5139
30/08/2026 21:37:30;2026-08-30T19:37:30.975Z;Courses de lévriers;OK;5,7;5726
30/08/2026 21:49:39;2026-08-30T19:49:39.702Z;Courses hippiques (PMU);OK;4,1;4117
30/08/2026 21:49:39;2026-08-30T19:49:39.702Z;Courses de lévriers;OK;5,4;5447
30/08/2026 22:02:00;2026-08-30T20:02:00.088Z;Courses hippiques (PMU);OK;5,1;5081
30/08/2026 22:02:00;2026-08-30T20:02:00.088Z;Courses de lévriers;OK;4,5;4528
30/08/2026 22:13:21;2026-08-30T20:13:21.970Z;Courses hippiques (PMU);OK;5,1;5071
30/08/2026 22:13:21;2026-08-30T20:13:21.970Z;Courses de lévriers;OK;5,5;5484
30/08/2026 22:25:22;2026-08-30T20:25:22.776Z;Courses hippiques (PMU);OK;5,1;5144
30/08/2026 22:25:22;2026-08-30T20:25:22.776Z;Courses de lévriers;OK;5,2;5206
30/08/2026 22:37:17;2026-08-30T20:37:17.085Z;Courses hippiques (PMU);OK;4,8;4832
30/08/2026 22:37:17;2026-08-30T20:37:17.085Z;Courses de lévriers;OK;4,3;4338
30/08/2026 22:49:19;2026-08-30T20:49:19.966Z;Courses hippiques (PMU);OK;4,3;4339
30/08/2026 22:49:19;2026-08-30T20:49:19.966Z;Courses de lévriers;OK;4,3;4321
30/08/2026 23:01:47;2026-08-30T21:01:47.507Z;Courses hippiques (PMU);OK;4,5;4469
30/08/2026 23:01:47;2026-08-30T21:01:47.507Z;Courses de lévriers;OK;5,1;5110
30/08/2026 23:10:02;2026-08-30T21:10:02.937Z;Courses hippiques (PMU);OK;5,3;5315
30/08/2026 23:10:02;2026-08-30T21:10:02.937Z;Courses de lévriers;OK;5,9;5919
30/08/2026 23:13:21;2026-08-30T21:13:21.558Z;Courses hippiques (PMU);OK;4,4;4390
30/08/2026 23:13:21;2026-08-30T21:13:21.558Z;Courses de lévriers;OK;3,6;3620
30/08/2026 23:25:25;2026-08-30T21:25:25.119Z;Courses hippiques (PMU);OK;5,1;5073
30/08/2026 23:25:25;2026-08-30T21:25:25.119Z;Courses de lévriers;OK;6,2;6173
30/08/2026 23:37:23;2026-08-30T21:37:23.219Z;Courses hippiques (PMU);OK;4,9;4906
30/08/2026 23:37:23;2026-08-30T21:37:23.219Z;Courses de lévriers;OK;6,5;6471
30/08/2026 23:49:28;2026-08-30T21:49:28.280Z;Courses hippiques (PMU);OK;4,9;4931
30/08/2026 23:49:28;2026-08-30T21:49:28.280Z;Courses de lévriers;OK;4,5;4459
31/08/2026 01:32:24;2026-08-30T23:32:24.362Z;Courses hippiques (PMU);OK;1,7;1669
31/08/2026 01:32:24;2026-08-30T23:32:24.362Z;Courses de lévriers;OK;1,3;1311
31/08/2026 07:40:54;2026-08-31T05:40:54.313Z;Courses hippiques (PMU);OK;2,5;2451
31/08/2026 07:40:54;2026-08-31T05:40:54.313Z;Courses de lévriers;OK;1,6;1650
31/08/2026 08:01:47;2026-08-31T06:01:47.388Z;Courses hippiques (PMU);OK;2,4;2402
31/08/2026 08:01:47;2026-08-31T06:01:47.388Z;Courses de lévriers;OK;1,3;1297
31/08/2026 08:13:31;2026-08-31T06:13:31.812Z;Courses hippiques (PMU);OK;2,3;2310
31/08/2026 08:13:31;2026-08-31T06:13:31.812Z;Courses de lévriers;OK;1,6;1628
31/08/2026 08:25:14;2026-08-31T06:25:14.642Z;Courses hippiques (PMU);OK;1,9;1941
31/08/2026 08:25:14;2026-08-31T06:25:14.642Z;Courses de lévriers;OK;1,4;1443
31/08/2026 08:37:20;2026-08-31T06:37:20.738Z;Courses hippiques (PMU);OK;5,3;5345
31/08/2026 08:37:20;2026-08-31T06:37:20.738Z;Courses de lévriers;OK;4,3;4293
31/08/2026 08:49:27;2026-08-31T06:49:27.930Z;Courses hippiques (PMU);OK;5,4;5422
31/08/2026 08:49:27;2026-08-31T06:49:27.930Z;Courses de lévriers;OK;4,9;4855
31/08/2026 09:01:48;2026-08-31T07:01:48.598Z;Courses hippiques (PMU);OK;3,9;3877
31/08/2026 09:01:48;2026-08-31T07:01:48.598Z;Courses de lévriers;OK;4,3;4262
31/08/2026 09:13:21;2026-08-31T07:13:21.876Z;Courses hippiques (PMU);OK;4,5;4469
31/08/2026 09:13:21;2026-08-31T07:13:21.876Z;Courses de lévriers;OK;4,5;4495
31/08/2026 09:25:24;2026-08-31T07:25:24.690Z;Courses hippiques (PMU);OK;6,0;6034
31/08/2026 09:25:24;2026-08-31T07:25:24.690Z;Courses de lévriers;OK;4,6;4590
31/08/2026 09:37:28;2026-08-31T07:37:28.909Z;Courses hippiques (PMU);ECHEC;4,5;4548
31/08/2026 09:37:28;2026-08-31T07:37:28.909Z;Courses de lévriers;OK;5,0;4997
31/08/2026 09:49:23;2026-08-31T07:49:23.584Z;Courses hippiques (PMU);OK;5,0;5050
31/08/2026 09:49:23;2026-08-31T07:49:23.584Z;Courses de lévriers;OK;6,0;6029
31/08/2026 10:01:58;2026-08-31T08:01:58.282Z;Courses hippiques (PMU);OK;5,1;5116
31/08/2026 10:01:58;2026-08-31T08:01:58.282Z;Courses de lévriers;OK;6,7;6662
31/08/2026 10:13:25;2026-08-31T08:13:25.513Z;Courses hippiques (PMU);OK;5,2;5222
31/08/2026 10:13:25;2026-08-31T08:13:25.513Z;Courses de lévriers;OK;5,7;5728
31/08/2026 10:25:30;2026-08-31T08:25:30.829Z;Courses hippiques (PMU);OK;5,4;5393
31/08/2026 10:25:30;2026-08-31T08:25:30.829Z;Courses de lévriers;OK;6,5;6506
31/08/2026 10:37:23;2026-08-31T08:37:23.330Z;Courses hippiques (PMU);OK;4,3;4290
31/08/2026 10:37:23;2026-08-31T08:37:23.330Z;Courses de lévriers;OK;3,7;3658
31/08/2026 10:49:21;2026-08-31T08:49:21.618Z;Courses hippiques (PMU);OK;4,0;4029
31/08/2026 10:49:21;2026-08-31T08:49:21.618Z;Courses de lévriers;OK;4,6;4626
31/08/2026 11:01:48;2026-08-31T09:01:48.677Z;Courses hippiques (PMU);OK;4,2;4193
31/08/2026 11:01:48;2026-08-31T09:01:48.677Z;Courses de lévriers;OK;4,3;4343
31/08/2026 11:13:20;2026-08-31T09:13:20.561Z;Courses hippiques (PMU);OK;5,3;5321
31/08/2026 11:13:20;2026-08-31T09:13:20.561Z;Courses de lévriers;OK;4,4;4421
31/08/2026 11:25:25;2026-08-31T09:25:25.090Z;Courses hippiques (PMU);OK;4,9;4888
31/08/2026 11:25:25;2026-08-31T09:25:25.090Z;Courses de lévriers;OK;5,9;5941
31/08/2026 11:37:19;2026-08-31T09:37:19.104Z;Courses hippiques (PMU);OK;4,7;4655
31/08/2026 11:37:19;2026-08-31T09:37:19.104Z;Courses de lévriers;OK;4,1;4071
31/08/2026 11:49:29;2026-08-31T09:49:29.889Z;Courses hippiques (PMU);OK;4,9;4940
31/08/2026 11:49:29;2026-08-31T09:49:29.889Z;Courses de lévriers;OK;5,5;5477
31/08/2026 12:01:55;2026-08-31T10:01:55.771Z;Courses hippiques (PMU);OK;4,8;4794
31/08/2026 12:01:55;2026-08-31T10:01:55.771Z;Courses de lévriers;OK;6,0;5959
31/08/2026 12:13:24;2026-08-31T10:13:24.134Z;Courses hippiques (PMU);OK;6,7;6697
31/08/2026 12:13:24;2026-08-31T10:13:24.134Z;Courses de lévriers;OK;4,4;4408
31/08/2026 12:25:20;2026-08-31T10:25:20.651Z;Courses hippiques (PMU);OK;5,5;5454
31/08/2026 12:25:20;2026-08-31T10:25:20.651Z;Courses de lévriers;OK;5,6;5606
31/08/2026 12:37:17;2026-08-31T10:37:17.910Z;Courses hippiques (PMU);ECHEC;3,9;3876
31/08/2026 12:37:17;2026-08-31T10:37:17.910Z;Courses de lévriers;OK;4,7;4735
31/08/2026 12:49:22;2026-08-31T10:49:22.171Z;Courses hippiques (PMU);OK;4,8;4750
31/08/2026 12:49:22;2026-08-31T10:49:22.171Z;Courses de lévriers;OK;7,1;7068
31/08/2026 13:01:50;2026-08-31T11:01:50.635Z;Courses hippiques (PMU);OK;5,1;5097
31/08/2026 13:01:50;2026-08-31T11:01:50.635Z;Courses de lévriers;OK;4,7;4681
31/08/2026 13:13:31;2026-08-31T11:13:31.163Z;Courses hippiques (PMU);ECHEC;3,7;3714
31/08/2026 13:13:31;2026-08-31T11:13:31.163Z;Courses de lévriers;OK;4,5;4501
31/08/2026 13:25:27;2026-08-31T11:25:27.397Z;Courses hippiques (PMU);OK;4,7;4747
31/08/2026 13:25:27;2026-08-31T11:25:27.397Z;Courses de lévriers;OK;5,1;5114
31/08/2026 13:37:44;2026-08-31T11:37:44.335Z;Courses hippiques (PMU);ECHEC;30,0;30007
31/08/2026 13:37:44;2026-08-31T11:37:44.335Z;Courses de lévriers;OK;4,6;4584
31/08/2026 13:49:21;2026-08-31T11:49:21.384Z;Courses hippiques (PMU);OK;4,2;4239
31/08/2026 13:49:21;2026-08-31T11:49:21.384Z;Courses de lévriers;OK;5,0;4991
31/08/2026 14:01:54;2026-08-31T12:01:54.455Z;Courses hippiques (PMU);OK;4,5;4494
31/08/2026 14:01:54;2026-08-31T12:01:54.455Z;Courses de lévriers;OK;5,3;5277
31/08/2026 14:13:44;2026-08-31T12:13:44.265Z;Courses hippiques (PMU);ECHEC;4,8;4826
31/08/2026 14:13:44;2026-08-31T12:13:44.265Z;Courses de lévriers;OK;5,7;5666
31/08/2026 14:25:50;2026-08-31T12:25:50.888Z;Courses hippiques (PMU);OK;5,6;5571
31/08/2026 14:25:50;2026-08-31T12:25:50.888Z;Courses de lévriers;OK;6,3;6275
31/08/2026 14:37:31;2026-08-31T12:37:31.246Z;Courses hippiques (PMU);OK;5,2;5182
31/08/2026 14:37:31;2026-08-31T12:37:31.246Z;Courses de lévriers;OK;4,9;4931
31/08/2026 14:49:27;2026-08-31T12:49:27.672Z;Courses hippiques (PMU);OK;4,8;4786
31/08/2026 14:49:27;2026-08-31T12:49:27.672Z;Courses de lévriers;OK;4,9;4889
31/08/2026 15:01:51;2026-08-31T13:01:51.726Z;Courses hippiques (PMU);OK;4,9;4888
31/08/2026 15:01:51;2026-08-31T13:01:51.726Z;Courses de lévriers;OK;4,4;4423
31/08/2026 15:13:29;2026-08-31T13:13:29.265Z;Courses hippiques (PMU);OK;6,0;5985
31/08/2026 15:13:29;2026-08-31T13:13:29.265Z;Courses de lévriers;OK;9,1;9110
31/08/2026 15:25:36;2026-08-31T13:25:36.997Z;Courses hippiques (PMU);OK;5,5;5508
31/08/2026 15:25:36;2026-08-31T13:25:36.997Z;Courses de lévriers;OK;6,6;6643
31/08/2026 15:37:24;2026-08-31T13:37:24.443Z;Courses hippiques (PMU);OK;5,7;5730
31/08/2026 15:37:24;2026-08-31T13:37:24.443Z;Courses de lévriers;OK;5,8;5841
31/08/2026 15:49:24;2026-08-31T13:49:24.226Z;Courses hippiques (PMU);OK;5,2;5213
31/08/2026 15:49:24;2026-08-31T13:49:24.226Z;Courses de lévriers;OK;6,7;6705
31/08/2026 15:57:01;2026-08-31T13:57:01.873Z;Courses hippiques (PMU);ECHEC;4,2;4208
31/08/2026 15:57:01;2026-08-31T13:57:01.873Z;Courses de lévriers;OK;5,5;5464
31/08/2026 16:01:59;2026-08-31T14:01:59.189Z;Courses hippiques (PMU);OK;5,4;5367
31/08/2026 16:01:59;2026-08-31T14:01:59.189Z;Courses de lévriers;OK;5,7;5661
31/08/2026 16:13:46;2026-08-31T14:13:46.908Z;Courses hippiques (PMU);ECHEC;4,5;4450
31/08/2026 16:13:46;2026-08-31T14:13:46.908Z;Courses de lévriers;OK;6,0;5993
31/08/2026 16:25:26;2026-08-31T14:25:26.646Z;Courses hippiques (PMU);OK;6,5;6517
31/08/2026 16:25:26;2026-08-31T14:25:26.646Z;Courses de lévriers;OK;6,8;6796
31/08/2026 16:38:03;2026-08-31T14:38:03.521Z;Courses hippiques (PMU);OK;6,1;6089
31/08/2026 16:38:03;2026-08-31T14:38:03.521Z;Courses de lévriers;OK;5,5;5464
31/08/2026 16:49:20;2026-08-31T14:49:20.378Z;Courses hippiques (PMU);OK;4,6;4582
31/08/2026 16:49:20;2026-08-31T14:49:20.378Z;Courses de lévriers;OK;4,6;4633
31/08/2026 17:01:53;2026-08-31T15:01:53.865Z;Courses hippiques (PMU);OK;4,3;4317
31/08/2026 17:01:53;2026-08-31T15:01:53.865Z;Courses de lévriers;OK;5,8;5773
31/08/2026 17:13:22;2026-08-31T15:13:22.183Z;Courses hippiques (PMU);OK;4,0;4013
31/08/2026 17:13:22;2026-08-31T15:13:22.183Z;Courses de lévriers;OK;6,7;6664
31/08/2026 17:26:08;2026-08-31T15:26:08.567Z;Courses hippiques (PMU);OK;6,4;6409
31/08/2026 17:26:08;2026-08-31T15:26:08.567Z;Courses de lévriers;OK;5,9;5931
31/08/2026 17:37:23;2026-08-31T15:37:23.562Z;Courses hippiques (PMU);OK;4,4;4429
31/08/2026 17:37:23;2026-08-31T15:37:23.562Z;Courses de lévriers;OK;10,7;10712
31/08/2026 17:49:38;2026-08-31T15:49:38.155Z;Courses hippiques (PMU);OK;6,0;5952
31/08/2026 17:49:38;2026-08-31T15:49:38.155Z;Courses de lévriers;OK;5,3;5348
31/08/2026 18:02:01;2026-08-31T16:02:01.139Z;Courses hippiques (PMU);ECHEC;4,1;4085
31/08/2026 18:02:01;2026-08-31T16:02:01.139Z;Courses de lévriers;OK;5,6;5636
31/08/2026 18:13:21;2026-08-31T16:13:21.578Z;Courses hippiques (PMU);OK;4,9;4933
31/08/2026 18:13:21;2026-08-31T16:13:21.578Z;Courses de lévriers;OK;5,3;5336
31/08/2026 18:25:23;2026-08-31T16:25:23.414Z;Courses hippiques (PMU);OK;6,0;6043
31/08/2026 18:25:23;2026-08-31T16:25:23.414Z;Courses de lévriers;OK;5,6;5569
31/08/2026 18:37:19;2026-08-31T16:37:19.853Z;Courses hippiques (PMU);ECHEC;4,1;4074
31/08/2026 18:37:19;2026-08-31T16:37:19.853Z;Courses de lévriers;OK;5,4;5414
31/08/2026 18:49:21;2026-08-31T16:49:21.293Z;Courses hippiques (PMU);OK;5,4;5411
31/08/2026 18:49:21;2026-08-31T16:49:21.293Z;Courses de lévriers;OK;6,5;6525
31/08/2026 19:02:09;2026-08-31T17:02:09.283Z;Courses hippiques (PMU);ECHEC;4,5;4515
31/08/2026 19:02:09;2026-08-31T17:02:09.283Z;Courses de lévriers;OK;4,6;4555
31/08/2026 19:13:22;2026-08-31T17:13:22.654Z;Courses hippiques (PMU);OK;4,2;4197
31/08/2026 19:13:22;2026-08-31T17:13:22.654Z;Courses de lévriers;OK;5,4;5352
31/08/2026 19:25:19;2026-08-31T17:25:19.698Z;Courses hippiques (PMU);OK;5,1;5139
31/08/2026 19:25:19;2026-08-31T17:25:19.698Z;Courses de lévriers;OK;6,2;6232
31/08/2026 19:37:40;2026-08-31T17:37:40.240Z;Courses hippiques (PMU);ECHEC;5,2;5236
31/08/2026 19:37:40;2026-08-31T17:37:40.240Z;Courses de lévriers;OK;5,4;5411
31/08/2026 19:49:33;2026-08-31T17:49:33.019Z;Courses hippiques (PMU);OK;4,2;4222
31/08/2026 19:49:33;2026-08-31T17:49:33.019Z;Courses de lévriers;OK;5,4;5362
31/08/2026 20:02:02;2026-08-31T18:02:02.000Z;Courses hippiques (PMU);OK;4,7;4749
31/08/2026 20:02:02;2026-08-31T18:02:02.000Z;Courses de lévriers;OK;6,4;6373
31/08/2026 20:13:39;2026-08-31T18:13:39.056Z;Courses hippiques (PMU);OK;6,3;6263
31/08/2026 20:13:39;2026-08-31T18:13:39.056Z;Courses de lévriers;OK;6,0;5996
31/08/2026 20:25:18;2026-08-31T18:25:18.215Z;Courses hippiques (PMU);OK;4,0;4012
31/08/2026 20:25:18;2026-08-31T18:25:18.215Z;Courses de lévriers;OK;4,7;4652
31/08/2026 20:37:29;2026-08-31T18:37:29.637Z;Courses hippiques (PMU);OK;5,7;5717
31/08/2026 20:37:29;2026-08-31T18:37:29.637Z;Courses de lévriers;OK;7,2;7169
31/08/2026 20:49:21;2026-08-31T18:49:21.038Z;Courses hippiques (PMU);OK;4,0;4011
31/08/2026 20:49:21;2026-08-31T18:49:21.038Z;Courses de lévriers;OK;6,5;6538
31/08/2026 21:01:52;2026-08-31T19:01:52.003Z;Courses hippiques (PMU);OK;4,8;4835
31/08/2026 21:01:52;2026-08-31T19:01:52.003Z;Courses de lévriers;OK;5,5;5463
31/08/2026 21:13:20;2026-08-31T19:13:20.930Z;Courses hippiques (PMU);OK;4,1;4054
31/08/2026 21:13:20;2026-08-31T19:13:20.930Z;Courses de lévriers;OK;5,5;5478
31/08/2026 21:26:55;2026-08-31T19:26:55.363Z;Courses hippiques (PMU);OK;5,7;5710
31/08/2026 21:26:55;2026-08-31T19:26:55.363Z;Courses de lévriers;OK;6,3;6287
31/08/2026 21:37:36;2026-08-31T19:37:36.670Z;Courses hippiques (PMU);OK;4,7;4749
31/08/2026 21:37:36;2026-08-31T19:37:36.670Z;Courses de lévriers;OK;4,8;4833
31/08/2026 21:49:21;2026-08-31T19:49:21.053Z;Courses hippiques (PMU);OK;5,0;4999
31/08/2026 21:49:21;2026-08-31T19:49:21.053Z;Courses de lévriers;OK;4,8;4755
31/08/2026 22:02:18;2026-08-31T20:02:18.183Z;Courses hippiques (PMU);OK;8,5;8466
31/08/2026 22:02:18;2026-08-31T20:02:18.183Z;Courses de lévriers;OK;5,6;5557
31/08/2026 22:13:21;2026-08-31T20:13:21.001Z;Courses hippiques (PMU);OK;4,3;4282
31/08/2026 22:13:21;2026-08-31T20:13:21.001Z;Courses de lévriers;OK;5,4;5380
31/08/2026 22:25:16;2026-08-31T20:25:16.899Z;Courses hippiques (PMU);OK;4,3;4282
31/08/2026 22:25:16;2026-08-31T20:25:16.899Z;Courses de lévriers;OK;5,7;5702
31/08/2026 22:37:30;2026-08-31T20:37:30.975Z;Courses hippiques (PMU);OK;5,3;5348
31/08/2026 22:37:30;2026-08-31T20:37:30.975Z;Courses de lévriers;OK;8,0;7999
31/08/2026 22:49:38;2026-08-31T20:49:38.649Z;Courses hippiques (PMU);OK;6,4;6359
31/08/2026 22:49:38;2026-08-31T20:49:38.649Z;Courses de lévriers;OK;5,1;5118
31/08/2026 22:51:55;2026-08-31T20:51:55.188Z;Courses hippiques (PMU);OK;4,6;4611
31/08/2026 22:51:55;2026-08-31T20:51:55.188Z;Courses de lévriers;OK;7,4;7434
31/08/2026 23:01:49;2026-08-31T21:01:49.193Z;Courses hippiques (PMU);OK;3,8;3820
31/08/2026 23:01:49;2026-08-31T21:01:49.193Z;Courses de lévriers;OK;5,3;5307
31/08/2026 23:13:18;2026-08-31T21:13:18.363Z;Courses hippiques (PMU);OK;4,3;4270
31/08/2026 23:13:18;2026-08-31T21:13:18.363Z;Courses de lévriers;OK;5,4;5399
31/08/2026 23:25:20;2026-08-31T21:25:20.851Z;Courses hippiques (PMU);OK;5,4;5367
31/08/2026 23:25:20;2026-08-31T21:25:20.851Z;Courses de lévriers;OK;5,7;5716
31/08/2026 23:37:18;2026-08-31T21:37:18.251Z;Courses hippiques (PMU);OK;4,3;4317
31/08/2026 23:37:18;2026-08-31T21:37:18.251Z;Courses de lévriers;OK;5,3;5315
31/08/2026 23:49:21;2026-08-31T21:49:21.172Z;Courses hippiques (PMU);ECHEC;3,6;3589
31/08/2026 23:49:21;2026-08-31T21:49:21.172Z;Courses de lévriers;OK;5,6;5647
01/09/2026 02:38:40;2026-09-01T00:38:40.157Z;Courses hippiques (PMU);OK;2,2;2213
01/09/2026 02:38:40;2026-09-01T00:38:40.157Z;Courses de lévriers;OK;1,6;1594
01/09/2026 08:01:48;2026-09-01T06:01:48.553Z;Courses hippiques (PMU);OK;1,5;1471
01/09/2026 08:01:48;2026-09-01T06:01:48.553Z;Courses de lévriers;OK;1,1;1077
01/09/2026 08:13:14;2026-09-01T06:13:14.094Z;Courses hippiques (PMU);OK;2,9;2887
01/09/2026 08:13:14;2026-09-01T06:13:14.094Z;Courses de lévriers;OK;1,2;1229
01/09/2026 08:25:14;2026-09-01T06:25:14.514Z;Courses hippiques (PMU);OK;2,2;2215
01/09/2026 08:25:14;2026-09-01T06:25:14.514Z;Courses de lévriers;OK;1,6;1568
01/09/2026 08:37:21;2026-09-01T06:37:21.337Z;Courses hippiques (PMU);OK;6,3;6257
01/09/2026 08:37:21;2026-09-01T06:37:21.337Z;Courses de lévriers;OK;6,2;6160
01/09/2026 08:49:26;2026-09-01T06:49:26.551Z;Courses hippiques (PMU);OK;4,9;4924
01/09/2026 08:49:26;2026-09-01T06:49:26.551Z;Courses de lévriers;OK;3,8;3819
01/09/2026 09:02:15;2026-09-01T07:02:15.180Z;Courses hippiques (PMU);OK;4,7;4721
01/09/2026 09:02:15;2026-09-01T07:02:15.180Z;Courses de lévriers;OK;3,7;3653
01/09/2026 09:13:24;2026-09-01T07:13:24.023Z;Courses hippiques (PMU);OK;5,7;5655
01/09/2026 09:13:24;2026-09-01T07:13:24.023Z;Courses de lévriers;OK;6,6;6604
01/09/2026 09:25:19;2026-09-01T07:25:19.146Z;Courses hippiques (PMU);OK;5,9;5909
01/09/2026 09:25:19;2026-09-01T07:25:19.146Z;Courses de lévriers;OK;4,5;4546
01/09/2026 09:37:19;2026-09-01T07:37:19.595Z;Courses hippiques (PMU);OK;4,9;4917
01/09/2026 09:37:19;2026-09-01T07:37:19.595Z;Courses de lévriers;OK;4,7;4702
01/09/2026 09:49:28;2026-09-01T07:49:28.591Z;Courses hippiques (PMU);OK;5,4;5352
01/09/2026 09:49:28;2026-09-01T07:49:28.591Z;Courses de lévriers;OK;5,3;5297
01/09/2026 10:01:55;2026-09-01T08:01:55.695Z;Courses hippiques (PMU);OK;4,3;4295
01/09/2026 10:01:55;2026-09-01T08:01:55.695Z;Courses de lévriers;OK;4,9;4862
01/09/2026 10:13:33;2026-09-01T08:13:33.405Z;Courses hippiques (PMU);OK;4,9;4879
01/09/2026 10:13:33;2026-09-01T08:13:33.405Z;Courses de lévriers;ECHEC;20,8;20754
01/09/2026 10:25:18;2026-09-01T08:25:18.189Z;Courses hippiques (PMU);OK;5,2;5170
01/09/2026 10:25:18;2026-09-01T08:25:18.189Z;Courses de lévriers;OK;4,4;4365
01/09/2026 10:37:24;2026-09-01T08:37:24.962Z;Courses hippiques (PMU);OK;5,0;4991
01/09/2026 10:37:24;2026-09-01T08:37:24.962Z;Courses de lévriers;OK;4,8;4779
01/09/2026 10:42:43;2026-09-01T08:42:43.693Z;Courses hippiques (PMU);OK;6,6;6596
01/09/2026 10:42:43;2026-09-01T08:42:43.693Z;Courses de lévriers;OK;5,0;4986
01/09/2026 10:49:18;2026-09-01T08:49:18.595Z;Courses hippiques (PMU);OK;4,3;4326
01/09/2026 10:49:18;2026-09-01T08:49:18.595Z;Courses de lévriers;OK;3,7;3738
01/09/2026 11:01:55;2026-09-01T09:01:55.171Z;Courses hippiques (PMU);OK;5,9;5881
01/09/2026 11:01:55;2026-09-01T09:01:55.171Z;Courses de lévriers;OK;5,4;5419
01/09/2026 11:13:36;2026-09-01T09:13:36.255Z;Courses hippiques (PMU);OK;4,2;4158
01/09/2026 11:13:36;2026-09-01T09:13:36.255Z;Courses de lévriers;OK;3,5;3479
01/09/2026 11:25:25;2026-09-01T09:25:25.871Z;Courses hippiques (PMU);OK;4,7;4692
01/09/2026 11:25:25;2026-09-01T09:25:25.871Z;Courses de lévriers;OK;3,4;3416
01/09/2026 11:37:18;2026-09-01T09:37:18.507Z;Courses hippiques (PMU);ECHEC;4,7;4736
01/09/2026 11:37:18;2026-09-01T09:37:18.507Z;Courses de lévriers;OK;3,8;3822
01/09/2026 11:49:18;2026-09-01T09:49:18.630Z;Courses hippiques (PMU);OK;4,6;4581
01/09/2026 11:49:18;2026-09-01T09:49:18.630Z;Courses de lévriers;OK;3,9;3944
01/09/2026 12:02:04;2026-09-01T10:02:04.933Z;Courses hippiques (PMU);OK;4,1;4079
01/09/2026 12:02:04;2026-09-01T10:02:04.933Z;Courses de lévriers;OK;3,6;3613
01/09/2026 12:13:20;2026-09-01T10:13:20.734Z;Courses hippiques (PMU);OK;4,7;4668
01/09/2026 12:13:20;2026-09-01T10:13:20.734Z;Courses de lévriers;OK;3,6;3609
01/09/2026 12:25:22;2026-09-01T10:25:22.624Z;Courses hippiques (PMU);OK;5,3;5290
01/09/2026 12:25:22;2026-09-01T10:25:22.624Z;Courses de lévriers;OK;5,1;5092
01/09/2026 12:37:22;2026-09-01T10:37:22.562Z;Courses hippiques (PMU);OK;5,0;5013
01/09/2026 12:37:22;2026-09-01T10:37:22.562Z;Courses de lévriers;OK;5,4;5389
01/09/2026 12:49:38;2026-09-01T10:49:38.855Z;Courses hippiques (PMU);OK;5,0;4997
01/09/2026 12:49:38;2026-09-01T10:49:38.855Z;Courses de lévriers;OK;4,8;4793
01/09/2026 13:01:57;2026-09-01T11:01:57.340Z;Courses hippiques (PMU);OK;5,0;5013
01/09/2026 13:01:57;2026-09-01T11:01:57.340Z;Courses de lévriers;OK;4,9;4887
01/09/2026 13:13:41;2026-09-01T11:13:41.636Z;Courses hippiques (PMU);OK;5,5;5470
01/09/2026 13:13:41;2026-09-01T11:13:41.636Z;Courses de lévriers;OK;5,8;5757
01/09/2026 13:25:28;2026-09-01T11:25:28.134Z;Courses hippiques (PMU);OK;4,9;4918
01/09/2026 13:25:28;2026-09-01T11:25:28.134Z;Courses de lévriers;OK;4,4;4419
01/09/2026 13:37:17;2026-09-01T11:37:17.537Z;Courses hippiques (PMU);OK;4,8;4850
01/09/2026 13:37:17;2026-09-01T11:37:17.537Z;Courses de lévriers;OK;4,3;4349
01/09/2026 13:49:27;2026-09-01T11:49:27.097Z;Courses hippiques (PMU);OK;5,5;5515
01/09/2026 13:49:27;2026-09-01T11:49:27.097Z;Courses de lévriers;OK;6,5;6524
01/09/2026 14:01:53;2026-09-01T12:01:53.512Z;Courses hippiques (PMU);OK;5,2;5175
01/09/2026 14:01:53;2026-09-01T12:01:53.512Z;Courses de lévriers;OK;5,3;5322
01/09/2026 14:13:26;2026-09-01T12:13:26.722Z;Courses hippiques (PMU);OK;5,0;4975
01/09/2026 14:13:26;2026-09-01T12:13:26.722Z;Courses de lévriers;OK;4,7;4650
01/09/2026 14:25:26;2026-09-01T12:25:26.922Z;Courses hippiques (PMU);ECHEC;5,2;5226
01/09/2026 14:25:26;2026-09-01T12:25:26.922Z;Courses de lévriers;OK;7,1;7091
01/09/2026 14:37:21;2026-09-01T12:37:21.116Z;Courses hippiques (PMU);OK;5,2;5152
01/09/2026 14:37:21;2026-09-01T12:37:21.116Z;Courses de lévriers;OK;5,6;5623
01/09/2026 14:50:01;2026-09-01T12:50:01.143Z;Courses hippiques (PMU);OK;6,5;6483
01/09/2026 14:50:01;2026-09-01T12:50:01.143Z;Courses de lévriers;OK;4,8;4753
01/09/2026 15:01:58;2026-09-01T13:01:58.242Z;Courses hippiques (PMU);OK;5,4;5397
01/09/2026 15:01:58;2026-09-01T13:01:58.242Z;Courses de lévriers;OK;5,0;5038
01/09/2026 15:15:53;2026-09-01T13:15:53.765Z;Courses hippiques (PMU);OK;5,1;5126
01/09/2026 15:15:53;2026-09-01T13:15:53.765Z;Courses de lévriers;OK;4,9;4905
01/09/2026 15:25:25;2026-09-01T13:25:25.046Z;Courses hippiques (PMU);ECHEC;4,1;4063
01/09/2026 15:25:25;2026-09-01T13:25:25.046Z;Courses de lévriers;OK;4,3;4345
01/09/2026 15:37:41;2026-09-01T13:37:41.429Z;Courses hippiques (PMU);OK;5,1;5118
01/09/2026 15:37:41;2026-09-01T13:37:41.429Z;Courses de lévriers;OK;5,6;5593
01/09/2026 15:49:23;2026-09-01T13:49:23.407Z;Courses hippiques (PMU);OK;5,0;5010
01/09/2026 15:49:23;2026-09-01T13:49:23.407Z;Courses de lévriers;OK;5,2;5220
01/09/2026 16:01:59;2026-09-01T14:01:59.603Z;Courses hippiques (PMU);OK;4,9;4869
01/09/2026 16:01:59;2026-09-01T14:01:59.603Z;Courses de lévriers;OK;5,6;5563
01/09/2026 16:10:41;2026-09-01T14:10:41.863Z;Courses hippiques (PMU);OK;5,0;4962
01/09/2026 16:10:41;2026-09-01T14:10:41.863Z;Courses de lévriers;OK;5,8;5811
01/09/2026 16:13:23;2026-09-01T14:13:23.909Z;Courses hippiques (PMU);OK;5,1;5056
01/09/2026 16:13:23;2026-09-01T14:13:23.909Z;Courses de lévriers;OK;4,6;4571
01/09/2026 16:26:02;2026-09-01T14:26:02.036Z;Courses hippiques (PMU);ECHEC;30,0;30002
01/09/2026 16:26:02;2026-09-01T14:26:02.036Z;Courses de lévriers;ECHEC;20,8;20752
01/09/2026 16:37:37;2026-09-01T14:37:37.830Z;Courses hippiques (PMU);OK;6,8;6820
01/09/2026 16:37:37;2026-09-01T14:37:37.830Z;Courses de lévriers;OK;3,4;3439
01/09/2026 16:49:53;2026-09-01T14:49:53.282Z;Courses hippiques (PMU);ECHEC;18,9;18934
01/09/2026 16:49:53;2026-09-01T14:49:53.282Z;Courses de lévriers;ECHEC;20,6;20592
01/09/2026 17:01:50;2026-09-01T15:01:50.792Z;Courses hippiques (PMU);OK;4,7;4743
01/09/2026 17:01:50;2026-09-01T15:01:50.792Z;Courses de lévriers;OK;5,4;5374
01/09/2026 17:13:49;2026-09-01T15:13:49.617Z;Courses hippiques (PMU);ECHEC;16,4;16392
01/09/2026 17:13:49;2026-09-01T15:13:49.617Z;Courses de lévriers;ECHEC;20,7;20708
01/09/2026 17:25:50;2026-09-01T15:25:50.843Z;Courses hippiques (PMU);ECHEC;18,6;18582
01/09/2026 17:25:50;2026-09-01T15:25:50.843Z;Courses de lévriers;ECHEC;20,1;20131
01/09/2026 17:37:23;2026-09-01T15:37:23.253Z;Courses hippiques (PMU);OK;5,0;5003
01/09/2026 17:37:23;2026-09-01T15:37:23.253Z;Courses de lévriers;OK;4,4;4444
01/09/2026 17:49:19;2026-09-01T15:49:19.212Z;Courses hippiques (PMU);OK;5,0;5024
01/09/2026 17:49:19;2026-09-01T15:49:19.212Z;Courses de lévriers;OK;4,5;4545
01/09/2026 18:02:15;2026-09-01T16:02:15.393Z;Courses hippiques (PMU);OK;4,3;4293
01/09/2026 18:02:15;2026-09-01T16:02:15.393Z;Courses de lévriers;OK;5,2;5167
01/09/2026 18:13:45;2026-09-01T16:13:45.712Z;Courses hippiques (PMU);ECHEC;13,6;13594
01/09/2026 18:13:45;2026-09-01T16:13:45.712Z;Courses de lévriers;ECHEC;17,8;17840
01/09/2026 18:25:24;2026-09-01T16:25:24.687Z;Courses hippiques (PMU);OK;5,7;5675
01/09/2026 18:25:24;2026-09-01T16:25:24.687Z;Courses de lévriers;OK;5,9;5882
01/09/2026 18:37:22;2026-09-01T16:37:22.339Z;Courses hippiques (PMU);OK;4,5;4533
01/09/2026 18:37:22;2026-09-01T16:37:22.339Z;Courses de lévriers;OK;4,0;4016
01/09/2026 18:49:22;2026-09-01T16:49:22.325Z;Courses hippiques (PMU);OK;5,2;5227
01/09/2026 18:49:22;2026-09-01T16:49:22.325Z;Courses de lévriers;OK;5,0;5026
01/09/2026 19:01:50;2026-09-01T17:01:50.143Z;Courses hippiques (PMU);OK;4,8;4790
01/09/2026 19:01:50;2026-09-01T17:01:50.143Z;Courses de lévriers;OK;4,2;4249
01/09/2026 19:13:21;2026-09-01T17:13:21.343Z;Courses hippiques (PMU);OK;4,9;4895
01/09/2026 19:13:21;2026-09-01T17:13:21.343Z;Courses de lévriers;OK;5,7;5748
01/09/2026 19:25:36;2026-09-01T17:25:36.483Z;Courses hippiques (PMU);OK;4,6;4566
01/09/2026 19:25:36;2026-09-01T17:25:36.483Z;Courses de lévriers;OK;3,8;3757
01/09/2026 19:37:24;2026-09-01T17:37:24.639Z;Courses hippiques (PMU);OK;4,7;4665
01/09/2026 19:37:24;2026-09-01T17:37:24.639Z;Courses de lévriers;OK;4,1;4126
01/09/2026 19:49:38;2026-09-01T17:49:38.664Z;Courses hippiques (PMU);OK;3,6;3604
01/09/2026 19:49:38;2026-09-01T17:49:38.664Z;Courses de lévriers;OK;4,3;4281
01/09/2026 20:01:53;2026-09-01T18:01:53.001Z;Courses hippiques (PMU);OK;5,0;4950
01/09/2026 20:01:53;2026-09-01T18:01:53.001Z;Courses de lévriers;OK;5,6;5595
01/09/2026 20:13:26;2026-09-01T18:13:26.982Z;Courses hippiques (PMU);OK;4,0;3998
01/09/2026 20:13:26;2026-09-01T18:13:26.982Z;Courses de lévriers;OK;4,4;4427
01/09/2026 20:25:20;2026-09-01T18:25:20.003Z;Courses hippiques (PMU);OK;4,3;4271
01/09/2026 20:25:20;2026-09-01T18:25:20.003Z;Courses de lévriers;OK;4,7;4678
01/09/2026 20:34:52;2026-09-01T18:34:52.086Z;Courses hippiques (PMU);OK;4,4;4434
01/09/2026 20:34:52;2026-09-01T18:34:52.086Z;Courses de lévriers;OK;3,9;3923
01/09/2026 20:37:27;2026-09-01T18:37:27.956Z;Courses hippiques (PMU);OK;4,7;4680
01/09/2026 20:37:27;2026-09-01T18:37:27.956Z;Courses de lévriers;OK;5,4;5433
01/09/2026 20:49:37;2026-09-01T18:49:37.388Z;Courses hippiques (PMU);OK;4,5;4474
01/09/2026 20:49:37;2026-09-01T18:49:37.388Z;Courses de lévriers;OK;3,8;3812
01/09/2026 21:01:57;2026-09-01T19:01:57.851Z;Courses hippiques (PMU);OK;5,5;5517
01/09/2026 21:01:57;2026-09-01T19:01:57.851Z;Courses de lévriers;OK;3,7;3669
01/09/2026 21:13:40;2026-09-01T19:13:40.783Z;Courses hippiques (PMU);OK;6,6;6587
01/09/2026 21:13:40;2026-09-01T19:13:40.783Z;Courses de lévriers;OK;8,0;7986
01/09/2026 21:25:32;2026-09-01T19:25:32.493Z;Courses hippiques (PMU);OK;4,5;4500
01/09/2026 21:25:32;2026-09-01T19:25:32.493Z;Courses de lévriers;OK;3,7;3697
01/09/2026 21:37:34;2026-09-01T19:37:34.582Z;Courses hippiques (PMU);OK;4,3;4292
01/09/2026 21:37:34;2026-09-01T19:37:34.582Z;Courses de lévriers;OK;4,3;4266
01/09/2026 21:49:23;2026-09-01T19:49:23.216Z;Courses hippiques (PMU);OK;4,6;4626
01/09/2026 21:49:23;2026-09-01T19:49:23.216Z;Courses de lévriers;OK;4,5;4538
01/09/2026 22:01:52;2026-09-01T20:01:52.081Z;Courses hippiques (PMU);OK;4,9;4865
01/09/2026 22:01:52;2026-09-01T20:01:52.081Z;Courses de lévriers;OK;4,5;4485
01/09/2026 22:13:19;2026-09-01T20:13:19.441Z;Courses hippiques (PMU);OK;4,8;4812
01/09/2026 22:13:19;2026-09-01T20:13:19.441Z;Courses de lévriers;OK;4,9;4885
01/09/2026 22:25:23;2026-09-01T20:25:23.760Z;Courses hippiques (PMU);OK;3,6;3601
01/09/2026 22:25:23;2026-09-01T20:25:23.760Z;Courses de lévriers;OK;3,7;3675
01/09/2026 22:37:46;2026-09-01T20:37:46.690Z;Courses hippiques (PMU);OK;4,4;4442
01/09/2026 22:37:46;2026-09-01T20:37:46.690Z;Courses de lévriers;OK;4,4;4393
01/09/2026 22:49:51;2026-09-01T20:49:51.579Z;Courses hippiques (PMU);OK;4,2;4234
01/09/2026 22:49:51;2026-09-01T20:49:51.579Z;Courses de lévriers;OK;3,8;3777
01/09/2026 23:02:07;2026-09-01T21:02:07.043Z;Courses hippiques (PMU);OK;4,6;4638
01/09/2026 23:02:07;2026-09-01T21:02:07.043Z;Courses de lévriers;OK;3,9;3898
01/09/2026 23:13:22;2026-09-01T21:13:22.468Z;Courses hippiques (PMU);OK;4,9;4937
01/09/2026 23:13:22;2026-09-01T21:13:22.468Z;Courses de lévriers;OK;5,4;5378
01/09/2026 23:25:23;2026-09-01T21:25:23.072Z;Courses hippiques (PMU);OK;5,4;5420
01/09/2026 23:25:23;2026-09-01T21:25:23.072Z;Courses de lévriers;OK;5,3;5334
01/09/2026 23:37:22;2026-09-01T21:37:22.590Z;Courses hippiques (PMU);OK;5,7;5741
01/09/2026 23:37:22;2026-09-01T21:37:22.590Z;Courses de lévriers;OK;4,4;4385
01/09/2026 23:49:49;2026-09-01T21:49:49.074Z;Courses hippiques (PMU);OK;4,3;4292
01/09/2026 23:49:49;2026-09-01T21:49:49.074Z;Courses de lévriers;OK;4,0;3986
02/09/2026 01:20:54;2026-09-01T23:20:54.767Z;Courses hippiques (PMU);OK;2,2;2169
02/09/2026 01:20:54;2026-09-01T23:20:54.767Z;Courses de lévriers;OK;2,0;1973
02/09/2026 06:39:25;2026-09-02T04:39:25.026Z;Courses hippiques (PMU);OK;2,7;2683
02/09/2026 06:39:25;2026-09-02T04:39:25.026Z;Courses de lévriers;OK;1,7;1685
02/09/2026 08:01:45;2026-09-02T06:01:45.122Z;Courses hippiques (PMU);OK;1,9;1859
02/09/2026 08:01:45;2026-09-02T06:01:45.122Z;Courses de lévriers;OK;2,5;2479
02/09/2026 08:13:17;2026-09-02T06:13:17.010Z;Courses hippiques (PMU);OK;2,1;2121
02/09/2026 08:13:17;2026-09-02T06:13:17.010Z;Courses de lévriers;OK;1,6;1621
02/09/2026 08:25:17;2026-09-02T06:25:17.325Z;Courses hippiques (PMU);OK;2,2;2175
02/09/2026 08:25:17;2026-09-02T06:25:17.325Z;Courses de lévriers;OK;1,3;1331
02/09/2026 08:37:19;2026-09-02T06:37:19.001Z;Courses hippiques (PMU);OK;4,6;4589
02/09/2026 08:37:19;2026-09-02T06:37:19.001Z;Courses de lévriers;OK;4,0;3974
02/09/2026 08:49:19;2026-09-02T06:49:19.991Z;Courses hippiques (PMU);OK;4,7;4720
02/09/2026 08:49:19;2026-09-02T06:49:19.991Z;Courses de lévriers;OK;4,4;4405
02/09/2026 09:02:04;2026-09-02T07:02:04.354Z;Courses hippiques (PMU);OK;4,1;4135
02/09/2026 09:02:04;2026-09-02T07:02:04.354Z;Courses de lévriers;OK;3,8;3789
02/09/2026 09:13:29;2026-09-02T07:13:29.749Z;Courses hippiques (PMU);OK;6,3;6267
02/09/2026 09:13:29;2026-09-02T07:13:29.749Z;Courses de lévriers;OK;6,0;6005
02/09/2026 09:25:27;2026-09-02T07:25:27.769Z;Courses hippiques (PMU);ECHEC;4,5;4514
02/09/2026 09:25:27;2026-09-02T07:25:27.769Z;Courses de lévriers;OK;4,6;4633
02/09/2026 09:37:21;2026-09-02T07:37:21.737Z;Courses hippiques (PMU);OK;4,8;4774
02/09/2026 09:37:21;2026-09-02T07:37:21.737Z;Courses de lévriers;OK;5,3;5300
02/09/2026 09:49:29;2026-09-02T07:49:29.330Z;Courses hippiques (PMU);OK;4,1;4121
02/09/2026 09:49:29;2026-09-02T07:49:29.330Z;Courses de lévriers;OK;3,6;3624
02/09/2026 10:01:46;2026-09-02T08:01:46.588Z;Courses hippiques (PMU);OK;3,8;3756
02/09/2026 10:01:46;2026-09-02T08:01:46.588Z;Courses de lévriers;OK;4,4;4384
02/09/2026 10:13:26;2026-09-02T08:13:26.238Z;Courses hippiques (PMU);OK;4,0;3983
02/09/2026 10:13:26;2026-09-02T08:13:26.238Z;Courses de lévriers;OK;4,4;4394
02/09/2026 10:25:39;2026-09-02T08:25:39.966Z;Courses hippiques (PMU);OK;4,7;4704
02/09/2026 10:25:39;2026-09-02T08:25:39.966Z;Courses de lévriers;OK;4,4;4371
02/09/2026 10:37:20;2026-09-02T08:37:20.352Z;Courses hippiques (PMU);OK;4,2;4155
02/09/2026 10:37:20;2026-09-02T08:37:20.352Z;Courses de lévriers;OK;4,4;4444
02/09/2026 10:49:22;2026-09-02T08:49:22.101Z;Courses hippiques (PMU);OK;5,6;5620
02/09/2026 10:49:22;2026-09-02T08:49:22.101Z;Courses de lévriers;OK;5,8;5764
02/09/2026 11:01:55;2026-09-02T09:01:55.117Z;Courses hippiques (PMU);OK;3,6;3605
02/09/2026 11:01:55;2026-09-02T09:01:55.117Z;Courses de lévriers;OK;5,2;5219
02/09/2026 11:13:25;2026-09-02T09:13:25.819Z;Courses hippiques (PMU);OK;5,1;5091
02/09/2026 11:13:25;2026-09-02T09:13:25.819Z;Courses de lévriers;OK;4,8;4820
02/09/2026 11:25:37;2026-09-02T09:25:37.582Z;Courses hippiques (PMU);OK;5,7;5654
02/09/2026 11:25:37;2026-09-02T09:25:37.582Z;Courses de lévriers;OK;5,9;5872
02/09/2026 11:37:21;2026-09-02T09:37:21.176Z;Courses hippiques (PMU);OK;3,9;3921
02/09/2026 11:37:21;2026-09-02T09:37:21.176Z;Courses de lévriers;OK;6,5;6488
02/09/2026 11:49:45;2026-09-02T09:49:45.841Z;Courses hippiques (PMU);OK;5,1;5104
02/09/2026 11:49:45;2026-09-02T09:49:45.841Z;Courses de lévriers;OK;5,0;4970
02/09/2026 12:02:05;2026-09-02T10:02:05.587Z;Courses hippiques (PMU);OK;4,4;4374
02/09/2026 12:02:05;2026-09-02T10:02:05.587Z;Courses de lévriers;OK;3,5;3471
02/09/2026 12:13:38;2026-09-02T10:13:38.923Z;Courses hippiques (PMU);OK;5,0;4964
02/09/2026 12:13:38;2026-09-02T10:13:38.923Z;Courses de lévriers;OK;5,6;5575
02/09/2026 12:25:22;2026-09-02T10:25:22.608Z;Courses hippiques (PMU);ECHEC;4,7;4708
02/09/2026 12:25:22;2026-09-02T10:25:22.608Z;Courses de lévriers;OK;6,5;6490
02/09/2026 12:37:38;2026-09-02T10:37:38.308Z;Courses hippiques (PMU);ECHEC;3,2;3231
02/09/2026 12:37:38;2026-09-02T10:37:38.308Z;Courses de lévriers;OK;3,7;3691
02/09/2026 12:49:22;2026-09-02T10:49:22.347Z;Courses hippiques (PMU);OK;5,0;5048
02/09/2026 12:49:22;2026-09-02T10:49:22.347Z;Courses de lévriers;OK;4,5;4536
02/09/2026 13:01:48;2026-09-02T11:01:48.939Z;Courses hippiques (PMU);OK;4,5;4496
02/09/2026 13:01:48;2026-09-02T11:01:48.939Z;Courses de lévriers;OK;6,0;5965
02/09/2026 13:13:41;2026-09-02T11:13:41.663Z;Courses hippiques (PMU);ECHEC;4,4;4358
02/09/2026 13:13:41;2026-09-02T11:13:41.663Z;Courses de lévriers;OK;7,4;7432
02/09/2026 13:23:08;2026-09-02T11:23:08.981Z;Courses hippiques (PMU);OK;4,0;4019
02/09/2026 13:23:08;2026-09-02T11:23:08.981Z;Courses de lévriers;OK;3,9;3930
02/09/2026 13:25:19;2026-09-02T11:25:19.484Z;Courses hippiques (PMU);ECHEC;4,2;4247
02/09/2026 13:25:19;2026-09-02T11:25:19.484Z;Courses de lévriers;OK;4,6;4612
02/09/2026 13:37:18;2026-09-02T11:37:18.794Z;Courses hippiques (PMU);OK;3,9;3899
02/09/2026 13:37:18;2026-09-02T11:37:18.794Z;Courses de lévriers;OK;4,5;4463
02/09/2026 13:49:24;2026-09-02T11:49:24.566Z;Courses hippiques (PMU);OK;4,3;4329
02/09/2026 13:49:24;2026-09-02T11:49:24.566Z;Courses de lévriers;OK;5,9;5913
02/09/2026 14:01:58;2026-09-02T12:01:58.904Z;Courses hippiques (PMU);OK;4,1;4090
02/09/2026 14:01:58;2026-09-02T12:01:58.904Z;Courses de lévriers;OK;4,1;4105
02/09/2026 14:13:24;2026-09-02T12:13:24.021Z;Courses hippiques (PMU);OK;4,5;4503
02/09/2026 14:13:24;2026-09-02T12:13:24.021Z;Courses de lévriers;OK;7,2;7183
02/09/2026 14:25:28;2026-09-02T12:25:28.551Z;Courses hippiques (PMU);OK;5,5;5521
02/09/2026 14:25:28;2026-09-02T12:25:28.551Z;Courses de lévriers;OK;5,6;5578
02/09/2026 14:37:42;2026-09-02T12:37:42.697Z;Courses hippiques (PMU);OK;5,4;5418
02/09/2026 14:37:42;2026-09-02T12:37:42.697Z;Courses de lévriers;OK;6,0;5989
02/09/2026 14:49:29;2026-09-02T12:49:29.361Z;Courses hippiques (PMU);ECHEC;4,2;4247
02/09/2026 14:49:29;2026-09-02T12:49:29.361Z;Courses de lévriers;OK;6,0;5976
02/09/2026 15:01:54;2026-09-02T13:01:54.752Z;Courses hippiques (PMU);ECHEC;4,3;4335
02/09/2026 15:01:54;2026-09-02T13:01:54.752Z;Courses de lévriers;OK;6,0;5963
02/09/2026 15:13:39;2026-09-02T13:13:39.676Z;Courses hippiques (PMU);OK;5,0;5008
02/09/2026 15:13:39;2026-09-02T13:13:39.676Z;Courses de lévriers;OK;6,3;6327
02/09/2026 15:25:21;2026-09-02T13:25:21.326Z;Courses hippiques (PMU);OK;4,1;4078
02/09/2026 15:25:21;2026-09-02T13:25:21.326Z;Courses de lévriers;OK;5,9;5944
02/09/2026 15:37:24;2026-09-02T13:37:24.707Z;Courses hippiques (PMU);OK;5,2;5233
02/09/2026 15:37:24;2026-09-02T13:37:24.707Z;Courses de lévriers;OK;6,3;6250
02/09/2026 15:49:54;2026-09-02T13:49:54.795Z;Courses hippiques (PMU);OK;4,8;4795
02/09/2026 15:49:54;2026-09-02T13:49:54.795Z;Courses de lévriers;OK;5,1;5052
02/09/2026 16:02:25;2026-09-02T14:02:25.906Z;Courses hippiques (PMU);OK;5,1;5116
02/09/2026 16:02:25;2026-09-02T14:02:25.906Z;Courses de lévriers;OK;5,6;5635
02/09/2026 16:13:49;2026-09-02T14:13:49.234Z;Courses hippiques (PMU);ECHEC;3,6;3636
02/09/2026 16:13:49;2026-09-02T14:13:49.234Z;Courses de lévriers;OK;5,0;4983
02/09/2026 16:25:47;2026-09-02T14:25:47.476Z;Courses hippiques (PMU);OK;5,3;5316
02/09/2026 16:25:47;2026-09-02T14:25:47.476Z;Courses de lévriers;OK;4,7;4683
02/09/2026 16:37:23;2026-09-02T14:37:23.524Z;Courses hippiques (PMU);OK;4,1;4075
02/09/2026 16:37:23;2026-09-02T14:37:23.524Z;Courses de lévriers;OK;5,5;5458
02/09/2026 16:49:22;2026-09-02T14:49:22.197Z;Courses hippiques (PMU);OK;5,3;5264
02/09/2026 16:49:22;2026-09-02T14:49:22.197Z;Courses de lévriers;OK;6,0;5999
02/09/2026 17:01:52;2026-09-02T15:01:52.413Z;Courses hippiques (PMU);OK;4,3;4304
02/09/2026 17:01:52;2026-09-02T15:01:52.413Z;Courses de lévriers;OK;5,0;4981
02/09/2026 17:13:25;2026-09-02T15:13:25.480Z;Courses hippiques (PMU);OK;5,6;5635
02/09/2026 17:13:25;2026-09-02T15:13:25.480Z;Courses de lévriers;OK;6,1;6149
02/09/2026 17:25:30;2026-09-02T15:25:30.453Z;Courses hippiques (PMU);OK;6,7;6660
02/09/2026 17:25:30;2026-09-02T15:25:30.453Z;Courses de lévriers;OK;8,8;8791
02/09/2026 17:37:51;2026-09-02T15:37:51.323Z;Courses hippiques (PMU);OK;6,0;5993
02/09/2026 17:37:51;2026-09-02T15:37:51.323Z;Courses de lévriers;OK;5,9;5910
02/09/2026 17:49:57;2026-09-02T15:49:57.454Z;Courses hippiques (PMU);OK;5,3;5273
02/09/2026 17:49:57;2026-09-02T15:49:57.454Z;Courses de lévriers;OK;6,2;6194
02/09/2026 18:01:54;2026-09-02T16:01:54.494Z;Courses hippiques (PMU);ECHEC;4,2;4173
02/09/2026 18:01:54;2026-09-02T16:01:54.494Z;Courses de lévriers;OK;5,8;5842
02/09/2026 18:13:23;2026-09-02T16:13:23.474Z;Courses hippiques (PMU);OK;4,7;4743
02/09/2026 18:13:23;2026-09-02T16:13:23.474Z;Courses de lévriers;OK;6,1;6070
02/09/2026 18:25:24;2026-09-02T16:25:24.520Z;Courses hippiques (PMU);OK;5,1;5135
02/09/2026 18:25:24;2026-09-02T16:25:24.520Z;Courses de lévriers;OK;4,8;4812
02/09/2026 18:37:19;2026-09-02T16:37:19.100Z;Courses hippiques (PMU);ECHEC;4,2;4188
02/09/2026 18:37:19;2026-09-02T16:37:19.100Z;Courses de lévriers;OK;5,9;5859
02/09/2026 18:49:31;2026-09-02T16:49:31.586Z;Courses hippiques (PMU);OK;5,3;5280
02/09/2026 18:49:31;2026-09-02T16:49:31.586Z;Courses de lévriers;OK;6,2;6235
02/09/2026 19:01:56;2026-09-02T17:01:56.777Z;Courses hippiques (PMU);OK;6,6;6605
02/09/2026 19:01:56;2026-09-02T17:01:56.777Z;Courses de lévriers;OK;5,7;5706
02/09/2026 19:13:28;2026-09-02T17:13:28.576Z;Courses hippiques (PMU);OK;5,7;5655
02/09/2026 19:13:28;2026-09-02T17:13:28.576Z;Courses de lévriers;OK;6,5;6491
02/09/2026 19:25:23;2026-09-02T17:25:23.416Z;Courses hippiques (PMU);OK;5,0;4998
02/09/2026 19:25:23;2026-09-02T17:25:23.416Z;Courses de lévriers;OK;6,6;6642
02/09/2026 19:37:36;2026-09-02T17:37:36.625Z;Courses hippiques (PMU);OK;5,3;5304
02/09/2026 19:37:36;2026-09-02T17:37:36.625Z;Courses de lévriers;OK;5,8;5833
02/09/2026 19:49:25;2026-09-02T17:49:25.073Z;Courses hippiques (PMU);OK;5,1;5126
02/09/2026 19:49:25;2026-09-02T17:49:25.073Z;Courses de lévriers;OK;6,3;6341
02/09/2026 20:02:41;2026-09-02T18:02:41.072Z;Courses hippiques (PMU);OK;4,7;4702
02/09/2026 20:02:41;2026-09-02T18:02:41.072Z;Courses de lévriers;OK;5,1;5100
02/09/2026 20:13:25;2026-09-02T18:13:25.817Z;Courses hippiques (PMU);ECHEC;4,6;4634
02/09/2026 20:13:25;2026-09-02T18:13:25.817Z;Courses de lévriers;OK;6,2;6236
02/09/2026 20:25:22;2026-09-02T18:25:22.263Z;Courses hippiques (PMU);OK;4,8;4775
02/09/2026 20:25:22;2026-09-02T18:25:22.263Z;Courses de lévriers;OK;6,7;6696
02/09/2026 20:37:25;2026-09-02T18:37:25.914Z;Courses hippiques (PMU);OK;5,5;5458
02/09/2026 20:37:25;2026-09-02T18:37:25.914Z;Courses de lévriers;OK;5,7;5678
02/09/2026 20:49:22;2026-09-02T18:49:22.087Z;Courses hippiques (PMU);OK;5,1;5112
02/09/2026 20:49:22;2026-09-02T18:49:22.087Z;Courses de lévriers;OK;5,7;5703
02/09/2026 21:02:22;2026-09-02T19:02:22.149Z;Courses hippiques (PMU);OK;4,7;4664
02/09/2026 21:02:22;2026-09-02T19:02:22.149Z;Courses de lévriers;OK;5,0;5039
02/09/2026 21:13:21;2026-09-02T19:13:21.435Z;Courses hippiques (PMU);OK;4,7;4704
02/09/2026 21:13:21;2026-09-02T19:13:21.435Z;Courses de lévriers;OK;5,6;5645
02/09/2026 21:25:29;2026-09-02T19:25:29.542Z;Courses hippiques (PMU);OK;5,6;5619
02/09/2026 21:25:29;2026-09-02T19:25:29.542Z;Courses de lévriers;OK;6,8;6840
02/09/2026 21:37:24;2026-09-02T19:37:24.261Z;Courses hippiques (PMU);OK;5,5;5461
02/09/2026 21:37:24;2026-09-02T19:37:24.261Z;Courses de lévriers;OK;4,7;4710
02/09/2026 21:49:21;2026-09-02T19:49:21.253Z;Courses hippiques (PMU);OK;5,4;5429
02/09/2026 21:49:21;2026-09-02T19:49:21.253Z;Courses de lévriers;OK;5,4;5437
02/09/2026 22:01:53;2026-09-02T20:01:53.103Z;Courses hippiques (PMU);OK;4,1;4118
02/09/2026 22:01:53;2026-09-02T20:01:53.103Z;Courses de lévriers;OK;5,3;5288
02/09/2026 22:13:19;2026-09-02T20:13:19.092Z;Courses hippiques (PMU);OK;4,6;4628
02/09/2026 22:13:19;2026-09-02T20:13:19.092Z;Courses de lévriers;OK;5,3;5309
02/09/2026 22:25:32;2026-09-02T20:25:32.107Z;Courses hippiques (PMU);OK;5,8;5766
02/09/2026 22:25:32;2026-09-02T20:25:32.107Z;Courses de lévriers;OK;5,9;5898
02/09/2026 22:37:22;2026-09-02T20:37:22.710Z;Courses hippiques (PMU);OK;4,9;4858
02/09/2026 22:37:22;2026-09-02T20:37:22.710Z;Courses de lévriers;OK;5,2;5226
02/09/2026 22:49:31;2026-09-02T20:49:31.342Z;Courses hippiques (PMU);OK;4,8;4812
02/09/2026 22:49:31;2026-09-02T20:49:31.342Z;Courses de lévriers;OK;5,3;5305
02/09/2026 23:01:53;2026-09-02T21:01:53.883Z;Courses hippiques (PMU);OK;4,7;4675
02/09/2026 23:01:53;2026-09-02T21:01:53.883Z;Courses de lévriers;OK;6,1;6063
02/09/2026 23:06:06;2026-09-02T21:06:06.364Z;Courses hippiques (PMU);OK;4,8;4832
02/09/2026 23:06:06;2026-09-02T21:06:06.364Z;Courses de lévriers;OK;5,1;5083
02/09/2026 23:15:24;2026-09-02T21:15:24.068Z;Courses hippiques (PMU);OK;4,8;4778
02/09/2026 23:15:24;2026-09-02T21:15:24.068Z;Courses de lévriers;OK;6,2;6194
02/09/2026 23:25:24;2026-09-02T21:25:24.769Z;Courses hippiques (PMU);OK;9,2;9212
02/09/2026 23:25:24;2026-09-02T21:25:24.769Z;Courses de lévriers;OK;5,5;5457
02/09/2026 23:37:30;2026-09-02T21:37:30.067Z;Courses hippiques (PMU);OK;5,6;5606
02/09/2026 23:37:30;2026-09-02T21:37:30.067Z;Courses de lévriers;OK;5,8;5777
02/09/2026 23:49:21;2026-09-02T21:49:21.087Z;Courses hippiques (PMU);OK;5,3;5257
02/09/2026 23:49:21;2026-09-02T21:49:21.087Z;Courses de lévriers;OK;6,0;5997
03/09/2026 01:21:16;2026-09-02T23:21:16.719Z;Courses hippiques (PMU);OK;2,5;2518
03/09/2026 01:21:16;2026-09-02T23:21:16.719Z;Courses de lévriers;OK;1,7;1746
03/09/2026 06:37:07;2026-09-03T04:37:07.234Z;Courses hippiques (PMU);OK;2,4;2376
03/09/2026 06:37:07;2026-09-03T04:37:07.234Z;Courses de lévriers;OK;1,5;1525
03/09/2026 08:01:48;2026-09-03T06:01:48.684Z;Courses hippiques (PMU);OK;2,0;1999
03/09/2026 08:01:48;2026-09-03T06:01:48.684Z;Courses de lévriers;OK;2,2;2178
03/09/2026 08:13:16;2026-09-03T06:13:16.806Z;Courses hippiques (PMU);OK;2,5;2498
03/09/2026 08:13:16;2026-09-03T06:13:16.806Z;Courses de lévriers;OK;1,4;1417
03/09/2026 08:25:24;2026-09-03T06:25:24.740Z;Courses hippiques (PMU);OK;2,5;2520
03/09/2026 08:25:24;2026-09-03T06:25:24.740Z;Courses de lévriers;OK;1,8;1775
03/09/2026 08:37:36;2026-09-03T06:37:36.145Z;Courses hippiques (PMU);ECHEC;5,3;5347
03/09/2026 08:37:36;2026-09-03T06:37:36.145Z;Courses de lévriers;OK;5,8;5832
03/09/2026 08:49:27;2026-09-03T06:49:27.418Z;Courses hippiques (PMU);OK;4,9;4869
03/09/2026 08:49:27;2026-09-03T06:49:27.418Z;Courses de lévriers;OK;4,7;4698
03/09/2026 09:01:49;2026-09-03T07:01:49.128Z;Courses hippiques (PMU);OK;5,0;4974
03/09/2026 09:01:49;2026-09-03T07:01:49.128Z;Courses de lévriers;OK;5,3;5286
03/09/2026 09:13:24;2026-09-03T07:13:24.355Z;Courses hippiques (PMU);OK;6,4;6373
03/09/2026 09:13:24;2026-09-03T07:13:24.355Z;Courses de lévriers;OK;5,7;5684
03/09/2026 09:25:19;2026-09-03T07:25:19.950Z;Courses hippiques (PMU);ECHEC;5,0;4997
03/09/2026 09:25:19;2026-09-03T07:25:19.950Z;Courses de lévriers;OK;5,5;5520
03/09/2026 09:37:19;2026-09-03T07:37:19.177Z;Courses hippiques (PMU);OK;4,1;4092
03/09/2026 09:37:19;2026-09-03T07:37:19.177Z;Courses de lévriers;OK;4,2;4248
03/09/2026 09:49:32;2026-09-03T07:49:32.554Z;Courses hippiques (PMU);OK;4,8;4786
03/09/2026 09:49:32;2026-09-03T07:49:32.554Z;Courses de lévriers;OK;5,4;5363
03/09/2026 10:01:54;2026-09-03T08:01:54.514Z;Courses hippiques (PMU);OK;7,1;7091
03/09/2026 10:01:54;2026-09-03T08:01:54.514Z;Courses de lévriers;OK;5,4;5359
03/09/2026 10:13:41;2026-09-03T08:13:41.666Z;Courses hippiques (PMU);OK;6,0;5951
03/09/2026 10:13:41;2026-09-03T08:13:41.666Z;Courses de lévriers;OK;5,6;5558
03/09/2026 10:25:18;2026-09-03T08:25:18.608Z;Courses hippiques (PMU);OK;5,0;5040
03/09/2026 10:25:18;2026-09-03T08:25:18.608Z;Courses de lévriers;OK;5,1;5088
03/09/2026 10:37:25;2026-09-03T08:37:25.198Z;Courses hippiques (PMU);OK;5,8;5808
03/09/2026 10:37:25;2026-09-03T08:37:25.198Z;Courses de lévriers;OK;6,1;6127
03/09/2026 10:49:27;2026-09-03T08:49:27.036Z;Courses hippiques (PMU);OK;5,1;5128
03/09/2026 10:49:27;2026-09-03T08:49:27.036Z;Courses de lévriers;OK;5,5;5537
03/09/2026 11:02:02;2026-09-03T09:02:02.748Z;Courses hippiques (PMU);OK;5,3;5334
03/09/2026 11:02:02;2026-09-03T09:02:02.748Z;Courses de lévriers;OK;5,0;4954
03/09/2026 11:13:33;2026-09-03T09:13:33.152Z;Courses hippiques (PMU);OK;7,5;7464
03/09/2026 11:13:33;2026-09-03T09:13:33.152Z;Courses de lévriers;OK;5,4;5403
03/09/2026 11:25:22;2026-09-03T09:25:22.450Z;Courses hippiques (PMU);OK;5,4;5412
03/09/2026 11:25:22;2026-09-03T09:25:22.450Z;Courses de lévriers;OK;5,2;5184
03/09/2026 11:37:18;2026-09-03T09:37:18.505Z;Courses hippiques (PMU);OK;5,1;5137
03/09/2026 11:37:18;2026-09-03T09:37:18.505Z;Courses de lévriers;OK;5,0;5046
03/09/2026 11:49:23;2026-09-03T09:49:23.793Z;Courses hippiques (PMU);OK;5,9;5882
03/09/2026 11:49:23;2026-09-03T09:49:23.793Z;Courses de lévriers;OK;6,3;6277
03/09/2026 12:01:53;2026-09-03T10:01:53.611Z;Courses hippiques (PMU);ECHEC;6,3;6320
03/09/2026 12:01:53;2026-09-03T10:01:53.611Z;Courses de lévriers;OK;5,9;5905
03/09/2026 12:13:23;2026-09-03T10:13:23.197Z;Courses hippiques (PMU);ECHEC;6,1;6139
03/09/2026 12:13:23;2026-09-03T10:13:23.197Z;Courses de lévriers;OK;5,7;5747
03/09/2026 12:25:22;2026-09-03T10:25:22.759Z;Courses hippiques (PMU);ECHEC;5,6;5585
03/09/2026 12:25:22;2026-09-03T10:25:22.759Z;Courses de lévriers;OK;5,7;5731
03/09/2026 12:37:23;2026-09-03T10:37:23.051Z;Courses hippiques (PMU);OK;5,0;4977
03/09/2026 12:37:23;2026-09-03T10:37:23.051Z;Courses de lévriers;OK;4,6;4589
03/09/2026 12:49:27;2026-09-03T10:49:27.143Z;Courses hippiques (PMU);OK;5,1;5089
03/09/2026 12:49:27;2026-09-03T10:49:27.143Z;Courses de lévriers;OK;5,9;5869
03/09/2026 13:01:56;2026-09-03T11:01:56.342Z;Courses hippiques (PMU);OK;5,5;5527
03/09/2026 13:01:56;2026-09-03T11:01:56.342Z;Courses de lévriers;OK;5,0;5015
03/09/2026 13:13:23;2026-09-03T11:13:23.453Z;Courses hippiques (PMU);OK;4,9;4918
03/09/2026 13:13:23;2026-09-03T11:13:23.453Z;Courses de lévriers;OK;5,5;5511
03/09/2026 13:19:23;2026-09-03T11:19:23.894Z;Courses hippiques (PMU);OK;5,2;5176
03/09/2026 13:19:23;2026-09-03T11:19:23.894Z;Courses de lévriers;OK;4,5;4542
03/09/2026 13:25:32;2026-09-03T11:25:32.310Z;Courses hippiques (PMU);OK;5,2;5158
03/09/2026 13:25:32;2026-09-03T11:25:32.310Z;Courses de lévriers;OK;5,3;5268
03/09/2026 13:37:37;2026-09-03T11:37:37.395Z;Courses hippiques (PMU);OK;5,2;5234
03/09/2026 13:37:37;2026-09-03T11:37:37.395Z;Courses de lévriers;OK;4,3;4257
03/09/2026 13:49:21;2026-09-03T11:49:21.204Z;Courses hippiques (PMU);OK;6,3;6331
03/09/2026 13:49:21;2026-09-03T11:49:21.204Z;Courses de lévriers;OK;5,5;5467
03/09/2026 14:01:56;2026-09-03T12:01:56.236Z;Courses hippiques (PMU);OK;6,0;6047
03/09/2026 14:01:56;2026-09-03T12:01:56.236Z;Courses de lévriers;OK;5,5;5461
03/09/2026 14:13:33;2026-09-03T12:13:33.888Z;Courses hippiques (PMU);OK;5,5;5465
03/09/2026 14:13:33;2026-09-03T12:13:33.888Z;Courses de lévriers;OK;6,2;6223
03/09/2026 14:25:24;2026-09-03T12:25:24.717Z;Courses hippiques (PMU);ECHEC;5,3;5260
03/09/2026 14:25:24;2026-09-03T12:25:24.717Z;Courses de lévriers;OK;5,8;5820
03/09/2026 14:37:32;2026-09-03T12:37:32.264Z;Courses hippiques (PMU);ECHEC;5,7;5700
03/09/2026 14:37:32;2026-09-03T12:37:32.264Z;Courses de lévriers;OK;6,6;6559
03/09/2026 14:49:31;2026-09-03T12:49:31.766Z;Courses hippiques (PMU);OK;6,9;6875
03/09/2026 14:49:31;2026-09-03T12:49:31.766Z;Courses de lévriers;OK;6,1;6123
03/09/2026 15:01:52;2026-09-03T13:01:52.857Z;Courses hippiques (PMU);OK;5,0;4980
03/09/2026 15:01:52;2026-09-03T13:01:52.857Z;Courses de lévriers;OK;5,7;5746
03/09/2026 15:13:20;2026-09-03T13:13:20.441Z;Courses hippiques (PMU);OK;4,8;4801
03/09/2026 15:13:20;2026-09-03T13:13:20.441Z;Courses de lévriers;OK;6,1;6073
03/09/2026 15:25:30;2026-09-03T13:25:30.647Z;Courses hippiques (PMU);OK;5,8;5774
03/09/2026 15:25:30;2026-09-03T13:25:30.647Z;Courses de lévriers;OK;6,1;6079
03/09/2026 15:37:36;2026-09-03T13:37:36.655Z;Courses hippiques (PMU);OK;5,7;5748
03/09/2026 15:37:36;2026-09-03T13:37:36.655Z;Courses de lévriers;OK;7,8;7803
03/09/2026 15:49:27;2026-09-03T13:49:27.289Z;Courses hippiques (PMU);OK;6,5;6523
03/09/2026 15:49:27;2026-09-03T13:49:27.289Z;Courses de lévriers;OK;6,2;6158
03/09/2026 16:02:01;2026-09-03T14:02:01.398Z;Courses hippiques (PMU);OK;7,6;7642
03/09/2026 16:02:01;2026-09-03T14:02:01.398Z;Courses de lévriers;OK;6,3;6316
03/09/2026 16:13:34;2026-09-03T14:13:34.825Z;Courses hippiques (PMU);OK;10,2;10231
03/09/2026 16:13:34;2026-09-03T14:13:34.825Z;Courses de lévriers;OK;5,3;5340
03/09/2026 16:25:23;2026-09-03T14:25:23.410Z;Courses hippiques (PMU);OK;5,2;5236
03/09/2026 16:25:23;2026-09-03T14:25:23.410Z;Courses de lévriers;OK;4,8;4759
03/09/2026 16:37:29;2026-09-03T14:37:29.045Z;Courses hippiques (PMU);OK;6,0;6032
03/09/2026 16:37:29;2026-09-03T14:37:29.045Z;Courses de lévriers;OK;7,0;7020
03/09/2026 16:49:22;2026-09-03T14:49:22.254Z;Courses hippiques (PMU);OK;5,3;5316
03/09/2026 16:49:22;2026-09-03T14:49:22.254Z;Courses de lévriers;OK;6,0;6014
03/09/2026 17:02:14;2026-09-03T15:02:14.001Z;Courses hippiques (PMU);OK;5,6;5562
03/09/2026 17:02:14;2026-09-03T15:02:14.001Z;Courses de lévriers;OK;5,9;5944
03/09/2026 17:14:00;2026-09-03T15:14:00.592Z;Courses hippiques (PMU);OK;7,1;7053
03/09/2026 17:14:00;2026-09-03T15:14:00.592Z;Courses de lévriers;OK;7,1;7131
03/09/2026 17:25:22;2026-09-03T15:25:22.543Z;Courses hippiques (PMU);OK;5,1;5127
03/09/2026 17:25:22;2026-09-03T15:25:22.543Z;Courses de lévriers;OK;4,7;4745
03/09/2026 17:37:36;2026-09-03T15:37:36.491Z;Courses hippiques (PMU);OK;5,8;5771
03/09/2026 17:37:36;2026-09-03T15:37:36.491Z;Courses de lévriers;OK;6,9;6913
03/09/2026 17:49:24;2026-09-03T15:49:24.957Z;Courses hippiques (PMU);OK;5,6;5557
03/09/2026 17:49:24;2026-09-03T15:49:24.957Z;Courses de lévriers;OK;6,2;6237
03/09/2026 18:01:59;2026-09-03T16:01:59.726Z;Courses hippiques (PMU);OK;5,6;5625
03/09/2026 18:01:59;2026-09-03T16:01:59.726Z;Courses de lévriers;OK;5,9;5912
03/09/2026 18:13:21;2026-09-03T16:13:21.295Z;Courses hippiques (PMU);OK;6,5;6526
03/09/2026 18:13:21;2026-09-03T16:13:21.295Z;Courses de lévriers;OK;5,5;5457
03/09/2026 18:25:25;2026-09-03T16:25:25.707Z;Courses hippiques (PMU);OK;6,6;6591
03/09/2026 18:25:25;2026-09-03T16:25:25.707Z;Courses de lévriers;OK;6,0;6023
03/09/2026 18:28:38;2026-09-03T16:28:38.516Z;Courses hippiques (PMU);OK;6,5;6498
03/09/2026 18:28:38;2026-09-03T16:28:38.516Z;Courses de lévriers;OK;4,7;4656
03/09/2026 18:38:00;2026-09-03T16:38:00.545Z;Courses hippiques (PMU);OK;8,2;8201
03/09/2026 18:38:00;2026-09-03T16:38:00.545Z;Courses de lévriers;OK;7,3;7290
03/09/2026 18:49:41;2026-09-03T16:49:41.430Z;Courses hippiques (PMU);OK;6,2;6225
03/09/2026 18:49:41;2026-09-03T16:49:41.430Z;Courses de lévriers;OK;5,6;5628
03/09/2026 19:02:04;2026-09-03T17:02:04.490Z;Courses hippiques (PMU);OK;7,9;7899
03/09/2026 19:02:04;2026-09-03T17:02:04.490Z;Courses de lévriers;OK;6,3;6256
03/09/2026 19:13:21;2026-09-03T17:13:21.458Z;Courses hippiques (PMU);OK;6,0;5980
03/09/2026 19:13:21;2026-09-03T17:13:21.458Z;Courses de lévriers;OK;5,6;5582
03/09/2026 19:25:23;2026-09-03T17:25:23.486Z;Courses hippiques (PMU);OK;6,1;6117
03/09/2026 19:25:23;2026-09-03T17:25:23.486Z;Courses de lévriers;OK;8,0;8022
03/09/2026 19:37:35;2026-09-03T17:37:35.054Z;Courses hippiques (PMU);OK;6,3;6271
03/09/2026 19:37:35;2026-09-03T17:37:35.054Z;Courses de lévriers;OK;6,2;6182
03/09/2026 19:49:27;2026-09-03T17:49:27.172Z;Courses hippiques (PMU);OK;6,3;6311
03/09/2026 19:49:27;2026-09-03T17:49:27.172Z;Courses de lévriers;OK;6,2;6187
03/09/2026 20:01:59;2026-09-03T18:01:59.939Z;Courses hippiques (PMU);OK;4,9;4857
03/09/2026 20:01:59;2026-09-03T18:01:59.939Z;Courses de lévriers;OK;6,0;6024
03/09/2026 20:13:33;2026-09-03T18:13:33.357Z;Courses hippiques (PMU);OK;6,2;6182
03/09/2026 20:13:33;2026-09-03T18:13:33.357Z;Courses de lévriers;OK;4,9;4874
03/09/2026 20:25:23;2026-09-03T18:25:23.877Z;Courses hippiques (PMU);OK;5,4;5408
03/09/2026 20:25:23;2026-09-03T18:25:23.877Z;Courses de lévriers;OK;6,4;6353
03/09/2026 20:37:18;2026-09-03T18:37:18.101Z;Courses hippiques (PMU);OK;5,0;5017
03/09/2026 20:37:18;2026-09-03T18:37:18.101Z;Courses de lévriers;OK;5,4;5360
03/09/2026 20:49:22;2026-09-03T18:49:22.707Z;Courses hippiques (PMU);ECHEC;5,1;5078
03/09/2026 20:49:22;2026-09-03T18:49:22.707Z;Courses de lévriers;OK;5,1;5069
03/09/2026 21:01:50;2026-09-03T19:01:50.325Z;Courses hippiques (PMU);OK;5,5;5472
03/09/2026 21:01:50;2026-09-03T19:01:50.325Z;Courses de lévriers;OK;5,3;5251
03/09/2026 21:13:40;2026-09-03T19:13:40.413Z;Courses hippiques (PMU);OK;6,8;6799
03/09/2026 21:13:40;2026-09-03T19:13:40.413Z;Courses de lévriers;OK;7,4;7400
03/09/2026 21:25:28;2026-09-03T19:25:28.176Z;Courses hippiques (PMU);OK;7,3;7292
03/09/2026 21:25:28;2026-09-03T19:25:28.176Z;Courses de lévriers;OK;6,4;6444
03/09/2026 21:37:25;2026-09-03T19:37:25.500Z;Courses hippiques (PMU);OK;6,3;6280
03/09/2026 21:37:25;2026-09-03T19:37:25.500Z;Courses de lévriers;OK;5,4;5352
03/09/2026 21:49:25;2026-09-03T19:49:25.674Z;Courses hippiques (PMU);OK;5,5;5476
03/09/2026 21:49:25;2026-09-03T19:49:25.674Z;Courses de lévriers;OK;6,6;6612
03/09/2026 22:02:52;2026-09-03T20:02:52.698Z;Courses hippiques (PMU);OK;4,5;4530
03/09/2026 22:02:52;2026-09-03T20:02:52.698Z;Courses de lévriers;OK;6,0;5990
03/09/2026 22:13:34;2026-09-03T20:13:34.134Z;Courses hippiques (PMU);OK;6,4;6361
03/09/2026 22:13:34;2026-09-03T20:13:34.134Z;Courses de lévriers;OK;6,2;6182
03/09/2026 22:25:21;2026-09-03T20:25:21.786Z;Courses hippiques (PMU);OK;5,2;5185
03/09/2026 22:25:21;2026-09-03T20:25:21.786Z;Courses de lévriers;OK;5,0;5033
03/09/2026 22:37:19;2026-09-03T20:37:19.313Z;Courses hippiques (PMU);OK;5,4;5413
03/09/2026 22:37:19;2026-09-03T20:37:19.313Z;Courses de lévriers;OK;5,3;5334
03/09/2026 22:49:26;2026-09-03T20:49:26.519Z;Courses hippiques (PMU);OK;6,3;6290
03/09/2026 22:49:26;2026-09-03T20:49:26.519Z;Courses de lévriers;OK;9,7;9712
03/09/2026 23:02:06;2026-09-03T21:02:06.583Z;Courses hippiques (PMU);OK;7,1;7079
03/09/2026 23:02:06;2026-09-03T21:02:06.583Z;Courses de lévriers;OK;6,6;6551
03/09/2026 23:05:22;2026-09-03T21:05:22.567Z;Courses hippiques (PMU);OK;5,3;5299
03/09/2026 23:05:22;2026-09-03T21:05:22.567Z;Courses de lévriers;OK;7,3;7309
03/09/2026 23:13:37;2026-09-03T21:13:37.587Z;Courses hippiques (PMU);OK;5,9;5936
03/09/2026 23:13:37;2026-09-03T21:13:37.587Z;Courses de lévriers;OK;6,5;6484
03/09/2026 23:25:32;2026-09-03T21:25:32.174Z;Courses hippiques (PMU);OK;5,6;5559
03/09/2026 23:25:32;2026-09-03T21:25:32.174Z;Courses de lévriers;OK;6,5;6520
03/09/2026 23:37:32;2026-09-03T21:37:32.022Z;Courses hippiques (PMU);OK;6,9;6901
03/09/2026 23:37:32;2026-09-03T21:37:32.022Z;Courses de lévriers;OK;6,2;6157
03/09/2026 23:49:29;2026-09-03T21:49:29.662Z;Courses hippiques (PMU);OK;5,4;5441
03/09/2026 23:49:29;2026-09-03T21:49:29.662Z;Courses de lévriers;OK;5,0;5034
04/09/2026 01:19:00;2026-09-03T23:19:00.195Z;Courses hippiques (PMU);OK;2,0;2047
04/09/2026 01:19:00;2026-09-03T23:19:00.195Z;Courses de lévriers;OK;1,8;1827
04/09/2026 06:38:27;2026-09-04T04:38:27.815Z;Courses hippiques (PMU);OK;2,3;2250
04/09/2026 06:38:27;2026-09-04T04:38:27.815Z;Courses de lévriers;OK;3,0;3042
04/09/2026 08:01:59;2026-09-04T06:01:59.004Z;Courses hippiques (PMU);OK;2,4;2416
04/09/2026 08:01:59;2026-09-04T06:01:59.004Z;Courses de lévriers;OK;2,0;2017
04/09/2026 08:13:16;2026-09-04T06:13:16.931Z;Courses hippiques (PMU);OK;2,3;2292
04/09/2026 08:13:16;2026-09-04T06:13:16.931Z;Courses de lévriers;OK;2,1;2147
04/09/2026 08:25:20;2026-09-04T06:25:20.389Z;Courses hippiques (PMU);OK;2,0;1984
04/09/2026 08:25:20;2026-09-04T06:25:20.389Z;Courses de lévriers;OK;1,9;1895
04/09/2026 08:37:39;2026-09-04T06:37:39.983Z;Courses hippiques (PMU);ECHEC;6,5;6502
04/09/2026 08:37:39;2026-09-04T06:37:39.983Z;Courses de lévriers;OK;5,7;5715
04/09/2026 08:49:37;2026-09-04T06:49:37.262Z;Courses hippiques (PMU);OK;5,6;5617
04/09/2026 08:49:37;2026-09-04T06:49:37.262Z;Courses de lévriers;OK;6,3;6259
04/09/2026 09:01:51;2026-09-04T07:01:51.467Z;Courses hippiques (PMU);OK;5,1;5108
04/09/2026 09:01:51;2026-09-04T07:01:51.467Z;Courses de lévriers;OK;3,6;3641
04/09/2026 09:13:21;2026-09-04T07:13:21.051Z;Courses hippiques (PMU);OK;5,7;5748
04/09/2026 09:13:21;2026-09-04T07:13:21.051Z;Courses de lévriers;OK;4,8;4811
04/09/2026 09:25:23;2026-09-04T07:25:23.342Z;Courses hippiques (PMU);OK;4,3;4349
04/09/2026 09:25:23;2026-09-04T07:25:23.342Z;Courses de lévriers;OK;4,0;3972
04/09/2026 09:37:25;2026-09-04T07:37:25.752Z;Courses hippiques (PMU);OK;5,6;5586
04/09/2026 09:37:25;2026-09-04T07:37:25.752Z;Courses de lévriers;OK;5,9;5930
04/09/2026 09:49:20;2026-09-04T07:49:20.767Z;Courses hippiques (PMU);OK;6,2;6199
04/09/2026 09:49:20;2026-09-04T07:49:20.767Z;Courses de lévriers;OK;5,6;5615
04/09/2026 10:01:51;2026-09-04T08:01:51.755Z;Courses hippiques (PMU);OK;5,0;5008
04/09/2026 10:01:51;2026-09-04T08:01:51.755Z;Courses de lévriers;OK;5,1;5105
04/09/2026 10:13:21;2026-09-04T08:13:21.842Z;Courses hippiques (PMU);OK;5,4;5404
04/09/2026 10:13:21;2026-09-04T08:13:21.842Z;Courses de lévriers;OK;5,3;5297
04/09/2026 10:25:20;2026-09-04T08:25:20.254Z;Courses hippiques (PMU);OK;4,7;4682
04/09/2026 10:25:20;2026-09-04T08:25:20.254Z;Courses de lévriers;OK;4,6;4591
04/09/2026 10:37:24;2026-09-04T08:37:24.483Z;Courses hippiques (PMU);OK;6,9;6867
04/09/2026 10:37:24;2026-09-04T08:37:24.483Z;Courses de lévriers;OK;5,2;5239
04/09/2026 10:49:27;2026-09-04T08:49:27.388Z;Courses hippiques (PMU);OK;5,0;5019
04/09/2026 10:49:27;2026-09-04T08:49:27.388Z;Courses de lévriers;OK;4,7;4735
04/09/2026 11:01:49;2026-09-04T09:01:49.905Z;Courses hippiques (PMU);OK;5,0;5033
04/09/2026 11:01:49;2026-09-04T09:01:49.905Z;Courses de lévriers;OK;5,8;5787
04/09/2026 11:13:23;2026-09-04T09:13:23.186Z;Courses hippiques (PMU);OK;6,1;6138
04/09/2026 11:13:23;2026-09-04T09:13:23.186Z;Courses de lévriers;OK;7,2;7229
04/09/2026 11:25:24;2026-09-04T09:25:24.786Z;Courses hippiques (PMU);OK;5,2;5228
04/09/2026 11:25:24;2026-09-04T09:25:24.786Z;Courses de lévriers;OK;6,3;6282
04/09/2026 11:37:24;2026-09-04T09:37:24.905Z;Courses hippiques (PMU);OK;6,5;6477
04/09/2026 11:37:24;2026-09-04T09:37:24.905Z;Courses de lévriers;OK;6,2;6209
04/09/2026 11:49:29;2026-09-04T09:49:29.457Z;Courses hippiques (PMU);OK;6,1;6118
04/09/2026 11:49:29;2026-09-04T09:49:29.457Z;Courses de lévriers;OK;6,3;6330
04/09/2026 12:01:56;2026-09-04T10:01:56.421Z;Courses hippiques (PMU);OK;6,0;5957
04/09/2026 12:01:56;2026-09-04T10:01:56.421Z;Courses de lévriers;OK;6,0;5971
04/09/2026 12:13:20;2026-09-04T10:13:20.144Z;Courses hippiques (PMU);OK;5,9;5915
04/09/2026 12:13:20;2026-09-04T10:13:20.144Z;Courses de lévriers;OK;4,7;4675
04/09/2026 12:25:23;2026-09-04T10:25:23.520Z;Courses hippiques (PMU);OK;5,6;5606
04/09/2026 12:25:23;2026-09-04T10:25:23.520Z;Courses de lévriers;OK;6,5;6464
04/09/2026 12:37:20;2026-09-04T10:37:20.562Z;Courses hippiques (PMU);OK;5,0;4995
04/09/2026 12:37:20;2026-09-04T10:37:20.562Z;Courses de lévriers;OK;5,2;5212
04/09/2026 12:49:26;2026-09-04T10:49:26.074Z;Courses hippiques (PMU);OK;4,9;4893
04/09/2026 12:49:26;2026-09-04T10:49:26.074Z;Courses de lévriers;OK;5,0;5020
04/09/2026 13:01:57;2026-09-04T11:01:57.175Z;Courses hippiques (PMU);OK;5,3;5276
04/09/2026 13:01:57;2026-09-04T11:01:57.175Z;Courses de lévriers;OK;5,1;5086
04/09/2026 13:13:22;2026-09-04T11:13:22.190Z;Courses hippiques (PMU);OK;5,9;5870
04/09/2026 13:13:22;2026-09-04T11:13:22.190Z;Courses de lévriers;OK;5,2;5191
04/09/2026 13:22:44;2026-09-04T11:22:44.303Z;Courses hippiques (PMU);OK;5,2;5212
04/09/2026 13:22:44;2026-09-04T11:22:44.303Z;Courses de lévriers;OK;5,0;5045
04/09/2026 13:25:30;2026-09-04T11:25:30.390Z;Courses hippiques (PMU);OK;4,3;4254
04/09/2026 13:25:30;2026-09-04T11:25:30.390Z;Courses de lévriers;OK;3,7;3686
04/09/2026 13:37:21;2026-09-04T11:37:21.953Z;Courses hippiques (PMU);OK;5,0;4993
04/09/2026 13:37:21;2026-09-04T11:37:21.953Z;Courses de lévriers;OK;7,0;6958
04/09/2026 13:49:37;2026-09-04T11:49:37.874Z;Courses hippiques (PMU);OK;4,9;4855
04/09/2026 13:49:37;2026-09-04T11:49:37.874Z;Courses de lévriers;OK;4,1;4135
04/09/2026 14:01:51;2026-09-04T12:01:51.708Z;Courses hippiques (PMU);OK;5,1;5112
04/09/2026 14:01:51;2026-09-04T12:01:51.708Z;Courses de lévriers;OK;4,9;4913
04/09/2026 14:13:19;2026-09-04T12:13:19.241Z;Courses hippiques (PMU);OK;5,5;5538
04/09/2026 14:13:19;2026-09-04T12:13:19.241Z;Courses de lévriers;OK;4,8;4782
04/09/2026 14:25:23;2026-09-04T12:25:23.595Z;Courses hippiques (PMU);OK;6,7;6664
04/09/2026 14:25:23;2026-09-04T12:25:23.595Z;Courses de lévriers;OK;5,7;5715
04/09/2026 14:37:18;2026-09-04T12:37:18.852Z;Courses hippiques (PMU);OK;5,8;5844
04/09/2026 14:37:18;2026-09-04T12:37:18.852Z;Courses de lévriers;OK;5,2;5204
04/09/2026 14:49:24;2026-09-04T12:49:24.027Z;Courses hippiques (PMU);OK;4,3;4323
04/09/2026 14:49:24;2026-09-04T12:49:24.027Z;Courses de lévriers;OK;5,0;4977
04/09/2026 15:01:49;2026-09-04T13:01:49.444Z;Courses hippiques (PMU);OK;5,2;5226
04/09/2026 15:01:49;2026-09-04T13:01:49.444Z;Courses de lévriers;OK;5,1;5098
04/09/2026 15:14:24;2026-09-04T13:14:24.729Z;Courses hippiques (PMU);OK;5,6;5621
04/09/2026 15:14:24;2026-09-04T13:14:24.729Z;Courses de lévriers;OK;4,8;4807
04/09/2026 15:25:26;2026-09-04T13:25:26.469Z;Courses hippiques (PMU);OK;4,2;4182
04/09/2026 15:25:26;2026-09-04T13:25:26.469Z;Courses de lévriers;OK;4,1;4134
04/09/2026 15:37:44;2026-09-04T13:37:44.064Z;Courses hippiques (PMU);OK;5,4;5422
04/09/2026 15:37:44;2026-09-04T13:37:44.064Z;Courses de lévriers;OK;4,3;4308
04/09/2026 15:49:26;2026-09-04T13:49:26.553Z;Courses hippiques (PMU);OK;3,8;3785
04/09/2026 15:49:26;2026-09-04T13:49:26.553Z;Courses de lévriers;OK;4,3;4250
04/09/2026 16:02:00;2026-09-04T14:02:00.630Z;Courses hippiques (PMU);OK;8,6;8555
04/09/2026 16:02:00;2026-09-04T14:02:00.630Z;Courses de lévriers;OK;6,2;6241
04/09/2026 16:13:22;2026-09-04T14:13:22.159Z;Courses hippiques (PMU);OK;5,8;5764
04/09/2026 16:13:22;2026-09-04T14:13:22.159Z;Courses de lévriers;OK;6,4;6391
04/09/2026 16:25:37;2026-09-04T14:25:37.089Z;Courses hippiques (PMU);OK;4,7;4717
04/09/2026 16:25:37;2026-09-04T14:25:37.089Z;Courses de lévriers;OK;5,1;5143
04/09/2026 16:37:24;2026-09-04T14:37:24.379Z;Courses hippiques (PMU);OK;3,5;3549
04/09/2026 16:37:24;2026-09-04T14:37:24.379Z;Courses de lévriers;OK;4,2;4201
04/09/2026 16:49:26;2026-09-04T14:49:26.044Z;Courses hippiques (PMU);OK;5,3;5295
04/09/2026 16:49:26;2026-09-04T14:49:26.044Z;Courses de lévriers;OK;5,3;5252
04/09/2026 17:02:05;2026-09-04T15:02:05.173Z;Courses hippiques (PMU);OK;4,3;4323
04/09/2026 17:02:05;2026-09-04T15:02:05.173Z;Courses de lévriers;OK;4,3;4251
04/09/2026 17:13:25;2026-09-04T15:13:25.575Z;Courses hippiques (PMU);OK;5,4;5358
04/09/2026 17:13:25;2026-09-04T15:13:25.575Z;Courses de lévriers;OK;5,1;5091
04/09/2026 17:25:52;2026-09-04T15:25:52.271Z;Courses hippiques (PMU);OK;5,3;5258
04/09/2026 17:25:52;2026-09-04T15:25:52.271Z;Courses de lévriers;OK;6,4;6438
04/09/2026 17:37:23;2026-09-04T15:37:23.591Z;Courses hippiques (PMU);OK;6,8;6834
04/09/2026 17:37:23;2026-09-04T15:37:23.591Z;Courses de lévriers;OK;5,7;5665
04/09/2026 17:49:34;2026-09-04T15:49:34.890Z;Courses hippiques (PMU);OK;6,4;6379
04/09/2026 17:49:34;2026-09-04T15:49:34.890Z;Courses de lévriers;OK;6,0;5987
04/09/2026 18:02:19;2026-09-04T16:02:19.451Z;Courses hippiques (PMU);OK;4,1;4091
04/09/2026 18:02:19;2026-09-04T16:02:19.451Z;Courses de lévriers;OK;5,7;5682
04/09/2026 18:13:52;2026-09-04T16:13:52.109Z;Courses hippiques (PMU);OK;4,6;4560
04/09/2026 18:13:52;2026-09-04T16:13:52.109Z;Courses de lévriers;OK;4,3;4348
04/09/2026 18:24:37;2026-09-04T16:24:37.624Z;Courses hippiques (PMU);OK;4,5;4500
04/09/2026 18:24:37;2026-09-04T16:24:37.624Z;Courses de lévriers;OK;3,8;3778
04/09/2026 18:37:22;2026-09-04T16:37:22.966Z;Courses hippiques (PMU);OK;4,6;4636
04/09/2026 18:37:22;2026-09-04T16:37:22.966Z;Courses de lévriers;OK;5,1;5092
04/09/2026 18:49:21;2026-09-04T16:49:21.246Z;Courses hippiques (PMU);OK;4,4;4420
04/09/2026 18:49:21;2026-09-04T16:49:21.246Z;Courses de lévriers;OK;3,7;3730
04/09/2026 19:01:49;2026-09-04T17:01:49.497Z;Courses hippiques (PMU);OK;4,5;4506
04/09/2026 19:01:49;2026-09-04T17:01:49.497Z;Courses de lévriers;OK;4,8;4837
04/09/2026 19:13:23;2026-09-04T17:13:23.516Z;Courses hippiques (PMU);OK;6,0;6029
04/09/2026 19:13:23;2026-09-04T17:13:23.516Z;Courses de lévriers;OK;6,2;6171
04/09/2026 19:25:18;2026-09-04T17:25:18.944Z;Courses hippiques (PMU);OK;4,3;4345
04/09/2026 19:25:18;2026-09-04T17:25:18.944Z;Courses de lévriers;OK;3,9;3947
04/09/2026 19:37:24;2026-09-04T17:37:24.007Z;Courses hippiques (PMU);OK;4,8;4790
04/09/2026 19:37:24;2026-09-04T17:37:24.007Z;Courses de lévriers;OK;5,0;5026
04/09/2026 19:49:34;2026-09-04T17:49:34.203Z;Courses hippiques (PMU);ECHEC;3,6;3599
04/09/2026 19:49:34;2026-09-04T17:49:34.203Z;Courses de lévriers;OK;5,1;5074
04/09/2026 20:02:25;2026-09-04T18:02:25.823Z;Courses hippiques (PMU);OK;5,1;5113
04/09/2026 20:02:25;2026-09-04T18:02:25.823Z;Courses de lévriers;OK;4,3;4323
04/09/2026 20:13:19;2026-09-04T18:13:19.468Z;Courses hippiques (PMU);OK;4,2;4246
04/09/2026 20:13:19;2026-09-04T18:13:19.468Z;Courses de lévriers;OK;6,0;6048
04/09/2026 20:25:20;2026-09-04T18:25:20.887Z;Courses hippiques (PMU);OK;6,2;6247
04/09/2026 20:25:20;2026-09-04T18:25:20.887Z;Courses de lévriers;OK;5,2;5194
04/09/2026 20:37:18;2026-09-04T18:37:18.247Z;Courses hippiques (PMU);OK;5,1;5059
04/09/2026 20:37:18;2026-09-04T18:37:18.247Z;Courses de lévriers;OK;5,0;4956
04/09/2026 20:49:29;2026-09-04T18:49:29.679Z;Courses hippiques (PMU);OK;5,0;4998
04/09/2026 20:49:29;2026-09-04T18:49:29.679Z;Courses de lévriers;OK;4,0;4026
04/09/2026 21:03:00;2026-09-04T19:03:00.607Z;Courses hippiques (PMU);OK;5,5;5465
04/09/2026 21:03:00;2026-09-04T19:03:00.607Z;Courses de lévriers;OK;4,7;4708
04/09/2026 21:13:18;2026-09-04T19:13:18.180Z;Courses hippiques (PMU);ECHEC;5,0;5030
04/09/2026 21:13:18;2026-09-04T19:13:18.180Z;Courses de lévriers;OK;5,1;5075
04/09/2026 21:25:25;2026-09-04T19:25:25.503Z;Courses hippiques (PMU);OK;4,2;4245
04/09/2026 21:25:25;2026-09-04T19:25:25.503Z;Courses de lévriers;OK;5,6;5592
04/09/2026 21:37:27;2026-09-04T19:37:27.280Z;Courses hippiques (PMU);OK;5,2;5230
04/09/2026 21:37:27;2026-09-04T19:37:27.280Z;Courses de lévriers;OK;7,6;7649
04/09/2026 21:49:20;2026-09-04T19:49:20.551Z;Courses hippiques (PMU);OK;5,0;4967
04/09/2026 21:49:20;2026-09-04T19:49:20.551Z;Courses de lévriers;OK;5,8;5819
04/09/2026 22:01:51;2026-09-04T20:01:51.675Z;Courses hippiques (PMU);OK;6,5;6510
04/09/2026 22:01:51;2026-09-04T20:01:51.675Z;Courses de lévriers;OK;7,1;7138
04/09/2026 22:13:25;2026-09-04T20:13:25.298Z;Courses hippiques (PMU);OK;6,5;6531
04/09/2026 22:13:25;2026-09-04T20:13:25.298Z;Courses de lévriers;OK;4,6;4600
04/09/2026 22:25:22;2026-09-04T20:25:22.391Z;Courses hippiques (PMU);OK;4,5;4481
04/09/2026 22:25:22;2026-09-04T20:25:22.391Z;Courses de lévriers;OK;4,7;4655
04/09/2026 22:37:22;2026-09-04T20:37:22.546Z;Courses hippiques (PMU);OK;4,1;4132
04/09/2026 22:37:22;2026-09-04T20:37:22.546Z;Courses de lévriers;OK;3,9;3882
04/09/2026 22:48:13;2026-09-04T20:48:13.498Z;Courses hippiques (PMU);OK;5,4;5427
04/09/2026 22:48:13;2026-09-04T20:48:13.498Z;Courses de lévriers;OK;6,7;6681
04/09/2026 22:49:22;2026-09-04T20:49:22.921Z;Courses hippiques (PMU);OK;5,0;4993
04/09/2026 22:49:22;2026-09-04T20:49:22.921Z;Courses de lévriers;OK;4,8;4772
04/09/2026 23:02:06;2026-09-04T21:02:06.635Z;Courses hippiques (PMU);OK;4,4;4365
04/09/2026 23:02:06;2026-09-04T21:02:06.635Z;Courses de lévriers;OK;4,8;4778
04/09/2026 23:13:29;2026-09-04T21:13:29.664Z;Courses hippiques (PMU);OK;4,7;4666
04/09/2026 23:13:29;2026-09-04T21:13:29.664Z;Courses de lévriers;OK;3,5;3548
04/09/2026 23:25:23;2026-09-04T21:25:23.698Z;Courses hippiques (PMU);OK;5,5;5509
04/09/2026 23:25:23;2026-09-04T21:25:23.698Z;Courses de lévriers;OK;6,6;6563
04/09/2026 23:37:20;2026-09-04T21:37:20.443Z;Courses hippiques (PMU);OK;4,9;4892
04/09/2026 23:37:20;2026-09-04T21:37:20.443Z;Courses de lévriers;OK;4,8;4775
04/09/2026 23:49:21;2026-09-04T21:49:21.235Z;Courses hippiques (PMU);OK;6,5;6491
04/09/2026 23:49:21;2026-09-04T21:49:21.235Z;Courses de lévriers;OK;6,8;6762
05/09/2026 01:04:03;2026-09-04T23:04:03.648Z;Courses hippiques (PMU);OK;2,8;2787
05/09/2026 01:04:03;2026-09-04T23:04:03.648Z;Courses de lévriers;OK;2,4;2413
05/09/2026 06:34:28;2026-09-05T04:34:28.020Z;Courses hippiques (PMU);OK;2,1;2087
05/09/2026 06:34:28;2026-09-05T04:34:28.020Z;Courses de lévriers;OK;1,4;1382
05/09/2026 08:01:40;2026-09-05T06:01:40.161Z;Courses hippiques (PMU);OK;1,8;1821
05/09/2026 08:01:40;2026-09-05T06:01:40.161Z;Courses de lévriers;OK;1,3;1327
05/09/2026 08:13:14;2026-09-05T06:13:14.470Z;Courses hippiques (PMU);OK;2,0;2046
05/09/2026 08:13:14;2026-09-05T06:13:14.470Z;Courses de lévriers;OK;1,3;1265
05/09/2026 08:25:10;2026-09-05T06:25:10.397Z;Courses hippiques (PMU);OK;2,5;2525
05/09/2026 08:25:10;2026-09-05T06:25:10.397Z;Courses de lévriers;OK;2,2;2158
05/09/2026 08:37:18;2026-09-05T06:37:18.707Z;Courses hippiques (PMU);OK;5,8;5808
05/09/2026 08:37:18;2026-09-05T06:37:18.707Z;Courses de lévriers;OK;6,0;6004
05/09/2026 08:49:22;2026-09-05T06:49:22.784Z;Courses hippiques (PMU);OK;4,9;4877
05/09/2026 08:49:22;2026-09-05T06:49:22.784Z;Courses de lévriers;OK;3,3;3310
05/09/2026 09:01:47;2026-09-05T07:01:47.956Z;Courses hippiques (PMU);OK;3,9;3896
05/09/2026 09:01:47;2026-09-05T07:01:47.956Z;Courses de lévriers;OK;3,7;3652
05/09/2026 09:13:18;2026-09-05T07:13:18.531Z;Courses hippiques (PMU);OK;4,6;4567
05/09/2026 09:13:18;2026-09-05T07:13:18.531Z;Courses de lévriers;OK;4,0;4021
05/09/2026 09:25:31;2026-09-05T07:25:31.396Z;Courses hippiques (PMU);OK;4,2;4200
05/09/2026 09:25:31;2026-09-05T07:25:31.396Z;Courses de lévriers;OK;3,6;3607
05/09/2026 09:37:15;2026-09-05T07:37:15.261Z;Courses hippiques (PMU);OK;4,3;4339
05/09/2026 09:37:15;2026-09-05T07:37:15.261Z;Courses de lévriers;OK;3,3;3266
05/09/2026 09:49:14;2026-09-05T07:49:14.991Z;Courses hippiques (PMU);ECHEC;3,5;3526
05/09/2026 09:49:14;2026-09-05T07:49:14.991Z;Courses de lévriers;OK;3,6;3583
05/09/2026 10:01:45;2026-09-05T08:01:45.342Z;Courses hippiques (PMU);OK;5,1;5126
05/09/2026 10:01:45;2026-09-05T08:01:45.342Z;Courses de lévriers;OK;4,5;4474
05/09/2026 10:13:19;2026-09-05T08:13:19.664Z;Courses hippiques (PMU);OK;3,8;3838
05/09/2026 10:13:19;2026-09-05T08:13:19.664Z;Courses de lévriers;OK;4,1;4088
05/09/2026 10:25:15;2026-09-05T08:25:15.404Z;Courses hippiques (PMU);OK;5,0;5007
05/09/2026 10:25:15;2026-09-05T08:25:15.404Z;Courses de lévriers;OK;4,6;4568
05/09/2026 10:37:18;2026-09-05T08:37:18.781Z;Courses hippiques (PMU);OK;5,5;5536
05/09/2026 10:37:18;2026-09-05T08:37:18.781Z;Courses de lévriers;OK;4,0;3959
05/09/2026 10:49:18;2026-09-05T08:49:18.206Z;Courses hippiques (PMU);OK;3,7;3710
05/09/2026 10:49:18;2026-09-05T08:49:18.206Z;Courses de lévriers;OK;3,2;3164
05/09/2026 11:01:45;2026-09-05T09:01:45.304Z;Courses hippiques (PMU);OK;5,1;5127
05/09/2026 11:01:45;2026-09-05T09:01:45.304Z;Courses de lévriers;OK;5,3;5334
05/09/2026 11:13:17;2026-09-05T09:13:17.741Z;Courses hippiques (PMU);OK;3,8;3806
05/09/2026 11:13:17;2026-09-05T09:13:17.741Z;Courses de lévriers;OK;4,1;4081
05/09/2026 11:25:17;2026-09-05T09:25:17.295Z;Courses hippiques (PMU);OK;4,2;4197
05/09/2026 11:25:17;2026-09-05T09:25:17.295Z;Courses de lévriers;OK;3,6;3625
05/09/2026 11:37:20;2026-09-05T09:37:20.770Z;Courses hippiques (PMU);OK;4,2;4223
05/09/2026 11:37:20;2026-09-05T09:37:20.770Z;Courses de lévriers;OK;6,5;6501
05/09/2026 11:49:17;2026-09-05T09:49:17.172Z;Courses hippiques (PMU);OK;5,0;5047
05/09/2026 11:49:17;2026-09-05T09:49:17.172Z;Courses de lévriers;OK;4,3;4267
05/09/2026 12:01:48;2026-09-05T10:01:48.928Z;Courses hippiques (PMU);OK;5,6;5569
05/09/2026 12:01:48;2026-09-05T10:01:48.928Z;Courses de lévriers;OK;5,8;5788
05/09/2026 12:13:16;2026-09-05T10:13:16.307Z;Courses hippiques (PMU);ECHEC;4,5;4506
05/09/2026 12:13:16;2026-09-05T10:13:16.307Z;Courses de lévriers;OK;4,7;4688
05/09/2026 12:25:17;2026-09-05T10:25:17.717Z;Courses hippiques (PMU);OK;5,0;5049
05/09/2026 12:25:17;2026-09-05T10:25:17.717Z;Courses de lévriers;OK;4,7;4739
05/09/2026 12:37:16;2026-09-05T10:37:16.476Z;Courses hippiques (PMU);OK;4,7;4745
05/09/2026 12:37:16;2026-09-05T10:37:16.476Z;Courses de lévriers;OK;4,9;4862
05/09/2026 12:39:33;2026-09-05T10:39:33.435Z;Courses hippiques (PMU);OK;4,3;4313
05/09/2026 12:39:33;2026-09-05T10:39:33.435Z;Courses de lévriers;OK;3,8;3754
05/09/2026 12:49:20;2026-09-05T10:49:20.231Z;Courses hippiques (PMU);OK;5,6;5608
05/09/2026 12:49:20;2026-09-05T10:49:20.231Z;Courses de lévriers;OK;6,1;6058
05/09/2026 13:01:49;2026-09-05T11:01:49.742Z;Courses hippiques (PMU);ECHEC;5,6;5564
05/09/2026 13:01:49;2026-09-05T11:01:49.742Z;Courses de lévriers;OK;6,1;6101
05/09/2026 13:13:23;2026-09-05T11:13:23.681Z;Courses hippiques (PMU);ECHEC;6,5;6529
05/09/2026 13:13:23;2026-09-05T11:13:23.681Z;Courses de lévriers;OK;5,4;5399
05/09/2026 13:25:30;2026-09-05T11:25:30.670Z;Courses hippiques (PMU);OK;6,2;6150
05/09/2026 13:25:30;2026-09-05T11:25:30.670Z;Courses de lévriers;OK;4,8;4765
05/09/2026 13:37:21;2026-09-05T11:37:21.211Z;Courses hippiques (PMU);OK;5,1;5127
05/09/2026 13:37:21;2026-09-05T11:37:21.211Z;Courses de lévriers;OK;6,7;6722
05/09/2026 13:49:21;2026-09-05T11:49:21.637Z;Courses hippiques (PMU);OK;6,2;6228
05/09/2026 13:49:21;2026-09-05T11:49:21.637Z;Courses de lévriers;OK;5,6;5601
05/09/2026 14:01:51;2026-09-05T12:01:51.949Z;Courses hippiques (PMU);OK;5,8;5802
05/09/2026 14:01:51;2026-09-05T12:01:51.949Z;Courses de lévriers;OK;5,7;5733
05/09/2026 14:13:20;2026-09-05T12:13:20.445Z;Courses hippiques (PMU);OK;6,0;5951
05/09/2026 14:13:20;2026-09-05T12:13:20.445Z;Courses de lévriers;OK;5,0;5012
05/09/2026 14:25:19;2026-09-05T12:25:19.501Z;Courses hippiques (PMU);OK;5,1;5116
05/09/2026 14:25:19;2026-09-05T12:25:19.501Z;Courses de lévriers;OK;4,7;4718
05/09/2026 14:37:17;2026-09-05T12:37:17.292Z;Courses hippiques (PMU);OK;5,5;5453
05/09/2026 14:37:17;2026-09-05T12:37:17.292Z;Courses de lévriers;OK;4,6;4613
05/09/2026 14:49:18;2026-09-05T12:49:18.144Z;Courses hippiques (PMU);OK;5,9;5871
05/09/2026 14:49:18;2026-09-05T12:49:18.144Z;Courses de lévriers;OK;4,7;4666
05/09/2026 15:01:51;2026-09-05T13:01:51.246Z;Courses hippiques (PMU);OK;5,7;5672
05/09/2026 15:01:51;2026-09-05T13:01:51.246Z;Courses de lévriers;OK;4,6;4628
05/09/2026 15:13:19;2026-09-05T13:13:19.869Z;Courses hippiques (PMU);OK;5,3;5292
05/09/2026 15:13:19;2026-09-05T13:13:19.869Z;Courses de lévriers;OK;6,7;6684
05/09/2026 15:25:17;2026-09-05T13:25:17.054Z;Courses hippiques (PMU);OK;5,0;4960
05/09/2026 15:25:17;2026-09-05T13:25:17.054Z;Courses de lévriers;OK;4,3;4327
05/09/2026 15:37:23;2026-09-05T13:37:23.732Z;Courses hippiques (PMU);OK;5,6;5582
05/09/2026 15:37:23;2026-09-05T13:37:23.732Z;Courses de lévriers;OK;5,0;5009
05/09/2026 15:49:24;2026-09-05T13:49:24.911Z;Courses hippiques (PMU);OK;5,3;5266
05/09/2026 15:49:24;2026-09-05T13:49:24.911Z;Courses de lévriers;OK;5,0;5003
05/09/2026 16:01:50;2026-09-05T14:01:50.496Z;Courses hippiques (PMU);OK;5,3;5321
05/09/2026 16:01:50;2026-09-05T14:01:50.496Z;Courses de lévriers;OK;5,3;5264
05/09/2026 16:13:35;2026-09-05T14:13:35.687Z;Courses hippiques (PMU);OK;5,3;5271
05/09/2026 16:13:35;2026-09-05T14:13:35.687Z;Courses de lévriers;OK;4,5;4462
05/09/2026 16:25:16;2026-09-05T14:25:16.847Z;Courses hippiques (PMU);OK;4,9;4854
05/09/2026 16:25:16;2026-09-05T14:25:16.847Z;Courses de lévriers;OK;4,5;4511
05/09/2026 16:37:18;2026-09-05T14:37:18.593Z;Courses hippiques (PMU);OK;6,4;6412
05/09/2026 16:37:18;2026-09-05T14:37:18.593Z;Courses de lévriers;OK;5,9;5851
05/09/2026 16:49:19;2026-09-05T14:49:19.310Z;Courses hippiques (PMU);OK;5,9;5851
05/09/2026 16:49:19;2026-09-05T14:49:19.310Z;Courses de lévriers;OK;4,8;4837
05/09/2026 17:01:49;2026-09-05T15:01:49.968Z;Courses hippiques (PMU);OK;4,9;4872
05/09/2026 17:01:49;2026-09-05T15:01:49.968Z;Courses de lévriers;OK;5,6;5620
05/09/2026 17:13:17;2026-09-05T15:13:17.410Z;Courses hippiques (PMU);OK;5,0;5032
05/09/2026 17:13:17;2026-09-05T15:13:17.410Z;Courses de lévriers;OK;5,5;5465
05/09/2026 17:17:31;2026-09-05T15:17:31.281Z;Courses hippiques (PMU);OK;6,4;6428
05/09/2026 17:17:31;2026-09-05T15:17:31.281Z;Courses de lévriers;OK;4,8;4790
05/09/2026 17:25:14;2026-09-05T15:25:14.226Z;Courses hippiques (PMU);OK;5,8;5786
05/09/2026 17:25:14;2026-09-05T15:25:14.226Z;Courses de lévriers;OK;6,5;6519
05/09/2026 17:37:15;2026-09-05T15:37:15.444Z;Courses hippiques (PMU);OK;5,1;5095
05/09/2026 17:37:15;2026-09-05T15:37:15.444Z;Courses de lévriers;OK;4,8;4839
05/09/2026 17:49:21;2026-09-05T15:49:21.549Z;Courses hippiques (PMU);OK;4,9;4916
05/09/2026 17:49:21;2026-09-05T15:49:21.549Z;Courses de lévriers;OK;5,7;5653
05/09/2026 18:01:49;2026-09-05T16:01:49.677Z;Courses hippiques (PMU);OK;5,0;4977
05/09/2026 18:01:49;2026-09-05T16:01:49.677Z;Courses de lévriers;OK;5,5;5537
05/09/2026 18:13:16;2026-09-05T16:13:16.304Z;Courses hippiques (PMU);OK;4,9;4921
05/09/2026 18:13:16;2026-09-05T16:13:16.304Z;Courses de lévriers;OK;4,6;4588
05/09/2026 18:25:19;2026-09-05T16:25:19.826Z;Courses hippiques (PMU);OK;5,4;5427
05/09/2026 18:25:19;2026-09-05T16:25:19.826Z;Courses de lévriers;OK;5,1;5057
05/09/2026 18:37:22;2026-09-05T16:37:22.296Z;Courses hippiques (PMU);OK;6,0;6050
05/09/2026 18:37:22;2026-09-05T16:37:22.296Z;Courses de lévriers;OK;4,7;4741
05/09/2026 18:49:19;2026-09-05T16:49:19.521Z;Courses hippiques (PMU);ECHEC;5,5;5460
05/09/2026 18:49:19;2026-09-05T16:49:19.521Z;Courses de lévriers;OK;6,5;6466
05/09/2026 19:01:46;2026-09-05T17:01:46.173Z;Courses hippiques (PMU);OK;5,8;5847
05/09/2026 19:01:46;2026-09-05T17:01:46.173Z;Courses de lévriers;OK;5,9;5937
05/09/2026 19:13:17;2026-09-05T17:13:17.557Z;Courses hippiques (PMU);OK;4,4;4395
05/09/2026 19:13:17;2026-09-05T17:13:17.557Z;Courses de lévriers;OK;4,7;4747
05/09/2026 19:24:22;2026-09-05T17:24:22.609Z;Courses hippiques (PMU);ECHEC;6,5;6471
05/09/2026 19:24:22;2026-09-05T17:24:22.609Z;Courses de lévriers;OK;5,0;5048
05/09/2026 19:25:16;2026-09-05T17:25:16.445Z;Courses hippiques (PMU);OK;5,1;5074
05/09/2026 19:25:16;2026-09-05T17:25:16.445Z;Courses de lévriers;OK;4,5;4521
05/09/2026 19:37:15;2026-09-05T17:37:15.424Z;Courses hippiques (PMU);OK;5,1;5070
05/09/2026 19:37:15;2026-09-05T17:37:15.424Z;Courses de lévriers;OK;4,5;4467
05/09/2026 19:49:22;2026-09-05T17:49:22.204Z;Courses hippiques (PMU);OK;5,8;5785
05/09/2026 19:49:22;2026-09-05T17:49:22.204Z;Courses de lévriers;OK;5,6;5577
05/09/2026 20:01:47;2026-09-05T18:01:47.369Z;Courses hippiques (PMU);OK;5,0;5021
05/09/2026 20:01:47;2026-09-05T18:01:47.369Z;Courses de lévriers;OK;5,4;5391
05/09/2026 20:13:17;2026-09-05T18:13:17.001Z;Courses hippiques (PMU);OK;5,1;5085
05/09/2026 20:13:17;2026-09-05T18:13:17.001Z;Courses de lévriers;OK;4,5;4504
05/09/2026 20:25:17;2026-09-05T18:25:17.640Z;Courses hippiques (PMU);OK;5,4;5383
05/09/2026 20:25:17;2026-09-05T18:25:17.640Z;Courses de lévriers;OK;4,6;4601
05/09/2026 20:37:20;2026-09-05T18:37:20.913Z;Courses hippiques (PMU);OK;6,0;5967
05/09/2026 20:37:20;2026-09-05T18:37:20.913Z;Courses de lévriers;OK;6,6;6620
05/09/2026 20:49:22;2026-09-05T18:49:22.057Z;Courses hippiques (PMU);OK;5,2;5215
05/09/2026 20:49:22;2026-09-05T18:49:22.057Z;Courses de lévriers;OK;4,6;4573
05/09/2026 21:01:56;2026-09-05T19:01:56.514Z;Courses hippiques (PMU);OK;5,0;4972
05/09/2026 21:01:56;2026-09-05T19:01:56.514Z;Courses de lévriers;OK;6,2;6173
05/09/2026 21:13:19;2026-09-05T19:13:19.328Z;Courses hippiques (PMU);OK;4,8;4849
05/09/2026 21:13:19;2026-09-05T19:13:19.328Z;Courses de lévriers;OK;5,0;5048
05/09/2026 21:25:51;2026-09-05T19:25:51.259Z;Courses hippiques (PMU);OK;5,1;5096
05/09/2026 21:25:51;2026-09-05T19:25:51.259Z;Courses de lévriers;OK;4,5;4452
05/09/2026 21:37:20;2026-09-05T19:37:20.485Z;Courses hippiques (PMU);OK;5,1;5137
05/09/2026 21:37:20;2026-09-05T19:37:20.485Z;Courses de lévriers;OK;4,4;4353
05/09/2026 21:49:18;2026-09-05T19:49:18.316Z;Courses hippiques (PMU);OK;5,7;5716
05/09/2026 21:49:18;2026-09-05T19:49:18.316Z;Courses de lévriers;OK;4,8;4776
05/09/2026 22:01:46;2026-09-05T20:01:46.671Z;Courses hippiques (PMU);OK;6,6;6565
05/09/2026 22:01:46;2026-09-05T20:01:46.671Z;Courses de lévriers;OK;5,5;5456
05/09/2026 22:13:18;2026-09-05T20:13:18.190Z;Courses hippiques (PMU);OK;5,6;5589
05/09/2026 22:13:18;2026-09-05T20:13:18.190Z;Courses de lévriers;OK;5,5;5454
05/09/2026 22:25:09;2026-09-05T20:25:09.579Z;Courses hippiques (PMU);OK;5,0;4986
05/09/2026 22:25:09;2026-09-05T20:25:09.579Z;Courses de lévriers;OK;5,6;5642
05/09/2026 22:37:28;2026-09-05T20:37:28.463Z;Courses hippiques (PMU);OK;4,9;4896
05/09/2026 22:37:28;2026-09-05T20:37:28.463Z;Courses de lévriers;OK;4,5;4467
05/09/2026 22:49:15;2026-09-05T20:49:15.902Z;Courses hippiques (PMU);OK;5,0;4972
05/09/2026 22:49:15;2026-09-05T20:49:15.902Z;Courses de lévriers;OK;4,6;4591
05/09/2026 23:01:52;2026-09-05T21:01:52.696Z;Courses hippiques (PMU);OK;6,5;6450
05/09/2026 23:01:52;2026-09-05T21:01:52.696Z;Courses de lévriers;OK;5,8;5763
05/09/2026 23:13:19;2026-09-05T21:13:19.984Z;Courses hippiques (PMU);OK;5,6;5566
05/09/2026 23:13:19;2026-09-05T21:13:19.984Z;Courses de lévriers;OK;5,2;5176
05/09/2026 23:25:20;2026-09-05T21:25:20.891Z;Courses hippiques (PMU);OK;6,9;6927
05/09/2026 23:25:20;2026-09-05T21:25:20.891Z;Courses de lévriers;OK;5,0;4977
05/09/2026 23:37:18;2026-09-05T21:37:18.185Z;Courses hippiques (PMU);OK;5,0;5016
05/09/2026 23:37:18;2026-09-05T21:37:18.185Z;Courses de lévriers;OK;4,9;4897
05/09/2026 23:49:36;2026-09-05T21:49:36.142Z;Courses hippiques (PMU);OK;5,7;5736
05/09/2026 23:49:36;2026-09-05T21:49:36.142Z;Courses de lévriers;OK;5,6;5578
06/09/2026 00:56:56;2026-09-05T22:56:56.127Z;Courses hippiques (PMU);OK;2,6;2646
06/09/2026 00:56:56;2026-09-05T22:56:56.127Z;Courses de lévriers;OK;1,6;1560
06/09/2026 06:43:48;2026-09-06T04:43:48.721Z;Courses hippiques (PMU);OK;2,4;2374
06/09/2026 06:43:48;2026-09-06T04:43:48.721Z;Courses de lévriers;OK;1,6;1604
06/09/2026 08:01:50;2026-09-06T06:01:50.079Z;Courses hippiques (PMU);OK;2,5;2483
06/09/2026 08:01:50;2026-09-06T06:01:50.079Z;Courses de lévriers;OK;1,9;1950
06/09/2026 08:13:13;2026-09-06T06:13:13.693Z;Courses hippiques (PMU);OK;2,3;2319
06/09/2026 08:13:13;2026-09-06T06:13:13.693Z;Courses de lévriers;OK;1,6;1642
06/09/2026 08:25:11;2026-09-06T06:25:11.667Z;Courses hippiques (PMU);OK;1,9;1851
06/09/2026 08:25:11;2026-09-06T06:25:11.667Z;Courses de lévriers;OK;1,9;1903
06/09/2026 08:37:17;2026-09-06T06:37:17.912Z;Courses hippiques (PMU);OK;5,2;5178
06/09/2026 08:37:17;2026-09-06T06:37:17.912Z;Courses de lévriers;OK;5,8;5759
06/09/2026 08:49:16;2026-09-06T06:49:16.863Z;Courses hippiques (PMU);ECHEC;4,0;4040
06/09/2026 08:49:16;2026-09-06T06:49:16.863Z;Courses de lévriers;OK;5,4;5425
06/09/2026 09:02:05;2026-09-06T07:02:05.476Z;Courses hippiques (PMU);OK;5,3;5348
06/09/2026 09:02:05;2026-09-06T07:02:05.476Z;Courses de lévriers;OK;5,7;5715
06/09/2026 09:13:17;2026-09-06T07:13:17.867Z;Courses hippiques (PMU);OK;5,2;5201
06/09/2026 09:13:17;2026-09-06T07:13:17.867Z;Courses de lévriers;OK;4,5;4514
06/09/2026 09:25:25;2026-09-06T07:25:25.485Z;Courses hippiques (PMU);OK;5,8;5805
06/09/2026 09:25:25;2026-09-06T07:25:25.485Z;Courses de lévriers;OK;5,4;5363
06/09/2026 09:37:26;2026-09-06T07:37:26.170Z;Courses hippiques (PMU);ECHEC;4,5;4550
06/09/2026 09:37:26;2026-09-06T07:37:26.170Z;Courses de lévriers;OK;5,3;5278
06/09/2026 09:49:23;2026-09-06T07:49:23.068Z;Courses hippiques (PMU);OK;5,1;5070
06/09/2026 09:49:23;2026-09-06T07:49:23.068Z;Courses de lévriers;OK;4,8;4785
06/09/2026 10:01:46;2026-09-06T08:01:46.304Z;Courses hippiques (PMU);OK;5,2;5192
06/09/2026 10:01:46;2026-09-06T08:01:46.304Z;Courses de lévriers;OK;4,3;4328
06/09/2026 10:13:16;2026-09-06T08:13:16.827Z;Courses hippiques (PMU);OK;4,5;4528
06/09/2026 10:13:16;2026-09-06T08:13:16.827Z;Courses de lévriers;OK;4,7;4661
06/09/2026 10:25:18;2026-09-06T08:25:18.772Z;Courses hippiques (PMU);OK;5,1;5145
06/09/2026 10:25:18;2026-09-06T08:25:18.772Z;Courses de lévriers;OK;4,5;4476
06/09/2026 10:37:20;2026-09-06T08:37:20.555Z;Courses hippiques (PMU);ECHEC;4,2;4151
06/09/2026 10:37:20;2026-09-06T08:37:20.555Z;Courses de lévriers;OK;4,5;4527
06/09/2026 10:49:16;2026-09-06T08:49:16.217Z;Courses hippiques (PMU);OK;5,1;5053
06/09/2026 10:49:16;2026-09-06T08:49:16.217Z;Courses de lévriers;OK;4,8;4814
06/09/2026 11:01:53;2026-09-06T09:01:53.931Z;Courses hippiques (PMU);OK;5,4;5420
06/09/2026 11:01:53;2026-09-06T09:01:53.931Z;Courses de lévriers;OK;4,8;4761
06/09/2026 11:13:18;2026-09-06T09:13:18.756Z;Courses hippiques (PMU);OK;5,4;5382
06/09/2026 11:13:18;2026-09-06T09:13:18.756Z;Courses de lévriers;OK;5,0;5046
06/09/2026 11:25:19;2026-09-06T09:25:19.520Z;Courses hippiques (PMU);ECHEC;4,7;4665
06/09/2026 11:25:19;2026-09-06T09:25:19.520Z;Courses de lévriers;OK;5,0;5009
06/09/2026 11:37:18;2026-09-06T09:37:18.265Z;Courses hippiques (PMU);ECHEC;4,2;4180
06/09/2026 11:37:18;2026-09-06T09:37:18.265Z;Courses de lévriers;OK;5,6;5649
06/09/2026 11:49:22;2026-09-06T09:49:22.700Z;Courses hippiques (PMU);OK;4,3;4254
06/09/2026 11:49:22;2026-09-06T09:49:22.700Z;Courses de lévriers;OK;3,5;3474
06/09/2026 12:01:49;2026-09-06T10:01:49.621Z;Courses hippiques (PMU);OK;4,2;4195
06/09/2026 12:01:49;2026-09-06T10:01:49.621Z;Courses de lévriers;OK;4,9;4944
06/09/2026 12:13:20;2026-09-06T10:13:20.997Z;Courses hippiques (PMU);OK;5,5;5545
06/09/2026 12:13:20;2026-09-06T10:13:20.997Z;Courses de lévriers;OK;4,8;4757
06/09/2026 12:25:29;2026-09-06T10:25:29.608Z;Courses hippiques (PMU);OK;6,1;6061
06/09/2026 12:25:29;2026-09-06T10:25:29.608Z;Courses de lévriers;OK;5,5;5475
06/09/2026 12:37:17;2026-09-06T10:37:17.552Z;Courses hippiques (PMU);ECHEC;4,3;4321
06/09/2026 12:37:17;2026-09-06T10:37:17.552Z;Courses de lévriers;OK;4,7;4688
06/09/2026 12:49:21;2026-09-06T10:49:21.549Z;Courses hippiques (PMU);OK;5,3;5280
06/09/2026 12:49:21;2026-09-06T10:49:21.549Z;Courses de lévriers;OK;6,6;6649
06/09/2026 13:01:35;2026-09-06T11:01:35.790Z;Courses hippiques (PMU);OK;5,2;5218
06/09/2026 13:01:35;2026-09-06T11:01:35.790Z;Courses de lévriers;OK;5,8;5794
06/09/2026 13:13:20;2026-09-06T11:13:20.371Z;Courses hippiques (PMU);ECHEC;4,6;4558
06/09/2026 13:13:20;2026-09-06T11:13:20.371Z;Courses de lévriers;OK;7,2;7181
06/09/2026 13:25:16;2026-09-06T11:25:16.576Z;Courses hippiques (PMU);OK;4,8;4774
06/09/2026 13:25:16;2026-09-06T11:25:16.576Z;Courses de lévriers;OK;4,3;4317
06/09/2026 13:37:26;2026-09-06T11:37:26.547Z;Courses hippiques (PMU);OK;5,2;5227
06/09/2026 13:37:26;2026-09-06T11:37:26.547Z;Courses de lévriers;OK;5,4;5438
06/09/2026 13:49:31;2026-09-06T11:49:31.192Z;Courses hippiques (PMU);OK;4,9;4934
06/09/2026 13:49:31;2026-09-06T11:49:31.192Z;Courses de lévriers;OK;5,1;5072
06/09/2026 14:01:46;2026-09-06T12:01:46.658Z;Courses hippiques (PMU);OK;4,8;4774
06/09/2026 14:01:46;2026-09-06T12:01:46.658Z;Courses de lévriers;OK;4,1;4105
06/09/2026 14:13:24;2026-09-06T12:13:24.990Z;Courses hippiques (PMU);OK;5,1;5103
06/09/2026 14:13:24;2026-09-06T12:13:24.990Z;Courses de lévriers;OK;5,6;5598
06/09/2026 14:25:22;2026-09-06T12:25:22.141Z;Courses hippiques (PMU);OK;5,7;5664
06/09/2026 14:25:22;2026-09-06T12:25:22.141Z;Courses de lévriers;OK;5,8;5834
06/09/2026 14:37:22;2026-09-06T12:37:22.819Z;Courses hippiques (PMU);OK;6,1;6105
06/09/2026 14:37:22;2026-09-06T12:37:22.819Z;Courses de lévriers;OK;5,4;5449
06/09/2026 14:49:19;2026-09-06T12:49:19.236Z;Courses hippiques (PMU);OK;5,2;5155
06/09/2026 14:49:19;2026-09-06T12:49:19.236Z;Courses de lévriers;OK;5,7;5703
06/09/2026 15:01:53;2026-09-06T13:01:53.471Z;Courses hippiques (PMU);OK;6,6;6648
06/09/2026 15:01:53;2026-09-06T13:01:53.471Z;Courses de lévriers;OK;5,7;5699
06/09/2026 15:13:19;2026-09-06T13:13:19.211Z;Courses hippiques (PMU);OK;5,0;5047
06/09/2026 15:13:19;2026-09-06T13:13:19.211Z;Courses de lévriers;OK;5,9;5937
06/09/2026 15:25:15;2026-09-06T13:25:15.132Z;Courses hippiques (PMU);OK;4,8;4758
06/09/2026 15:25:15;2026-09-06T13:25:15.132Z;Courses de lévriers;OK;4,5;4521
06/09/2026 15:37:17;2026-09-06T13:37:17.571Z;Courses hippiques (PMU);OK;5,2;5231
06/09/2026 15:37:17;2026-09-06T13:37:17.571Z;Courses de lévriers;OK;5,7;5702
06/09/2026 15:49:17;2026-09-06T13:49:17.411Z;Courses hippiques (PMU);OK;5,7;5725
06/09/2026 15:49:17;2026-09-06T13:49:17.411Z;Courses de lévriers;OK;6,2;6156
06/09/2026 16:01:47;2026-09-06T14:01:47.378Z;Courses hippiques (PMU);OK;5,0;5005
06/09/2026 16:01:47;2026-09-06T14:01:47.378Z;Courses de lévriers;OK;4,3;4258
06/09/2026 16:13:22;2026-09-06T14:13:22.863Z;Courses hippiques (PMU);OK;4,9;4934
06/09/2026 16:13:22;2026-09-06T14:13:22.863Z;Courses de lévriers;OK;5,8;5779
06/09/2026 16:25:21;2026-09-06T14:25:21.828Z;Courses hippiques (PMU);OK;5,5;5516
06/09/2026 16:25:21;2026-09-06T14:25:21.828Z;Courses de lévriers;OK;4,6;4597
06/09/2026 16:38:26;2026-09-06T14:38:26.311Z;Courses hippiques (PMU);ECHEC;4,5;4527
06/09/2026 16:38:26;2026-09-06T14:38:26.311Z;Courses de lévriers;OK;5,8;5793
06/09/2026 16:49:17;2026-09-06T14:49:17.349Z;Courses hippiques (PMU);OK;5,1;5085
06/09/2026 16:49:17;2026-09-06T14:49:17.349Z;Courses de lévriers;OK;5,5;5462
06/09/2026 17:01:47;2026-09-06T15:01:47.738Z;Courses hippiques (PMU);OK;4,6;4578
06/09/2026 17:01:47;2026-09-06T15:01:47.738Z;Courses de lévriers;OK;4,4;4421
06/09/2026 17:13:18;2026-09-06T15:13:18.294Z;Courses hippiques (PMU);OK;4,9;4936
06/09/2026 17:13:18;2026-09-06T15:13:18.294Z;Courses de lévriers;OK;5,0;4981
06/09/2026 17:25:20;2026-09-06T15:25:20.400Z;Courses hippiques (PMU);OK;4,5;4518
06/09/2026 17:25:20;2026-09-06T15:25:20.400Z;Courses de lévriers;OK;4,1;4081
06/09/2026 17:30:35;2026-09-06T15:30:35.221Z;Courses hippiques (PMU);OK;5,1;5067
06/09/2026 17:30:35;2026-09-06T15:30:35.221Z;Courses de lévriers;OK;5,0;5005
06/09/2026 17:37:21;2026-09-06T15:37:21.177Z;Courses hippiques (PMU);OK;5,4;5393
06/09/2026 17:37:21;2026-09-06T15:37:21.177Z;Courses de lévriers;OK;5,7;5650
06/09/2026 17:49:28;2026-09-06T15:49:28.490Z;Courses hippiques (PMU);OK;5,0;4960
06/09/2026 17:49:28;2026-09-06T15:49:28.490Z;Courses de lévriers;OK;6,3;6261
06/09/2026 18:01:46;2026-09-06T16:01:46.641Z;Courses hippiques (PMU);ECHEC;3,7;3728
06/09/2026 18:01:46;2026-09-06T16:01:46.641Z;Courses de lévriers;OK;4,8;4752
06/09/2026 18:13:15;2026-09-06T16:13:15.582Z;Courses hippiques (PMU);OK;5,0;5011
06/09/2026 18:13:15;2026-09-06T16:13:15.582Z;Courses de lévriers;OK;4,7;4671
06/09/2026 18:25:17;2026-09-06T16:25:17.434Z;Courses hippiques (PMU);OK;5,1;5128
06/09/2026 18:25:17;2026-09-06T16:25:17.434Z;Courses de lévriers;OK;5,5;5546
06/09/2026 18:37:14;2026-09-06T16:37:14.565Z;Courses hippiques (PMU);OK;4,9;4948
06/09/2026 18:37:14;2026-09-06T16:37:14.565Z;Courses de lévriers;OK;4,4;4410
06/09/2026 18:49:18;2026-09-06T16:49:18.084Z;Courses hippiques (PMU);OK;6,0;6042
06/09/2026 18:49:18;2026-09-06T16:49:18.084Z;Courses de lévriers;OK;4,5;4457
06/09/2026 19:01:47;2026-09-06T17:01:47.253Z;Courses hippiques (PMU);OK;5,1;5107
06/09/2026 19:01:47;2026-09-06T17:01:47.253Z;Courses de lévriers;OK;5,5;5453
06/09/2026 19:13:27;2026-09-06T17:13:27.175Z;Courses hippiques (PMU);OK;4,8;4806
06/09/2026 19:13:27;2026-09-06T17:13:27.175Z;Courses de lévriers;OK;4,5;4470
06/09/2026 19:25:15;2026-09-06T17:25:15.261Z;Courses hippiques (PMU);OK;4,2;4220
06/09/2026 19:25:15;2026-09-06T17:25:15.261Z;Courses de lévriers;OK;4,6;4606
06/09/2026 19:37:29;2026-09-06T17:37:29.501Z;Courses hippiques (PMU);OK;6,1;6080
06/09/2026 19:37:29;2026-09-06T17:37:29.501Z;Courses de lévriers;OK;5,4;5374
06/09/2026 19:49:14;2026-09-06T17:49:14.889Z;Courses hippiques (PMU);OK;4,1;4096
06/09/2026 19:49:14;2026-09-06T17:49:14.889Z;Courses de lévriers;OK;4,4;4427
06/09/2026 20:01:56;2026-09-06T18:01:56.025Z;Courses hippiques (PMU);OK;4,5;4544
06/09/2026 20:01:56;2026-09-06T18:01:56.025Z;Courses de lévriers;OK;6,0;5996
06/09/2026 20:13:17;2026-09-06T18:13:17.410Z;Courses hippiques (PMU);OK;4,4;4358
06/09/2026 20:13:17;2026-09-06T18:13:17.410Z;Courses de lévriers;OK;4,8;4756
06/09/2026 20:25:21;2026-09-06T18:25:21.450Z;Courses hippiques (PMU);OK;5,2;5236
06/09/2026 20:25:21;2026-09-06T18:25:21.450Z;Courses de lévriers;OK;4,8;4817
06/09/2026 20:37:16;2026-09-06T18:37:16.868Z;Courses hippiques (PMU);OK;4,5;4549
06/09/2026 20:37:16;2026-09-06T18:37:16.868Z;Courses de lévriers;OK;3,9;3866
06/09/2026 20:49:21;2026-09-06T18:49:21.457Z;Courses hippiques (PMU);OK;5,4;5355
06/09/2026 20:49:21;2026-09-06T18:49:21.457Z;Courses de lévriers;OK;5,7;5679
06/09/2026 21:02:22;2026-09-06T19:02:22.684Z;Courses hippiques (PMU);OK;5,4;5417
06/09/2026 21:02:22;2026-09-06T19:02:22.684Z;Courses de lévriers;OK;5,3;5334
06/09/2026 21:13:17;2026-09-06T19:13:17.959Z;Courses hippiques (PMU);OK;4,6;4641
06/09/2026 21:13:17;2026-09-06T19:13:17.959Z;Courses de lévriers;OK;4,7;4680
06/09/2026 21:25:23;2026-09-06T19:25:23.105Z;Courses hippiques (PMU);OK;5,3;5330
06/09/2026 21:25:23;2026-09-06T19:25:23.105Z;Courses de lévriers;OK;4,9;4867
06/09/2026 21:37:16;2026-09-06T19:37:16.787Z;Courses hippiques (PMU);OK;4,3;4281
06/09/2026 21:37:16;2026-09-06T19:37:16.787Z;Courses de lévriers;OK;4,5;4460
06/09/2026 21:49:21;2026-09-06T19:49:21.076Z;Courses hippiques (PMU);OK;5,2;5216
06/09/2026 21:49:21;2026-09-06T19:49:21.076Z;Courses de lévriers;OK;5,9;5871
06/09/2026 22:01:49;2026-09-06T20:01:49.045Z;Courses hippiques (PMU);OK;4,6;4591
06/09/2026 22:01:49;2026-09-06T20:01:49.045Z;Courses de lévriers;OK;6,3;6257
06/09/2026 22:13:19;2026-09-06T20:13:19.992Z;Courses hippiques (PMU);OK;6,1;6066
06/09/2026 22:13:19;2026-09-06T20:13:19.992Z;Courses de lévriers;OK;5,2;5246
06/09/2026 22:25:20;2026-09-06T20:25:20.817Z;Courses hippiques (PMU);OK;4,6;4580
06/09/2026 22:25:20;2026-09-06T20:25:20.817Z;Courses de lévriers;OK;4,1;4121
06/09/2026 22:27:01;2026-09-06T20:27:01.062Z;Courses hippiques (PMU);OK;5,2;5162
06/09/2026 22:27:01;2026-09-06T20:27:01.062Z;Courses de lévriers;OK;5,9;5886
06/09/2026 22:37:16;2026-09-06T20:37:16.577Z;Courses hippiques (PMU);OK;5,0;4998
06/09/2026 22:37:16;2026-09-06T20:37:16.577Z;Courses de lévriers;OK;4,4;4401
06/09/2026 22:49:20;2026-09-06T20:49:20.000Z;Courses hippiques (PMU);OK;6,2;6207
06/09/2026 22:49:20;2026-09-06T20:49:20.000Z;Courses de lévriers;OK;5,1;5134
06/09/2026 23:01:47;2026-09-06T21:01:47.176Z;Courses hippiques (PMU);OK;6,6;6569
06/09/2026 23:01:47;2026-09-06T21:01:47.176Z;Courses de lévriers;OK;5,4;5437
06/09/2026 23:13:20;2026-09-06T21:13:20.026Z;Courses hippiques (PMU);OK;5,6;5622
06/09/2026 23:13:20;2026-09-06T21:13:20.026Z;Courses de lévriers;OK;5,8;5849
06/09/2026 23:25:18;2026-09-06T21:25:18.913Z;Courses hippiques (PMU);OK;4,4;4389
06/09/2026 23:25:18;2026-09-06T21:25:18.913Z;Courses de lévriers;OK;4,8;4830
06/09/2026 23:37:15;2026-09-06T21:37:15.984Z;Courses hippiques (PMU);OK;5,2;5164
06/09/2026 23:37:15;2026-09-06T21:37:15.984Z;Courses de lévriers;OK;6,2;6157
06/09/2026 23:49:21;2026-09-06T21:49:21.454Z;Courses hippiques (PMU);OK;5,7;5694
06/09/2026 23:49:21;2026-09-06T21:49:21.454Z;Courses de lévriers;OK;5,8;5816
07/09/2026 00:55:07;2026-09-06T22:55:07.807Z;Courses hippiques (PMU);OK;2,3;2261
07/09/2026 00:55:07;2026-09-06T22:55:07.807Z;Courses de lévriers;OK;1,9;1851
07/09/2026 06:46:48;2026-09-07T04:46:48.406Z;Courses hippiques (PMU);OK;2,0;2028
07/09/2026 06:46:48;2026-09-07T04:46:48.406Z;Courses de lévriers;OK;1,8;1773
07/09/2026 08:01:43;2026-09-07T06:01:43.199Z;Courses hippiques (PMU);OK;2,1;2099
07/09/2026 08:01:43;2026-09-07T06:01:43.199Z;Courses de lévriers;OK;1,6;1612
07/09/2026 08:13:08;2026-09-07T06:13:08.340Z;Courses hippiques (PMU);OK;1,4;1416
07/09/2026 08:13:08;2026-09-07T06:13:08.340Z;Courses de lévriers;OK;1,0;1017
07/09/2026 08:25:15;2026-09-07T06:25:15.331Z;Courses hippiques (PMU);OK;1,9;1919
07/09/2026 08:25:15;2026-09-07T06:25:15.331Z;Courses de lévriers;OK;1,3;1264
07/09/2026 08:37:21;2026-09-07T06:37:21.689Z;Courses hippiques (PMU);OK;5,2;5217
07/09/2026 08:37:21;2026-09-07T06:37:21.689Z;Courses de lévriers;OK;5,7;5670
07/09/2026 08:49:24;2026-09-07T06:49:24.684Z;Courses hippiques (PMU);OK;5,0;5047
07/09/2026 08:49:24;2026-09-07T06:49:24.684Z;Courses de lévriers;OK;5,6;5622
07/09/2026 09:01:46;2026-09-07T07:01:46.713Z;Courses hippiques (PMU);OK;4,3;4262
07/09/2026 09:01:46;2026-09-07T07:01:46.713Z;Courses de lévriers;OK;4,5;4537
07/09/2026 09:13:23;2026-09-07T07:13:23.634Z;Courses hippiques (PMU);OK;4,6;4616
07/09/2026 09:13:23;2026-09-07T07:13:23.634Z;Courses de lévriers;OK;5,8;5802
07/09/2026 09:25:18;2026-09-07T07:25:18.554Z;Courses hippiques (PMU);OK;5,0;4964
07/09/2026 09:25:18;2026-09-07T07:25:18.554Z;Courses de lévriers;OK;5,5;5534
07/09/2026 09:37:29;2026-09-07T07:37:29.126Z;Courses hippiques (PMU);OK;4,8;4757
07/09/2026 09:37:29;2026-09-07T07:37:29.126Z;Courses de lévriers;OK;4,4;4383
07/09/2026 09:49:26;2026-09-07T07:49:26.922Z;Courses hippiques (PMU);OK;5,0;5021
07/09/2026 09:49:26;2026-09-07T07:49:26.922Z;Courses de lévriers;OK;4,9;4924
07/09/2026 10:01:50;2026-09-07T08:01:50.824Z;Courses hippiques (PMU);OK;4,8;4778
07/09/2026 10:01:50;2026-09-07T08:01:50.824Z;Courses de lévriers;OK;5,4;5352
07/09/2026 10:13:28;2026-09-07T08:13:28.396Z;Courses hippiques (PMU);OK;5,5;5451
07/09/2026 10:13:28;2026-09-07T08:13:28.396Z;Courses de lévriers;OK;5,7;5657
07/09/2026 10:25:27;2026-09-07T08:25:27.481Z;Courses hippiques (PMU);OK;4,7;4668
07/09/2026 10:25:27;2026-09-07T08:25:27.481Z;Courses de lévriers;OK;4,4;4388
07/09/2026 10:37:16;2026-09-07T08:37:16.162Z;Courses hippiques (PMU);ECHEC;3,8;3849
07/09/2026 10:37:16;2026-09-07T08:37:16.162Z;Courses de lévriers;OK;5,4;5359
07/09/2026 10:49:18;2026-09-07T08:49:18.866Z;Courses hippiques (PMU);OK;4,6;4611
07/09/2026 10:49:18;2026-09-07T08:49:18.866Z;Courses de lévriers;OK;5,0;5009
07/09/2026 11:02:05;2026-09-07T09:02:05.092Z;Courses hippiques (PMU);OK;4,3;4261
07/09/2026 11:02:05;2026-09-07T09:02:05.092Z;Courses de lévriers;ECHEC;20,2;20201
07/09/2026 11:15:10;2026-09-07T09:15:10.193Z;Courses hippiques (PMU);OK;4,3;4283
07/09/2026 11:15:10;2026-09-07T09:15:10.193Z;Courses de lévriers;OK;6,1;6125
07/09/2026 11:25:18;2026-09-07T09:25:18.923Z;Courses hippiques (PMU);ECHEC;4,9;4945
07/09/2026 11:25:18;2026-09-07T09:25:18.923Z;Courses de lévriers;OK;6,0;5990
07/09/2026 11:37:18;2026-09-07T09:37:18.828Z;Courses hippiques (PMU);OK;5,4;5356
07/09/2026 11:37:18;2026-09-07T09:37:18.828Z;Courses de lévriers;OK;6,3;6329
07/09/2026 11:49:17;2026-09-07T09:49:17.781Z;Courses hippiques (PMU);ECHEC;4,1;4106
07/09/2026 11:49:17;2026-09-07T09:49:17.781Z;Courses de lévriers;OK;6,2;6192
07/09/2026 12:01:46;2026-09-07T10:01:46.381Z;Courses hippiques (PMU);OK;5,5;5514
07/09/2026 12:01:46;2026-09-07T10:01:46.381Z;Courses de lévriers;OK;4,8;4831
07/09/2026 12:13:24;2026-09-07T10:13:24.491Z;Courses hippiques (PMU);ECHEC;4,8;4820
07/09/2026 12:13:24;2026-09-07T10:13:24.491Z;Courses de lévriers;OK;7,6;7610
07/09/2026 12:25:18;2026-09-07T10:25:18.237Z;Courses hippiques (PMU);OK;5,0;4950
07/09/2026 12:25:18;2026-09-07T10:25:18.237Z;Courses de lévriers;OK;5,3;5316
07/09/2026 12:37:22;2026-09-07T10:37:22.499Z;Courses hippiques (PMU);OK;4,8;4820
07/09/2026 12:37:22;2026-09-07T10:37:22.499Z;Courses de lévriers;OK;4,0;4014
07/09/2026 12:49:23;2026-09-07T10:49:23.318Z;Courses hippiques (PMU);OK;5,9;5949
07/09/2026 12:49:23;2026-09-07T10:49:23.318Z;Courses de lévriers;OK;6,2;6204
07/09/2026 13:01:46;2026-09-07T11:01:46.834Z;Courses hippiques (PMU);OK;4,5;4530
07/09/2026 13:01:46;2026-09-07T11:01:46.834Z;Courses de lévriers;OK;5,7;5662
07/09/2026 13:13:21;2026-09-07T11:13:21.656Z;Courses hippiques (PMU);OK;5,7;5749
07/09/2026 13:13:21;2026-09-07T11:13:21.656Z;Courses de lévriers;OK;7,7;7669
07/09/2026 13:25:21;2026-09-07T11:25:21.774Z;Courses hippiques (PMU);ECHEC;4,3;4281
07/09/2026 13:25:21;2026-09-07T11:25:21.774Z;Courses de lévriers;OK;6,1;6132
07/09/2026 13:37:24;2026-09-07T11:37:24.916Z;Courses hippiques (PMU);ECHEC;6,4;6356
07/09/2026 13:37:24;2026-09-07T11:37:24.916Z;Courses de lévriers;OK;7,3;7330
07/09/2026 13:49:25;2026-09-07T11:49:25.207Z;Courses hippiques (PMU);OK;4,4;4374
07/09/2026 13:49:25;2026-09-07T11:49:25.207Z;Courses de lévriers;OK;4,7;4657
07/09/2026 14:02:02;2026-09-07T12:02:02.763Z;Courses hippiques (PMU);OK;5,1;5088
07/09/2026 14:02:02;2026-09-07T12:02:02.763Z;Courses de lévriers;ECHEC;5,7;5733
07/09/2026 14:13:22;2026-09-07T12:13:22.819Z;Courses hippiques (PMU);OK;5,2;5221
07/09/2026 14:13:22;2026-09-07T12:13:22.819Z;Courses de lévriers;OK;6,2;6153
07/09/2026 14:25:27;2026-09-07T12:25:27.008Z;Courses hippiques (PMU);OK;6,8;6775
07/09/2026 14:25:27;2026-09-07T12:25:27.008Z;Courses de lévriers;OK;5,1;5063
07/09/2026 14:37:20;2026-09-07T12:37:20.385Z;Courses hippiques (PMU);ECHEC;5,7;5676
07/09/2026 14:37:20;2026-09-07T12:37:20.385Z;Courses de lévriers;OK;5,2;5173
07/09/2026 14:39:42;2026-09-07T12:39:42.360Z;Courses hippiques (PMU);OK;4,0;4009
07/09/2026 14:39:42;2026-09-07T12:39:42.360Z;Courses de lévriers;OK;6,8;6847
07/09/2026 14:49:16;2026-09-07T12:49:16.302Z;Courses hippiques (PMU);ECHEC;3,8;3797
07/09/2026 14:49:16;2026-09-07T12:49:16.302Z;Courses de lévriers;OK;4,5;4544
07/09/2026 15:02:07;2026-09-07T13:02:07.306Z;Courses hippiques (PMU);OK;5,5;5539
07/09/2026 15:02:07;2026-09-07T13:02:07.306Z;Courses de lévriers;OK;6,6;6581
07/09/2026 15:13:18;2026-09-07T13:13:18.925Z;Courses hippiques (PMU);OK;4,8;4849
07/09/2026 15:13:18;2026-09-07T13:13:18.925Z;Courses de lévriers;OK;6,5;6519
07/09/2026 15:25:25;2026-09-07T13:25:25.012Z;Courses hippiques (PMU);OK;5,2;5150
07/09/2026 15:25:25;2026-09-07T13:25:25.012Z;Courses de lévriers;OK;7,7;7703
07/09/2026 15:37:46;2026-09-07T13:37:46.653Z;Courses hippiques (PMU);OK;5,0;5032
07/09/2026 15:37:46;2026-09-07T13:37:46.653Z;Courses de lévriers;OK;7,3;7318
07/09/2026 15:49:17;2026-09-07T13:49:17.886Z;Courses hippiques (PMU);OK;4,5;4535
07/09/2026 15:49:17;2026-09-07T13:49:17.886Z;Courses de lévriers;OK;5,7;5666
07/09/2026 16:02:06;2026-09-07T14:02:06.816Z;Courses hippiques (PMU);OK;4,6;4563
07/09/2026 16:02:06;2026-09-07T14:02:06.816Z;Courses de lévriers;OK;3,9;3909
07/09/2026 16:13:19;2026-09-07T14:13:19.474Z;Courses hippiques (PMU);OK;5,9;5868
07/09/2026 16:13:19;2026-09-07T14:13:19.474Z;Courses de lévriers;OK;5,2;5235
07/09/2026 16:25:27;2026-09-07T14:25:27.114Z;Courses hippiques (PMU);OK;5,2;5206
07/09/2026 16:25:27;2026-09-07T14:25:27.114Z;Courses de lévriers;OK;5,8;5806
07/09/2026 16:37:27;2026-09-07T14:37:27.399Z;Courses hippiques (PMU);OK;4,9;4937
07/09/2026 16:37:27;2026-09-07T14:37:27.399Z;Courses de lévriers;OK;6,6;6629
07/09/2026 16:49:25;2026-09-07T14:49:25.559Z;Courses hippiques (PMU);OK;6,7;6712
07/09/2026 16:49:25;2026-09-07T14:49:25.559Z;Courses de lévriers;OK;9,6;9559
07/09/2026 17:01:52;2026-09-07T15:01:52.787Z;Courses hippiques (PMU);OK;3,7;3729
07/09/2026 17:01:52;2026-09-07T15:01:52.787Z;Courses de lévriers;OK;3,8;3825
07/09/2026 17:13:50;2026-09-07T15:13:50.117Z;Courses hippiques (PMU);OK;4,6;4589
07/09/2026 17:13:50;2026-09-07T15:13:50.117Z;Courses de lévriers;OK;6,2;6164
07/09/2026 17:25:17;2026-09-07T15:25:17.326Z;Courses hippiques (PMU);ECHEC;4,3;4302
07/09/2026 17:25:17;2026-09-07T15:25:17.326Z;Courses de lévriers;OK;6,7;6712
07/09/2026 17:37:29;2026-09-07T15:37:29.678Z;Courses hippiques (PMU);OK;5,8;5840
07/09/2026 17:37:29;2026-09-07T15:37:29.678Z;Courses de lévriers;OK;6,1;6124
07/09/2026 17:49:35;2026-09-07T15:49:35.722Z;Courses hippiques (PMU);OK;5,3;5270
07/09/2026 17:49:35;2026-09-07T15:49:35.722Z;Courses de lévriers;OK;6,2;6192
07/09/2026 18:01:58;2026-09-07T16:01:58.553Z;Courses hippiques (PMU);OK;5,5;5500
07/09/2026 18:01:58;2026-09-07T16:01:58.553Z;Courses de lévriers;OK;6,0;6034
07/09/2026 18:13:31;2026-09-07T16:13:31.368Z;Courses hippiques (PMU);OK;5,3;5299
07/09/2026 18:13:31;2026-09-07T16:13:31.368Z;Courses de lévriers;OK;6,0;5952
07/09/2026 18:25:18;2026-09-07T16:25:18.934Z;Courses hippiques (PMU);OK;5,2;5235
07/09/2026 18:25:18;2026-09-07T16:25:18.934Z;Courses de lévriers;OK;6,9;6886
07/09/2026 18:37:19;2026-09-07T16:37:19.912Z;Courses hippiques (PMU);OK;5,3;5325
07/09/2026 18:37:19;2026-09-07T16:37:19.912Z;Courses de lévriers;OK;6,4;6376
07/09/2026 18:49:14;2026-09-07T16:49:14.865Z;Courses hippiques (PMU);OK;4,1;4067
07/09/2026 18:49:14;2026-09-07T16:49:14.865Z;Courses de lévriers;OK;5,2;5150
07/09/2026 19:01:49;2026-09-07T17:01:49.758Z;Courses hippiques (PMU);OK;5,7;5684
07/09/2026 19:01:49;2026-09-07T17:01:49.758Z;Courses de lévriers;OK;6,8;6801
07/09/2026 19:13:18;2026-09-07T17:13:18.541Z;Courses hippiques (PMU);OK;5,9;5915
07/09/2026 19:13:18;2026-09-07T17:13:18.541Z;Courses de lévriers;OK;6,0;5969
07/09/2026 19:25:17;2026-09-07T17:25:17.722Z;Courses hippiques (PMU);OK;4,7;4675
07/09/2026 19:25:17;2026-09-07T17:25:17.722Z;Courses de lévriers;OK;6,0;6013
07/09/2026 19:37:36;2026-09-07T17:37:36.652Z;Courses hippiques (PMU);OK;5,0;4950
07/09/2026 19:37:36;2026-09-07T17:37:36.652Z;Courses de lévriers;OK;6,2;6196
07/09/2026 19:49:20;2026-09-07T17:49:20.741Z;Courses hippiques (PMU);OK;5,3;5288
07/09/2026 19:49:20;2026-09-07T17:49:20.741Z;Courses de lévriers;OK;6,4;6372
07/09/2026 20:01:59;2026-09-07T18:01:59.698Z;Courses hippiques (PMU);OK;5,7;5669
07/09/2026 20:01:59;2026-09-07T18:01:59.698Z;Courses de lévriers;OK;6,4;6416
07/09/2026 20:13:22;2026-09-07T18:13:22.702Z;Courses hippiques (PMU);OK;5,2;5167
07/09/2026 20:13:22;2026-09-07T18:13:22.702Z;Courses de lévriers;OK;8,8;8769
07/09/2026 20:25:13;2026-09-07T18:25:13.155Z;Courses hippiques (PMU);OK;3,7;3730
07/09/2026 20:25:13;2026-09-07T18:25:13.155Z;Courses de lévriers;OK;5,0;4994
07/09/2026 20:37:16;2026-09-07T18:37:16.785Z;Courses hippiques (PMU);OK;3,9;3859
07/09/2026 20:37:16;2026-09-07T18:37:16.785Z;Courses de lévriers;OK;5,3;5349
07/09/2026 20:49:23;2026-09-07T18:49:23.803Z;Courses hippiques (PMU);OK;4,7;4688
07/09/2026 20:49:23;2026-09-07T18:49:23.803Z;Courses de lévriers;OK;8,1;8124
07/09/2026 21:01:44;2026-09-07T19:01:44.501Z;Courses hippiques (PMU);OK;3,9;3876
07/09/2026 21:01:44;2026-09-07T19:01:44.501Z;Courses de lévriers;OK;4,4;4396
07/09/2026 21:12:12;2026-09-07T19:12:12.797Z;Courses hippiques (PMU);OK;7,6;7645
07/09/2026 21:12:12;2026-09-07T19:12:12.797Z;Courses de lévriers;OK;6,2;6171
07/09/2026 21:13:18;2026-09-07T19:13:18.241Z;Courses hippiques (PMU);OK;4,5;4452
07/09/2026 21:13:18;2026-09-07T19:13:18.241Z;Courses de lévriers;OK;5,6;5592
07/09/2026 21:25:22;2026-09-07T19:25:22.279Z;Courses hippiques (PMU);OK;4,8;4822
07/09/2026 21:25:22;2026-09-07T19:25:22.279Z;Courses de lévriers;OK;6,1;6067
07/09/2026 21:37:21;2026-09-07T19:37:21.182Z;Courses hippiques (PMU);OK;5,1;5069
07/09/2026 21:37:21;2026-09-07T19:37:21.182Z;Courses de lévriers;OK;5,8;5835
07/09/2026 21:49:20;2026-09-07T19:49:20.516Z;Courses hippiques (PMU);OK;6,4;6407
07/09/2026 21:49:20;2026-09-07T19:49:20.516Z;Courses de lévriers;OK;6,0;6045
07/09/2026 22:01:57;2026-09-07T20:01:57.320Z;Courses hippiques (PMU);OK;6,0;5997
07/09/2026 22:01:57;2026-09-07T20:01:57.320Z;Courses de lévriers;OK;5,6;5604
07/09/2026 22:13:28;2026-09-07T20:13:28.495Z;Courses hippiques (PMU);OK;4,9;4881
07/09/2026 22:13:28;2026-09-07T20:13:28.495Z;Courses de lévriers;OK;6,5;6469
07/09/2026 22:25:15;2026-09-07T20:25:15.664Z;Courses hippiques (PMU);OK;3,9;3938
07/09/2026 22:25:15;2026-09-07T20:25:15.664Z;Courses de lévriers;OK;5,6;5640
07/09/2026 22:37:15;2026-09-07T20:37:15.393Z;Courses hippiques (PMU);OK;4,2;4220
07/09/2026 22:37:15;2026-09-07T20:37:15.393Z;Courses de lévriers;OK;5,4;5399
07/09/2026 22:49:20;2026-09-07T20:49:20.117Z;Courses hippiques (PMU);OK;5,1;5136
07/09/2026 22:49:20;2026-09-07T20:49:20.117Z;Courses de lévriers;OK;5,8;5777
07/09/2026 23:01:47;2026-09-07T21:01:47.200Z;Courses hippiques (PMU);OK;4,8;4848
07/09/2026 23:01:47;2026-09-07T21:01:47.200Z;Courses de lévriers;OK;5,5;5462
07/09/2026 23:13:19;2026-09-07T21:13:19.652Z;Courses hippiques (PMU);OK;5,2;5229
07/09/2026 23:13:19;2026-09-07T21:13:19.652Z;Courses de lévriers;OK;5,7;5663
07/09/2026 23:25:12;2026-09-07T21:25:12.945Z;Courses hippiques (PMU);OK;4,2;4152
07/09/2026 23:25:12;2026-09-07T21:25:12.945Z;Courses de lévriers;OK;3,8;3793
07/09/2026 23:37:17;2026-09-07T21:37:17.803Z;Courses hippiques (PMU);OK;4,1;4141
07/09/2026 23:37:17;2026-09-07T21:37:17.803Z;Courses de lévriers;OK;5,7;5659
07/09/2026 23:49:17;2026-09-07T21:49:17.800Z;Courses hippiques (PMU);OK;5,0;5009
07/09/2026 23:49:17;2026-09-07T21:49:17.800Z;Courses de lévriers;OK;6,7;6685
08/09/2026 01:32:01;2026-09-07T23:32:01.429Z;Courses hippiques (PMU);OK;2,0;1994
08/09/2026 01:32:01;2026-09-07T23:32:01.429Z;Courses de lévriers;OK;1,5;1546
08/09/2026 06:42:11;2026-09-08T04:42:11.976Z;Courses hippiques (PMU);OK;2,1;2111
08/09/2026 06:42:11;2026-09-08T04:42:11.976Z;Courses de lévriers;OK;2,0;2010
08/09/2026 08:01:43;2026-09-08T06:01:43.790Z;Courses hippiques (PMU);OK;2,9;2914
08/09/2026 08:01:43;2026-09-08T06:01:43.790Z;Courses de lévriers;OK;1,7;1723
08/09/2026 08:13:17;2026-09-08T06:13:17.504Z;Courses hippiques (PMU);OK;1,9;1926
08/09/2026 08:13:17;2026-09-08T06:13:17.504Z;Courses de lévriers;OK;1,6;1615
08/09/2026 08:25:10;2026-09-08T06:25:10.225Z;Courses hippiques (PMU);OK;1,9;1860
08/09/2026 08:25:10;2026-09-08T06:25:10.225Z;Courses de lévriers;OK;1,3;1269
08/09/2026 08:37:22;2026-09-08T06:37:22.739Z;Courses hippiques (PMU);OK;6,1;6070
08/09/2026 08:37:22;2026-09-08T06:37:22.739Z;Courses de lévriers;OK;5,7;5654
08/09/2026 08:49:17;2026-09-08T06:49:17.165Z;Courses hippiques (PMU);OK;5,6;5575
08/09/2026 08:49:17;2026-09-08T06:49:17.165Z;Courses de lévriers;OK;4,9;4891
08/09/2026 09:02:02;2026-09-08T07:02:02.798Z;Courses hippiques (PMU);OK;5,1;5087
08/09/2026 09:02:02;2026-09-08T07:02:02.798Z;Courses de lévriers;OK;4,3;4343
08/09/2026 09:13:15;2026-09-08T07:13:15.121Z;Courses hippiques (PMU);ECHEC;4,6;4618
08/09/2026 09:13:15;2026-09-08T07:13:15.121Z;Courses de lévriers;OK;5,3;5285
08/09/2026 09:25:22;2026-09-08T07:25:22.925Z;Courses hippiques (PMU);OK;6,3;6305
08/09/2026 09:25:22;2026-09-08T07:25:22.925Z;Courses de lévriers;OK;5,1;5099
08/09/2026 09:37:16;2026-09-08T07:37:16.648Z;Courses hippiques (PMU);ECHEC;5,0;5022
08/09/2026 09:37:16;2026-09-08T07:37:16.648Z;Courses de lévriers;OK;4,3;4339
08/09/2026 09:49:19;2026-09-08T07:49:19.278Z;Courses hippiques (PMU);OK;5,4;5448
08/09/2026 09:49:19;2026-09-08T07:49:19.278Z;Courses de lévriers;OK;4,9;4942
08/09/2026 10:01:51;2026-09-08T08:01:51.572Z;Courses hippiques (PMU);OK;4,2;4246
08/09/2026 10:01:51;2026-09-08T08:01:51.572Z;Courses de lévriers;OK;3,7;3674
08/09/2026 10:13:28;2026-09-08T08:13:28.116Z;Courses hippiques (PMU);OK;5,9;5874
08/09/2026 10:13:28;2026-09-08T08:13:28.116Z;Courses de lévriers;OK;4,6;4591
08/09/2026 10:25:44;2026-09-08T08:25:44.853Z;Courses hippiques (PMU);ECHEC;4,7;4748
08/09/2026 10:25:44;2026-09-08T08:25:44.853Z;Courses de lévriers;OK;6,7;6729
08/09/2026 10:37:21;2026-09-08T08:37:21.598Z;Courses hippiques (PMU);ECHEC;6,9;6908
08/09/2026 10:37:21;2026-09-08T08:37:21.598Z;Courses de lévriers;OK;4,8;4750
08/09/2026 10:49:19;2026-09-08T08:49:19.927Z;Courses hippiques (PMU);OK;5,3;5264
08/09/2026 10:49:19;2026-09-08T08:49:19.927Z;Courses de lévriers;OK;6,8;6793
08/09/2026 11:01:50;2026-09-08T09:01:50.980Z;Courses hippiques (PMU);ECHEC;5,0;5050
08/09/2026 11:01:50;2026-09-08T09:01:50.980Z;Courses de lévriers;OK;6,5;6452
08/09/2026 11:13:33;2026-09-08T09:13:33.758Z;Courses hippiques (PMU);OK;4,9;4874
08/09/2026 11:13:33;2026-09-08T09:13:33.758Z;Courses de lévriers;OK;3,8;3783
08/09/2026 11:25:21;2026-09-08T09:25:21.607Z;Courses hippiques (PMU);OK;5,3;5309
08/09/2026 11:25:21;2026-09-08T09:25:21.607Z;Courses de lévriers;OK;5,6;5567
08/09/2026 11:37:24;2026-09-08T09:37:24.564Z;Courses hippiques (PMU);OK;5,7;5651
08/09/2026 11:37:24;2026-09-08T09:37:24.564Z;Courses de lévriers;OK;5,0;5025
08/09/2026 11:49:17;2026-09-08T09:49:17.301Z;Courses hippiques (PMU);OK;4,6;4640
08/09/2026 11:49:17;2026-09-08T09:49:17.301Z;Courses de lévriers;OK;5,1;5051
08/09/2026 12:02:09;2026-09-08T10:02:09.134Z;Courses hippiques (PMU);OK;6,1;6140
08/09/2026 12:02:09;2026-09-08T10:02:09.134Z;Courses de lévriers;OK;5,8;5824
08/09/2026 12:13:22;2026-09-08T10:13:22.986Z;Courses hippiques (PMU);OK;5,6;5559
08/09/2026 12:13:22;2026-09-08T10:13:22.986Z;Courses de lévriers;OK;5,8;5838
08/09/2026 12:25:18;2026-09-08T10:25:18.054Z;Courses hippiques (PMU);OK;5,0;4983
08/09/2026 12:25:18;2026-09-08T10:25:18.054Z;Courses de lévriers;OK;4,6;4562
08/09/2026 12:37:19;2026-09-08T10:37:19.012Z;Courses hippiques (PMU);OK;5,9;5919
08/09/2026 12:37:19;2026-09-08T10:37:19.012Z;Courses de lévriers;OK;4,3;4348
08/09/2026 12:49:22;2026-09-08T10:49:22.140Z;Courses hippiques (PMU);OK;6,8;6815
08/09/2026 12:49:22;2026-09-08T10:49:22.140Z;Courses de lévriers;OK;6,3;6348
08/09/2026 13:02:01;2026-09-08T11:02:01.096Z;Courses hippiques (PMU);OK;5,5;5494
08/09/2026 13:02:01;2026-09-08T11:02:01.096Z;Courses de lévriers;OK;4,8;4780
08/09/2026 13:13:14;2026-09-08T11:13:14.478Z;Courses hippiques (PMU);OK;4,7;4698
08/09/2026 13:13:14;2026-09-08T11:13:14.478Z;Courses de lévriers;OK;4,6;4595
08/09/2026 13:23:39;2026-09-08T11:23:39.509Z;Courses hippiques (PMU);OK;6,6;6619
08/09/2026 13:23:39;2026-09-08T11:23:39.509Z;Courses de lévriers;OK;5,9;5948
08/09/2026 13:25:21;2026-09-08T11:25:21.194Z;Courses hippiques (PMU);OK;6,0;5970
08/09/2026 13:25:21;2026-09-08T11:25:21.194Z;Courses de lévriers;OK;5,7;5728
08/09/2026 13:37:19;2026-09-08T11:37:19.831Z;Courses hippiques (PMU);OK;7,6;7622
08/09/2026 13:37:19;2026-09-08T11:37:19.831Z;Courses de lévriers;OK;4,4;4449
08/09/2026 13:49:22;2026-09-08T11:49:22.875Z;Courses hippiques (PMU);OK;5,5;5518
08/09/2026 13:49:22;2026-09-08T11:49:22.875Z;Courses de lévriers;OK;4,1;4087
08/09/2026 14:02:01;2026-09-08T12:02:01.369Z;Courses hippiques (PMU);ECHEC;5,1;5087
08/09/2026 14:02:01;2026-09-08T12:02:01.369Z;Courses de lévriers;OK;5,9;5888
08/09/2026 14:13:21;2026-09-08T12:13:21.989Z;Courses hippiques (PMU);OK;6,0;6047
08/09/2026 14:13:21;2026-09-08T12:13:21.989Z;Courses de lévriers;OK;5,6;5649
08/09/2026 14:25:17;2026-09-08T12:25:17.894Z;Courses hippiques (PMU);OK;4,9;4890
08/09/2026 14:25:17;2026-09-08T12:25:17.894Z;Courses de lévriers;OK;5,1;5084
08/09/2026 14:37:16;2026-09-08T12:37:16.685Z;Courses hippiques (PMU);OK;4,7;4726
08/09/2026 14:37:16;2026-09-08T12:37:16.685Z;Courses de lévriers;OK;5,7;5736
08/09/2026 14:49:25;2026-09-08T12:49:25.407Z;Courses hippiques (PMU);OK;8,1;8080
08/09/2026 14:49:25;2026-09-08T12:49:25.407Z;Courses de lévriers;OK;5,3;5294
08/09/2026 15:01:57;2026-09-08T13:01:57.351Z;Courses hippiques (PMU);ECHEC;6,0;6014
08/09/2026 15:01:57;2026-09-08T13:01:57.351Z;Courses de lévriers;OK;5,0;5037
08/09/2026 15:13:19;2026-09-08T13:13:19.881Z;Courses hippiques (PMU);OK;5,0;5046
08/09/2026 15:13:19;2026-09-08T13:13:19.881Z;Courses de lévriers;OK;5,7;5669
08/09/2026 15:25:24;2026-09-08T13:25:24.845Z;Courses hippiques (PMU);OK;5,8;5845
08/09/2026 15:25:24;2026-09-08T13:25:24.845Z;Courses de lévriers;OK;5,6;5646
08/09/2026 15:37:27;2026-09-08T13:37:27.592Z;Courses hippiques (PMU);OK;5,5;5519
08/09/2026 15:37:27;2026-09-08T13:37:27.592Z;Courses de lévriers;OK;4,8;4829
08/09/2026 15:49:36;2026-09-08T13:49:36.293Z;Courses hippiques (PMU);OK;6,7;6654
08/09/2026 15:49:36;2026-09-08T13:49:36.293Z;Courses de lévriers;OK;7,1;7096
08/09/2026 16:01:57;2026-09-08T14:01:57.653Z;Courses hippiques (PMU);OK;4,9;4871
08/09/2026 16:01:57;2026-09-08T14:01:57.653Z;Courses de lévriers;OK;7,2;7169
08/09/2026 16:13:25;2026-09-08T14:13:25.340Z;Courses hippiques (PMU);OK;4,8;4814
08/09/2026 16:13:25;2026-09-08T14:13:25.340Z;Courses de lévriers;OK;4,8;4839
08/09/2026 16:25:20;2026-09-08T14:25:20.781Z;Courses hippiques (PMU);OK;5,7;5739
08/09/2026 16:25:20;2026-09-08T14:25:20.781Z;Courses de lévriers;OK;5,8;5808
08/09/2026 16:37:20;2026-09-08T14:37:20.679Z;Courses hippiques (PMU);OK;5,1;5115
08/09/2026 16:37:20;2026-09-08T14:37:20.679Z;Courses de lévriers;OK;5,3;5345
08/09/2026 16:49:24;2026-09-08T14:49:24.208Z;Courses hippiques (PMU);OK;6,6;6580
08/09/2026 16:49:24;2026-09-08T14:49:24.208Z;Courses de lévriers;OK;7,2;7198
08/09/2026 17:01:59;2026-09-08T15:01:59.073Z;Courses hippiques (PMU);OK;6,4;6357
08/09/2026 17:01:59;2026-09-08T15:01:59.073Z;Courses de lévriers;OK;6,2;6244
08/09/2026 17:13:44;2026-09-08T15:13:44.685Z;Courses hippiques (PMU);OK;5,1;5106
08/09/2026 17:13:44;2026-09-08T15:13:44.685Z;Courses de lévriers;OK;5,6;5592
08/09/2026 17:25:20;2026-09-08T15:25:20.031Z;Courses hippiques (PMU);OK;6,0;6008
08/09/2026 17:25:20;2026-09-08T15:25:20.031Z;Courses de lévriers;OK;6,4;6363
08/09/2026 17:37:31;2026-09-08T15:37:31.205Z;Courses hippiques (PMU);ECHEC;5,8;5833
08/09/2026 17:37:31;2026-09-08T15:37:31.205Z;Courses de lévriers;OK;5,7;5671
08/09/2026 17:49:24;2026-09-08T15:49:24.483Z;Courses hippiques (PMU);OK;6,5;6459
08/09/2026 17:49:24;2026-09-08T15:49:24.483Z;Courses de lévriers;OK;6,6;6631
08/09/2026 18:02:01;2026-09-08T16:02:01.891Z;Courses hippiques (PMU);OK;8,8;8753
08/09/2026 18:02:01;2026-09-08T16:02:01.891Z;Courses de lévriers;OK;7,3;7288
08/09/2026 18:13:22;2026-09-08T16:13:22.020Z;Courses hippiques (PMU);OK;5,5;5453
08/09/2026 18:13:22;2026-09-08T16:13:22.020Z;Courses de lévriers;OK;7,1;7082
08/09/2026 18:25:29;2026-09-08T16:25:29.186Z;Courses hippiques (PMU);OK;6,3;6311
08/09/2026 18:25:29;2026-09-08T16:25:29.186Z;Courses de lévriers;OK;5,7;5688
08/09/2026 18:37:23;2026-09-08T16:37:23.711Z;Courses hippiques (PMU);OK;5,6;5611
08/09/2026 18:37:23;2026-09-08T16:37:23.711Z;Courses de lévriers;OK;6,2;6153
08/09/2026 18:41:43;2026-09-08T16:41:43.501Z;Courses hippiques (PMU);ECHEC;30,0;30007
08/09/2026 18:41:43;2026-09-08T16:41:43.501Z;Courses de lévriers;OK;7,3;7266
08/09/2026 18:49:20;2026-09-08T16:49:20.620Z;Courses hippiques (PMU);OK;5,0;4953
08/09/2026 18:49:20;2026-09-08T16:49:20.620Z;Courses de lévriers;OK;4,7;4705
08/09/2026 19:01:59;2026-09-08T17:01:59.598Z;Courses hippiques (PMU);OK;5,9;5879
08/09/2026 19:01:59;2026-09-08T17:01:59.598Z;Courses de lévriers;OK;6,2;6223
08/09/2026 19:13:23;2026-09-08T17:13:23.768Z;Courses hippiques (PMU);OK;5,7;5673
08/09/2026 19:13:23;2026-09-08T17:13:23.768Z;Courses de lévriers;OK;5,7;5655
08/09/2026 19:25:19;2026-09-08T17:25:19.908Z;Courses hippiques (PMU);OK;5,5;5514
08/09/2026 19:25:19;2026-09-08T17:25:19.908Z;Courses de lévriers;OK;5,1;5128
08/09/2026 19:37:24;2026-09-08T17:37:24.106Z;Courses hippiques (PMU);OK;6,6;6615
08/09/2026 19:37:24;2026-09-08T17:37:24.106Z;Courses de lévriers;OK;5,3;5328
08/09/2026 19:49:22;2026-09-08T17:49:22.689Z;Courses hippiques (PMU);OK;5,7;5673
08/09/2026 19:49:22;2026-09-08T17:49:22.689Z;Courses de lévriers;OK;5,1;5084
08/09/2026 20:01:49;2026-09-08T18:01:49.752Z;Courses hippiques (PMU);OK;6,3;6273
08/09/2026 20:01:49;2026-09-08T18:01:49.752Z;Courses de lévriers;OK;4,9;4902
08/09/2026 20:13:25;2026-09-08T18:13:25.025Z;Courses hippiques (PMU);OK;6,0;6016
08/09/2026 20:13:25;2026-09-08T18:13:25.025Z;Courses de lévriers;OK;6,7;6655
08/09/2026 20:25:18;2026-09-08T18:25:18.986Z;Courses hippiques (PMU);OK;5,7;5651
08/09/2026 20:25:18;2026-09-08T18:25:18.986Z;Courses de lévriers;OK;5,1;5141
08/09/2026 20:37:55;2026-09-08T18:37:55.279Z;Courses hippiques (PMU);OK;5,4;5448
08/09/2026 20:37:55;2026-09-08T18:37:55.279Z;Courses de lévriers;OK;5,5;5499
08/09/2026 20:49:28;2026-09-08T18:49:28.690Z;Courses hippiques (PMU);OK;8,2;8232
08/09/2026 20:49:28;2026-09-08T18:49:28.690Z;Courses de lévriers;OK;5,6;5573
08/09/2026 21:01:56;2026-09-08T19:01:56.381Z;Courses hippiques (PMU);OK;6,7;6700
08/09/2026 21:01:56;2026-09-08T19:01:56.381Z;Courses de lévriers;OK;6,7;6695
08/09/2026 21:13:19;2026-09-08T19:13:19.199Z;Courses hippiques (PMU);OK;5,3;5329
08/09/2026 21:13:19;2026-09-08T19:13:19.199Z;Courses de lévriers;OK;6,1;6053
08/09/2026 21:25:19;2026-09-08T19:25:19.408Z;Courses hippiques (PMU);OK;5,2;5229
08/09/2026 21:25:19;2026-09-08T19:25:19.408Z;Courses de lévriers;OK;6,2;6211
08/09/2026 21:37:17;2026-09-08T19:37:17.288Z;Courses hippiques (PMU);OK;5,2;5204
08/09/2026 21:37:17;2026-09-08T19:37:17.288Z;Courses de lévriers;OK;7,0;7007
08/09/2026 21:49:40;2026-09-08T19:49:40.583Z;Courses hippiques (PMU);OK;5,5;5498
08/09/2026 21:49:40;2026-09-08T19:49:40.583Z;Courses de lévriers;OK;6,4;6365
08/09/2026 22:02:17;2026-09-08T20:02:17.914Z;Courses hippiques (PMU);OK;6,7;6708
08/09/2026 22:02:17;2026-09-08T20:02:17.914Z;Courses de lévriers;OK;5,6;5552
08/09/2026 22:13:21;2026-09-08T20:13:21.051Z;Courses hippiques (PMU);OK;7,2;7240
08/09/2026 22:13:21;2026-09-08T20:13:21.051Z;Courses de lévriers;OK;5,8;5770
08/09/2026 22:25:23;2026-09-08T20:25:23.088Z;Courses hippiques (PMU);OK;6,1;6116
08/09/2026 22:25:23;2026-09-08T20:25:23.088Z;Courses de lévriers;OK;6,0;5969
08/09/2026 22:37:27;2026-09-08T20:37:27.176Z;Courses hippiques (PMU);OK;5,5;5537
08/09/2026 22:37:27;2026-09-08T20:37:27.176Z;Courses de lévriers;OK;6,0;5993
08/09/2026 22:49:27;2026-09-08T20:49:27.051Z;Courses hippiques (PMU);OK;5,6;5581
08/09/2026 22:49:27;2026-09-08T20:49:27.051Z;Courses de lévriers;OK;4,8;4775
08/09/2026 23:01:48;2026-09-08T21:01:48.481Z;Courses hippiques (PMU);OK;6,2;6165
08/09/2026 23:01:48;2026-09-08T21:01:48.481Z;Courses de lévriers;OK;6,9;6903
08/09/2026 23:12:37;2026-09-08T21:12:37.109Z;Courses hippiques (PMU);OK;6,8;6774
08/09/2026 23:12:37;2026-09-08T21:12:37.109Z;Courses de lévriers;OK;5,9;5909
08/09/2026 23:25:15;2026-09-08T21:25:15.893Z;Courses hippiques (PMU);OK;5,3;5259
08/09/2026 23:25:15;2026-09-08T21:25:15.893Z;Courses de lévriers;OK;4,7;4711
08/09/2026 23:37:21;2026-09-08T21:37:21.559Z;Courses hippiques (PMU);OK;5,5;5531
08/09/2026 23:37:21;2026-09-08T21:37:21.559Z;Courses de lévriers;OK;6,1;6071
08/09/2026 23:49:32;2026-09-08T21:49:32.727Z;Courses hippiques (PMU);OK;5,3;5283
08/09/2026 23:49:32;2026-09-08T21:49:32.727Z;Courses de lévriers;OK;5,0;4963
09/09/2026 01:25:36;2026-09-08T23:25:36.298Z;Courses hippiques (PMU);OK;2,7;2740
09/09/2026 01:25:36;2026-09-08T23:25:36.298Z;Courses de lévriers;OK;1,9;1893
09/09/2026 06:47:02;2026-09-09T04:47:02.650Z;Courses hippiques (PMU);OK;3,0;2992
09/09/2026 06:47:02;2026-09-09T04:47:02.650Z;Courses de lévriers;OK;1,6;1634
09/09/2026 08:01:50;2026-09-09T06:01:50.511Z;Courses hippiques (PMU);OK;2,0;2010
09/09/2026 08:01:50;2026-09-09T06:01:50.511Z;Courses de lévriers;OK;1,9;1927
09/09/2026 08:13:15;2026-09-09T06:13:15.803Z;Courses hippiques (PMU);OK;2,7;2698
09/09/2026 08:13:15;2026-09-09T06:13:15.803Z;Courses de lévriers;OK;3,0;3008
09/09/2026 08:25:31;2026-09-09T06:25:31.221Z;Courses hippiques (PMU);OK;1,8;1785
09/09/2026 08:25:31;2026-09-09T06:25:31.221Z;Courses de lévriers;OK;2,6;2638
09/09/2026 08:37:17;2026-09-09T06:37:17.116Z;Courses hippiques (PMU);OK;4,0;3957
09/09/2026 08:37:17;2026-09-09T06:37:17.116Z;Courses de lévriers;OK;5,5;5523
09/09/2026 08:49:55;2026-09-09T06:49:55.546Z;Courses hippiques (PMU);OK;3,8;3753
09/09/2026 08:49:55;2026-09-09T06:49:55.546Z;Courses de lévriers;OK;4,6;4610
09/09/2026 09:01:49;2026-09-09T07:01:49.446Z;Courses hippiques (PMU);OK;5,0;5023
09/09/2026 09:01:49;2026-09-09T07:01:49.446Z;Courses de lévriers;OK;4,5;4458
09/09/2026 09:13:10;2026-09-09T07:13:10.965Z;Courses hippiques (PMU);OK;4,1;4142
09/09/2026 09:13:10;2026-09-09T07:13:10.965Z;Courses de lévriers;OK;3,6;3589
09/09/2026 09:25:16;2026-09-09T07:25:16.234Z;Courses hippiques (PMU);OK;3,5;3531
09/09/2026 09:25:16;2026-09-09T07:25:16.234Z;Courses de lévriers;OK;3,7;3736
09/09/2026 09:37:20;2026-09-09T07:37:20.442Z;Courses hippiques (PMU);OK;6,5;6487
09/09/2026 09:37:20;2026-09-09T07:37:20.442Z;Courses de lévriers;OK;6,0;6034
09/09/2026 09:49:24;2026-09-09T07:49:24.343Z;Courses hippiques (PMU);OK;5,1;5139
09/09/2026 09:49:24;2026-09-09T07:49:24.343Z;Courses de lévriers;OK;5,6;5624
09/09/2026 10:02:00;2026-09-09T08:02:00.718Z;Courses hippiques (PMU);OK;6,3;6262
09/09/2026 10:02:00;2026-09-09T08:02:00.718Z;Courses de lévriers;OK;6,7;6724
09/09/2026 10:13:24;2026-09-09T08:13:24.065Z;Courses hippiques (PMU);OK;5,3;5324
09/09/2026 10:13:24;2026-09-09T08:13:24.065Z;Courses de lévriers;OK;5,0;5047
09/09/2026 10:25:17;2026-09-09T08:25:17.389Z;Courses hippiques (PMU);OK;5,4;5400
09/09/2026 10:25:17;2026-09-09T08:25:17.389Z;Courses de lévriers;OK;5,3;5279
09/09/2026 10:37:19;2026-09-09T08:37:19.234Z;Courses hippiques (PMU);OK;5,5;5494
09/09/2026 10:37:19;2026-09-09T08:37:19.234Z;Courses de lévriers;OK;5,2;5204
09/09/2026 10:49:20;2026-09-09T08:49:20.729Z;Courses hippiques (PMU);OK;5,7;5670
09/09/2026 10:49:20;2026-09-09T08:49:20.729Z;Courses de lévriers;OK;7,1;7096
09/09/2026 11:02:01;2026-09-09T09:02:01.434Z;Courses hippiques (PMU);OK;5,3;5350
09/09/2026 11:02:01;2026-09-09T09:02:01.434Z;Courses de lévriers;OK;5,0;4993
09/09/2026 11:14:01;2026-09-09T09:14:01.541Z;Courses hippiques (PMU);OK;5,5;5480
09/09/2026 11:14:01;2026-09-09T09:14:01.541Z;Courses de lévriers;OK;3,5;3529
09/09/2026 11:25:21;2026-09-09T09:25:21.538Z;Courses hippiques (PMU);OK;5,7;5730
09/09/2026 11:25:21;2026-09-09T09:25:21.538Z;Courses de lévriers;OK;6,1;6114
09/09/2026 11:37:17;2026-09-09T09:37:17.764Z;Courses hippiques (PMU);OK;4,6;4566
09/09/2026 11:37:17;2026-09-09T09:37:17.764Z;Courses de lévriers;OK;4,4;4403
09/09/2026 11:49:13;2026-09-09T09:49:13.867Z;Courses hippiques (PMU);OK;4,2;4231
09/09/2026 11:49:13;2026-09-09T09:49:13.867Z;Courses de lévriers;OK;3,8;3822
09/09/2026 12:01:58;2026-09-09T10:01:58.056Z;Courses hippiques (PMU);ECHEC;4,9;4940
09/09/2026 12:01:58;2026-09-09T10:01:58.056Z;Courses de lévriers;OK;7,1;7146
09/09/2026 12:13:16;2026-09-09T10:13:16.900Z;Courses hippiques (PMU);OK;4,2;4169
09/09/2026 12:13:16;2026-09-09T10:13:16.900Z;Courses de lévriers;OK;4,8;4766
09/09/2026 12:25:17;2026-09-09T10:25:17.192Z;Courses hippiques (PMU);OK;4,8;4833
09/09/2026 12:25:17;2026-09-09T10:25:17.192Z;Courses de lévriers;OK;5,3;5350
09/09/2026 12:37:27;2026-09-09T10:37:27.931Z;Courses hippiques (PMU);OK;4,7;4712
09/09/2026 12:37:27;2026-09-09T10:37:27.931Z;Courses de lévriers;OK;4,4;4413
09/09/2026 12:49:14;2026-09-09T10:49:14.622Z;Courses hippiques (PMU);OK;3,7;3748
09/09/2026 12:49:14;2026-09-09T10:49:14.622Z;Courses de lévriers;OK;3,4;3424
09/09/2026 13:01:50;2026-09-09T11:01:50.627Z;Courses hippiques (PMU);OK;4,6;4596
09/09/2026 13:01:50;2026-09-09T11:01:50.627Z;Courses de lévriers;OK;5,6;5635
09/09/2026 13:13:16;2026-09-09T11:13:16.691Z;Courses hippiques (PMU);OK;4,9;4878
09/09/2026 13:13:16;2026-09-09T11:13:16.691Z;Courses de lévriers;OK;4,5;4463
09/09/2026 13:25:26;2026-09-09T11:25:26.059Z;Courses hippiques (PMU);OK;5,5;5453
09/09/2026 13:25:26;2026-09-09T11:25:26.059Z;Courses de lévriers;OK;5,8;5755
09/09/2026 13:28:15;2026-09-09T11:28:15.311Z;Courses hippiques (PMU);OK;5,5;5503
09/09/2026 13:28:15;2026-09-09T11:28:15.311Z;Courses de lévriers;OK;5,7;5678
09/09/2026 13:37:21;2026-09-09T11:37:21.497Z;Courses hippiques (PMU);OK;5,3;5287
09/09/2026 13:37:21;2026-09-09T11:37:21.497Z;Courses de lévriers;OK;7,5;7469
09/09/2026 13:49:23;2026-09-09T11:49:23.923Z;Courses hippiques (PMU);OK;7,2;7203
09/09/2026 13:49:23;2026-09-09T11:49:23.923Z;Courses de lévriers;OK;4,7;4731
09/09/2026 14:01:56;2026-09-09T12:01:56.423Z;Courses hippiques (PMU);OK;5,1;5089
09/09/2026 14:01:56;2026-09-09T12:01:56.423Z;Courses de lévriers;OK;5,7;5693
09/09/2026 14:13:19;2026-09-09T12:13:19.580Z;Courses hippiques (PMU);OK;5,3;5265
09/09/2026 14:13:19;2026-09-09T12:13:19.580Z;Courses de lévriers;OK;5,6;5616
09/09/2026 14:25:17;2026-09-09T12:25:17.537Z;Courses hippiques (PMU);OK;4,6;4577
09/09/2026 14:25:17;2026-09-09T12:25:17.537Z;Courses de lévriers;OK;7,2;7211
09/09/2026 14:37:23;2026-09-09T12:37:23.517Z;Courses hippiques (PMU);OK;6,0;5955
09/09/2026 14:37:23;2026-09-09T12:37:23.517Z;Courses de lévriers;OK;6,7;6719
09/09/2026 14:49:28;2026-09-09T12:49:28.031Z;Courses hippiques (PMU);ECHEC;4,5;4457
09/09/2026 14:49:28;2026-09-09T12:49:28.031Z;Courses de lévriers;OK;6,1;6066
09/09/2026 15:01:52;2026-09-09T13:01:52.640Z;Courses hippiques (PMU);OK;5,8;5833
09/09/2026 15:01:52;2026-09-09T13:01:52.640Z;Courses de lévriers;OK;5,9;5869
09/09/2026 15:13:33;2026-09-09T13:13:33.503Z;Courses hippiques (PMU);OK;5,7;5696
09/09/2026 15:13:33;2026-09-09T13:13:33.503Z;Courses de lévriers;OK;7,6;7605
09/09/2026 15:25:21;2026-09-09T13:25:21.370Z;Courses hippiques (PMU);OK;6,6;6572
09/09/2026 15:25:21;2026-09-09T13:25:21.370Z;Courses de lévriers;OK;6,8;6818
09/09/2026 15:37:51;2026-09-09T13:37:51.153Z;Courses hippiques (PMU);OK;6,0;6048
09/09/2026 15:37:51;2026-09-09T13:37:51.153Z;Courses de lévriers;OK;7,5;7450
09/09/2026 15:49:22;2026-09-09T13:49:22.114Z;Courses hippiques (PMU);OK;6,0;5951
09/09/2026 15:49:22;2026-09-09T13:49:22.114Z;Courses de lévriers;OK;5,6;5565
09/09/2026 16:02:13;2026-09-09T14:02:13.798Z;Courses hippiques (PMU);OK;5,2;5190
09/09/2026 16:02:13;2026-09-09T14:02:13.798Z;Courses de lévriers;OK;7,6;7551
09/09/2026 16:25:26;2026-09-09T14:25:26.477Z;Courses hippiques (PMU);OK;5,6;5629
09/09/2026 16:25:26;2026-09-09T14:25:26.477Z;Courses de lévriers;OK;6,4;6417
09/09/2026 16:37:16;2026-09-09T14:37:16.810Z;Courses hippiques (PMU);OK;4,9;4936
09/09/2026 16:37:16;2026-09-09T14:37:16.810Z;Courses de lévriers;OK;6,0;5950
09/09/2026 16:49:25;2026-09-09T14:49:25.979Z;Courses hippiques (PMU);OK;5,8;5830
09/09/2026 16:49:25;2026-09-09T14:49:25.979Z;Courses de lévriers;OK;8,2;8156
09/09/2026 17:01:57;2026-09-09T15:01:57.575Z;Courses hippiques (PMU);OK;5,4;5428
09/09/2026 17:01:57;2026-09-09T15:01:57.575Z;Courses de lévriers;OK;5,0;5008
09/09/2026 17:13:22;2026-09-09T15:13:22.949Z;Courses hippiques (PMU);OK;5,7;5702
09/09/2026 17:13:22;2026-09-09T15:13:22.949Z;Courses de lévriers;OK;4,8;4839
09/09/2026 17:25:20;2026-09-09T15:25:20.390Z;Courses hippiques (PMU);OK;5,5;5455
09/09/2026 17:25:20;2026-09-09T15:25:20.390Z;Courses de lévriers;OK;6,0;5961
09/09/2026 17:37:19;2026-09-09T15:37:19.033Z;Courses hippiques (PMU);ECHEC;4,0;3984
09/09/2026 17:37:19;2026-09-09T15:37:19.033Z;Courses de lévriers;OK;5,7;5730
09/09/2026 17:49:32;2026-09-09T15:49:32.979Z;Courses hippiques (PMU);OK;6,1;6107
09/09/2026 17:49:32;2026-09-09T15:49:32.979Z;Courses de lévriers;OK;5,7;5671
09/09/2026 18:01:55;2026-09-09T16:01:55.464Z;Courses hippiques (PMU);OK;5,5;5511
09/09/2026 18:01:55;2026-09-09T16:01:55.464Z;Courses de lévriers;OK;5,9;5880
09/09/2026 18:13:24;2026-09-09T16:13:24.929Z;Courses hippiques (PMU);OK;6,2;6207
09/09/2026 18:13:24;2026-09-09T16:13:24.929Z;Courses de lévriers;OK;6,8;6804
09/09/2026 18:25:31;2026-09-09T16:25:31.385Z;Courses hippiques (PMU);OK;6,4;6381
09/09/2026 18:25:31;2026-09-09T16:25:31.385Z;Courses de lévriers;OK;5,6;5600
09/09/2026 18:37:18;2026-09-09T16:37:18.396Z;Courses hippiques (PMU);OK;5,2;5186
09/09/2026 18:37:18;2026-09-09T16:37:18.396Z;Courses de lévriers;OK;5,9;5853
09/09/2026 18:41:40;2026-09-09T16:41:40.028Z;Courses hippiques (PMU);OK;5,1;5077
09/09/2026 18:41:40;2026-09-09T16:41:40.028Z;Courses de lévriers;OK;6,5;6492
09/09/2026 18:49:19;2026-09-09T16:49:19.151Z;Courses hippiques (PMU);OK;4,7;4734
09/09/2026 18:49:19;2026-09-09T16:49:19.151Z;Courses de lévriers;OK;5,9;5854
09/09/2026 19:01:49;2026-09-09T17:01:49.354Z;Courses hippiques (PMU);OK;5,0;4993
09/09/2026 19:01:49;2026-09-09T17:01:49.354Z;Courses de lévriers;OK;6,1;6094
09/09/2026 19:13:18;2026-09-09T17:13:18.932Z;Courses hippiques (PMU);OK;5,0;4965
09/09/2026 19:13:18;2026-09-09T17:13:18.932Z;Courses de lévriers;OK;5,8;5776
09/09/2026 19:25:19;2026-09-09T17:25:19.924Z;Courses hippiques (PMU);OK;4,9;4878
09/09/2026 19:25:19;2026-09-09T17:25:19.924Z;Courses de lévriers;OK;6,2;6189
09/09/2026 20:13:20;2026-09-09T18:13:20.628Z;Courses hippiques (PMU);OK;6,4;6370
09/09/2026 20:13:20;2026-09-09T18:13:20.628Z;Courses de lévriers;OK;5,5;5461
09/09/2026 20:25:24;2026-09-09T18:25:24.508Z;Courses hippiques (PMU);OK;6,3;6286
09/09/2026 20:25:24;2026-09-09T18:25:24.508Z;Courses de lévriers;OK;6,6;6580
09/09/2026 20:37:24;2026-09-09T18:37:24.120Z;Courses hippiques (PMU);OK;6,5;6511
09/09/2026 20:37:24;2026-09-09T18:37:24.120Z;Courses de lévriers;OK;7,4;7440
09/09/2026 20:49:22;2026-09-09T18:49:22.666Z;Courses hippiques (PMU);OK;5,5;5482
09/09/2026 20:49:22;2026-09-09T18:49:22.666Z;Courses de lévriers;OK;6,4;6408
09/09/2026 21:02:02;2026-09-09T19:02:02.510Z;Courses hippiques (PMU);OK;5,6;5640
09/09/2026 21:02:02;2026-09-09T19:02:02.510Z;Courses de lévriers;OK;5,6;5616
09/09/2026 21:13:23;2026-09-09T19:13:23.630Z;Courses hippiques (PMU);OK;5,7;5725
09/09/2026 21:13:23;2026-09-09T19:13:23.630Z;Courses de lévriers;OK;7,8;7822
09/09/2026 21:25:17;2026-09-09T19:25:17.780Z;Courses hippiques (PMU);OK;4,0;4044
09/09/2026 21:25:17;2026-09-09T19:25:17.780Z;Courses de lévriers;OK;6,0;6028
09/09/2026 21:37:38;2026-09-09T19:37:38.663Z;Courses hippiques (PMU);OK;5,8;5849
09/09/2026 21:37:38;2026-09-09T19:37:38.663Z;Courses de lévriers;OK;6,0;5979
09/09/2026 21:49:58;2026-09-09T19:49:58.227Z;Courses hippiques (PMU);OK;5,2;5196
09/09/2026 21:49:58;2026-09-09T19:49:58.227Z;Courses de lévriers;OK;7,6;7648
09/09/2026 22:01:48;2026-09-09T20:01:48.859Z;Courses hippiques (PMU);OK;5,4;5379
09/09/2026 22:01:48;2026-09-09T20:01:48.859Z;Courses de lévriers;OK;5,8;5767
09/09/2026 22:14:01;2026-09-09T20:14:01.670Z;Courses hippiques (PMU);OK;4,5;4543
09/09/2026 22:14:01;2026-09-09T20:14:01.670Z;Courses de lévriers;OK;6,1;6109
09/09/2026 22:25:21;2026-09-09T20:25:21.630Z;Courses hippiques (PMU);OK;5,1;5085
09/09/2026 22:25:21;2026-09-09T20:25:21.630Z;Courses de lévriers;OK;6,8;6843
09/09/2026 22:37:20;2026-09-09T20:37:20.085Z;Courses hippiques (PMU);OK;5,8;5754
09/09/2026 22:37:20;2026-09-09T20:37:20.085Z;Courses de lévriers;OK;5,3;5333
09/09/2026 22:49:28;2026-09-09T20:49:28.437Z;Courses hippiques (PMU);OK;6,0;5958
09/09/2026 22:49:28;2026-09-09T20:49:28.437Z;Courses de lévriers;OK;6,3;6324
09/09/2026 22:58:59;2026-09-09T20:58:59.407Z;Courses hippiques (PMU);OK;5,2;5227
09/09/2026 22:58:59;2026-09-09T20:58:59.407Z;Courses de lévriers;OK;6,2;6217
09/09/2026 23:02:08;2026-09-09T21:02:08.784Z;Courses hippiques (PMU);OK;8,3;8320
09/09/2026 23:02:08;2026-09-09T21:02:08.784Z;Courses de lévriers;OK;6,3;6303
09/09/2026 23:13:37;2026-09-09T21:13:37.045Z;Courses hippiques (PMU);OK;5,6;5629
09/09/2026 23:13:37;2026-09-09T21:13:37.045Z;Courses de lévriers;OK;5,4;5395
09/09/2026 23:25:21;2026-09-09T21:25:21.892Z;Courses hippiques (PMU);OK;6,2;6192
09/09/2026 23:25:21;2026-09-09T21:25:21.892Z;Courses de lévriers;OK;6,1;6102
09/09/2026 23:37:30;2026-09-09T21:37:30.616Z;Courses hippiques (PMU);OK;5,5;5540
09/09/2026 23:37:30;2026-09-09T21:37:30.616Z;Courses de lévriers;OK;5,8;5753
09/09/2026 23:49:33;2026-09-09T21:49:33.729Z;Courses hippiques (PMU);OK;5,5;5515
09/09/2026 23:49:33;2026-09-09T21:49:33.729Z;Courses de lévriers;OK;6,1;6102
10/09/2026 01:18:35;2026-09-09T23:18:35.030Z;Courses hippiques (PMU);OK;1,8;1835
10/09/2026 01:18:35;2026-09-09T23:18:35.030Z;Courses de lévriers;OK;2,0;2002
10/09/2026 06:47:15;2026-09-10T04:47:15.847Z;Courses hippiques (PMU);OK;2,2;2179
10/09/2026 06:47:15;2026-09-10T04:47:15.847Z;Courses de lévriers;OK;2,7;2743
10/09/2026 08:01:44;2026-09-10T06:01:44.736Z;Courses hippiques (PMU);OK;2,1;2149
10/09/2026 08:01:44;2026-09-10T06:01:44.736Z;Courses de lévriers;OK;1,6;1577
10/09/2026 08:13:08;2026-09-10T06:13:08.883Z;Courses hippiques (PMU);OK;1,9;1888
10/09/2026 08:13:08;2026-09-10T06:13:08.883Z;Courses de lévriers;OK;1,5;1469
10/09/2026 08:25:13;2026-09-10T06:25:13.047Z;Courses hippiques (PMU);OK;2,3;2264
10/09/2026 08:25:13;2026-09-10T06:25:13.047Z;Courses de lévriers;OK;2,0;2030
10/09/2026 08:37:17;2026-09-10T06:37:17.891Z;Courses hippiques (PMU);OK;5,0;4970
10/09/2026 08:37:17;2026-09-10T06:37:17.891Z;Courses de lévriers;OK;5,1;5080
10/09/2026 08:49:27;2026-09-10T06:49:27.708Z;Courses hippiques (PMU);OK;5,6;5584
10/09/2026 08:49:27;2026-09-10T06:49:27.708Z;Courses de lévriers;OK;6,0;6026
10/09/2026 09:02:02;2026-09-10T07:02:02.445Z;Courses hippiques (PMU);OK;3,6;3589
10/09/2026 09:02:02;2026-09-10T07:02:02.445Z;Courses de lévriers;OK;3,7;3654
10/09/2026 09:13:17;2026-09-10T07:13:17.469Z;Courses hippiques (PMU);OK;4,5;4471
10/09/2026 09:13:17;2026-09-10T07:13:17.469Z;Courses de lévriers;OK;6,0;6011
10/09/2026 09:25:20;2026-09-10T07:25:20.316Z;Courses hippiques (PMU);OK;5,1;5066
10/09/2026 09:25:20;2026-09-10T07:25:20.316Z;Courses de lévriers;OK;5,6;5575
10/09/2026 09:37:26;2026-09-10T07:37:26.615Z;Courses hippiques (PMU);OK;4,4;4372
10/09/2026 09:37:26;2026-09-10T07:37:26.615Z;Courses de lévriers;OK;4,6;4614
10/09/2026 09:49:18;2026-09-10T07:49:18.662Z;Courses hippiques (PMU);OK;5,1;5053
10/09/2026 09:49:18;2026-09-10T07:49:18.662Z;Courses de lévriers;OK;4,5;4469
10/09/2026 10:01:52;2026-09-10T08:01:52.489Z;Courses hippiques (PMU);OK;4,6;4595
10/09/2026 10:01:52;2026-09-10T08:01:52.489Z;Courses de lévriers;OK;4,1;4082
10/09/2026 10:13:15;2026-09-10T08:13:15.578Z;Courses hippiques (PMU);ECHEC;4,1;4093
10/09/2026 10:13:15;2026-09-10T08:13:15.578Z;Courses de lévriers;OK;5,4;5405
10/09/2026 10:25:18;2026-09-10T08:25:18.156Z;Courses hippiques (PMU);OK;4,9;4934
10/09/2026 10:25:18;2026-09-10T08:25:18.156Z;Courses de lévriers;OK;4,9;4866
10/09/2026 10:37:21;2026-09-10T08:37:21.716Z;Courses hippiques (PMU);OK;4,4;4363
10/09/2026 10:37:21;2026-09-10T08:37:21.716Z;Courses de lévriers;OK;3,9;3880
10/09/2026 10:50:26;2026-09-10T08:50:26.398Z;Courses hippiques (PMU);OK;4,0;4042
10/09/2026 10:50:26;2026-09-10T08:50:26.398Z;Courses de lévriers;OK;4,1;4076
10/09/2026 11:01:56;2026-09-10T09:01:56.864Z;Courses hippiques (PMU);OK;4,3;4281
10/09/2026 11:01:56;2026-09-10T09:01:56.864Z;Courses de lévriers;OK;3,7;3696
10/09/2026 11:13:18;2026-09-10T09:13:18.259Z;Courses hippiques (PMU);OK;5,1;5053
10/09/2026 11:13:18;2026-09-10T09:13:18.259Z;Courses de lévriers;OK;4,7;4737
10/09/2026 11:25:20;2026-09-10T09:25:20.423Z;Courses hippiques (PMU);OK;4,9;4924
10/09/2026 11:25:20;2026-09-10T09:25:20.423Z;Courses de lévriers;OK;5,4;5439
10/09/2026 11:37:21;2026-09-10T09:37:21.303Z;Courses hippiques (PMU);OK;4,1;4144
10/09/2026 11:37:21;2026-09-10T09:37:21.303Z;Courses de lévriers;OK;3,5;3461
10/09/2026 11:49:18;2026-09-10T09:49:18.021Z;Courses hippiques (PMU);ECHEC;4,2;4186
10/09/2026 11:49:18;2026-09-10T09:49:18.021Z;Courses de lévriers;OK;5,6;5576
10/09/2026 12:01:56;2026-09-10T10:01:56.484Z;Courses hippiques (PMU);OK;6,6;6624
10/09/2026 12:01:56;2026-09-10T10:01:56.484Z;Courses de lévriers;OK;6,1;6092
10/09/2026 12:13:21;2026-09-10T10:13:21.467Z;Courses hippiques (PMU);OK;3,5;3471
10/09/2026 12:13:21;2026-09-10T10:13:21.467Z;Courses de lévriers;OK;4,1;4063
10/09/2026 12:25:18;2026-09-10T10:25:18.280Z;Courses hippiques (PMU);OK;4,2;4240
10/09/2026 12:25:18;2026-09-10T10:25:18.280Z;Courses de lévriers;OK;4,0;4038
10/09/2026 12:37:27;2026-09-10T10:37:27.363Z;Courses hippiques (PMU);OK;4,1;4082
10/09/2026 12:37:27;2026-09-10T10:37:27.363Z;Courses de lévriers;OK;3,9;3873
10/09/2026 12:49:33;2026-09-10T10:49:33.228Z;Courses hippiques (PMU);ECHEC;5,6;5638
10/09/2026 12:49:33;2026-09-10T10:49:33.228Z;Courses de lévriers;OK;5,2;5185
10/09/2026 13:01:47;2026-09-10T11:01:47.213Z;Courses hippiques (PMU);OK;5,0;5017
10/09/2026 13:01:47;2026-09-10T11:01:47.213Z;Courses de lévriers;OK;5,0;5000
10/09/2026 13:13:21;2026-09-10T11:13:21.990Z;Courses hippiques (PMU);OK;5,1;5074
10/09/2026 13:13:21;2026-09-10T11:13:21.990Z;Courses de lévriers;OK;4,4;4448
10/09/2026 13:24:33;2026-09-10T11:24:33.838Z;Courses hippiques (PMU);OK;6,3;6258
10/09/2026 13:24:33;2026-09-10T11:24:33.838Z;Courses de lévriers;ECHEC;5,6;5646
10/09/2026 13:25:34;2026-09-10T11:25:34.299Z;Courses hippiques (PMU);OK;5,9;5929
10/09/2026 13:25:34;2026-09-10T11:25:34.299Z;Courses de lévriers;OK;6,1;6067
10/09/2026 13:37:24;2026-09-10T11:37:24.105Z;Courses hippiques (PMU);OK;4,5;4491
10/09/2026 13:37:24;2026-09-10T11:37:24.105Z;Courses de lévriers;OK;4,0;4029
10/09/2026 13:49:23;2026-09-10T11:49:23.527Z;Courses hippiques (PMU);OK;8,1;8125
10/09/2026 13:49:23;2026-09-10T11:49:23.527Z;Courses de lévriers;OK;6,7;6662
10/09/2026 14:02:05;2026-09-10T12:02:05.354Z;Courses hippiques (PMU);OK;6,0;6025
10/09/2026 14:02:05;2026-09-10T12:02:05.354Z;Courses de lévriers;OK;6,1;6089
10/09/2026 14:13:21;2026-09-10T12:13:21.791Z;Courses hippiques (PMU);OK;6,9;6915
10/09/2026 14:13:21;2026-09-10T12:13:21.791Z;Courses de lévriers;OK;5,1;5065
10/09/2026 14:25:31;2026-09-10T12:25:31.505Z;Courses hippiques (PMU);ECHEC;4,8;4840
10/09/2026 14:25:31;2026-09-10T12:25:31.505Z;Courses de lévriers;OK;5,5;5518
10/09/2026 14:37:29;2026-09-10T12:37:29.461Z;Courses hippiques (PMU);OK;4,7;4706
10/09/2026 14:37:29;2026-09-10T12:37:29.461Z;Courses de lévriers;OK;6,4;6356
10/09/2026 14:49:22;2026-09-10T12:49:22.773Z;Courses hippiques (PMU);OK;4,2;4238
10/09/2026 14:49:22;2026-09-10T12:49:22.773Z;Courses de lévriers;OK;3,7;3657
10/09/2026 15:02:03;2026-09-10T13:02:03.399Z;Courses hippiques (PMU);OK;4,3;4316
10/09/2026 15:02:03;2026-09-10T13:02:03.399Z;Courses de lévriers;OK;4,4;4432
10/09/2026 15:13:20;2026-09-10T13:13:20.345Z;Courses hippiques (PMU);OK;4,3;4313
10/09/2026 15:13:20;2026-09-10T13:13:20.345Z;Courses de lévriers;OK;4,8;4822
10/09/2026 15:25:26;2026-09-10T13:25:26.101Z;Courses hippiques (PMU);OK;6,5;6457
10/09/2026 15:25:26;2026-09-10T13:25:26.101Z;Courses de lévriers;OK;5,3;5291
10/09/2026 15:37:22;2026-09-10T13:37:22.797Z;Courses hippiques (PMU);OK;6,9;6890
10/09/2026 15:37:22;2026-09-10T13:37:22.797Z;Courses de lévriers;OK;6,1;6081
10/09/2026 15:49:26;2026-09-10T13:49:26.724Z;Courses hippiques (PMU);ECHEC;6,5;6483
10/09/2026 15:49:26;2026-09-10T13:49:26.724Z;Courses de lévriers;OK;6,4;6447
10/09/2026 16:02:11;2026-09-10T14:02:11.464Z;Courses hippiques (PMU);OK;5,6;5561
10/09/2026 16:02:11;2026-09-10T14:02:11.464Z;Courses de lévriers;OK;5,9;5932
10/09/2026 16:13:23;2026-09-10T14:13:23.243Z;Courses hippiques (PMU);OK;5,6;5572
10/09/2026 16:13:23;2026-09-10T14:13:23.243Z;Courses de lévriers;OK;6,5;6494
10/09/2026 16:25:38;2026-09-10T14:25:38.288Z;Courses hippiques (PMU);OK;5,3;5278
10/09/2026 16:25:38;2026-09-10T14:25:38.288Z;Courses de lévriers;OK;4,7;4694
10/09/2026 16:37:49;2026-09-10T14:37:49.670Z;Courses hippiques (PMU);OK;4,9;4938
10/09/2026 16:37:49;2026-09-10T14:37:49.670Z;Courses de lévriers;OK;5,0;5029
10/09/2026 16:49:21;2026-09-10T14:49:21.385Z;Courses hippiques (PMU);OK;6,5;6484
10/09/2026 16:49:21;2026-09-10T14:49:21.385Z;Courses de lévriers;OK;7,5;7481
10/09/2026 17:02:07;2026-09-10T15:02:07.067Z;Courses hippiques (PMU);OK;3,8;3769
10/09/2026 17:02:07;2026-09-10T15:02:07.067Z;Courses de lévriers;OK;4,0;4007
10/09/2026 17:13:26;2026-09-10T15:13:26.042Z;Courses hippiques (PMU);OK;5,3;5287
10/09/2026 17:13:26;2026-09-10T15:13:26.042Z;Courses de lévriers;OK;6,3;6272
10/09/2026 17:25:21;2026-09-10T15:25:21.040Z;Courses hippiques (PMU);OK;5,8;5840
10/09/2026 17:25:21;2026-09-10T15:25:21.040Z;Courses de lévriers;OK;7,1;7101
10/09/2026 17:37:30;2026-09-10T15:37:30.119Z;Courses hippiques (PMU);OK;5,5;5458
10/09/2026 17:37:30;2026-09-10T15:37:30.119Z;Courses de lévriers;OK;6,1;6101
10/09/2026 17:49:50;2026-09-10T15:49:50.746Z;Courses hippiques (PMU);ECHEC;5,0;4994
10/09/2026 17:49:50;2026-09-10T15:49:50.746Z;Courses de lévriers;OK;5,5;5480
10/09/2026 18:02:12;2026-09-10T16:02:12.850Z;Courses hippiques (PMU);OK;5,6;5558
10/09/2026 18:02:12;2026-09-10T16:02:12.850Z;Courses de lévriers;OK;6,0;6003
10/09/2026 18:13:23;2026-09-10T16:13:23.399Z;Courses hippiques (PMU);OK;6,6;6569
10/09/2026 18:13:23;2026-09-10T16:13:23.399Z;Courses de lévriers;OK;6,1;6094
10/09/2026 18:25:56;2026-09-10T16:25:56.107Z;Courses hippiques (PMU);OK;5,0;4974
10/09/2026 18:25:56;2026-09-10T16:25:56.107Z;Courses de lévriers;OK;5,6;5611
10/09/2026 18:27:27;2026-09-10T16:27:27.233Z;Courses hippiques (PMU);OK;5,3;5348
10/09/2026 18:27:27;2026-09-10T16:27:27.233Z;Courses de lévriers;OK;5,3;5325
10/09/2026 18:37:27;2026-09-10T16:37:27.546Z;Courses hippiques (PMU);OK;5,5;5516
10/09/2026 18:37:27;2026-09-10T16:37:27.546Z;Courses de lévriers;OK;7,6;7588
10/09/2026 18:49:21;2026-09-10T16:49:21.810Z;Courses hippiques (PMU);ECHEC;4,2;4208
10/09/2026 18:49:21;2026-09-10T16:49:21.810Z;Courses de lévriers;OK;7,3;7350
10/09/2026 19:01:53;2026-09-10T17:01:53.644Z;Courses hippiques (PMU);ECHEC;5,0;5001
10/09/2026 19:01:53;2026-09-10T17:01:53.644Z;Courses de lévriers;OK;5,6;5610
10/09/2026 19:13:23;2026-09-10T17:13:23.357Z;Courses hippiques (PMU);OK;6,0;6045
10/09/2026 19:13:23;2026-09-10T17:13:23.357Z;Courses de lévriers;OK;5,2;5199
10/09/2026 19:25:15;2026-09-10T17:25:15.862Z;Courses hippiques (PMU);OK;4,1;4118
10/09/2026 19:25:15;2026-09-10T17:25:15.862Z;Courses de lévriers;OK;4,9;4859
10/09/2026 19:37:24;2026-09-10T17:37:24.473Z;Courses hippiques (PMU);OK;5,8;5840
10/09/2026 19:37:24;2026-09-10T17:37:24.473Z;Courses de lévriers;OK;6,5;6501
10/09/2026 19:49:31;2026-09-10T17:49:31.960Z;Courses hippiques (PMU);OK;5,2;5172
10/09/2026 19:49:31;2026-09-10T17:49:31.960Z;Courses de lévriers;OK;6,2;6244
10/09/2026 20:01:54;2026-09-10T18:01:54.861Z;Courses hippiques (PMU);OK;4,9;4940
10/09/2026 20:01:54;2026-09-10T18:01:54.861Z;Courses de lévriers;OK;4,1;4103
10/09/2026 20:13:20;2026-09-10T18:13:20.669Z;Courses hippiques (PMU);OK;5,8;5750
10/09/2026 20:13:20;2026-09-10T18:13:20.669Z;Courses de lévriers;OK;5,0;4982
10/09/2026 20:25:22;2026-09-10T18:25:22.279Z;Courses hippiques (PMU);OK;5,1;5060
10/09/2026 20:25:22;2026-09-10T18:25:22.279Z;Courses de lévriers;OK;6,3;6278
10/09/2026 20:37:20;2026-09-10T18:37:20.639Z;Courses hippiques (PMU);OK;5,1;5096
10/09/2026 20:37:20;2026-09-10T18:37:20.639Z;Courses de lévriers;OK;5,8;5768
10/09/2026 20:49:22;2026-09-10T18:49:22.317Z;Courses hippiques (PMU);OK;5,6;5632
10/09/2026 20:49:22;2026-09-10T18:49:22.317Z;Courses de lévriers;OK;5,2;5231
10/09/2026 21:01:56;2026-09-10T19:01:56.599Z;Courses hippiques (PMU);OK;6,0;5973
10/09/2026 21:01:56;2026-09-10T19:01:56.599Z;Courses de lévriers;OK;6,2;6156
10/09/2026 21:13:25;2026-09-10T19:13:25.584Z;Courses hippiques (PMU);OK;5,2;5162
10/09/2026 21:13:25;2026-09-10T19:13:25.584Z;Courses de lévriers;OK;5,3;5257
10/09/2026 21:25:18;2026-09-10T19:25:18.009Z;Courses hippiques (PMU);OK;5,6;5570
10/09/2026 21:25:18;2026-09-10T19:25:18.009Z;Courses de lévriers;OK;6,1;6081
10/09/2026 21:37:31;2026-09-10T19:37:31.827Z;Courses hippiques (PMU);OK;5,8;5813
10/09/2026 21:37:31;2026-09-10T19:37:31.827Z;Courses de lévriers;OK;6,1;6131
10/09/2026 21:49:36;2026-09-10T19:49:36.283Z;Courses hippiques (PMU);OK;5,8;5778
10/09/2026 21:49:36;2026-09-10T19:49:36.283Z;Courses de lévriers;OK;6,4;6366
10/09/2026 22:01:54;2026-09-10T20:01:54.975Z;Courses hippiques (PMU);OK;6,6;6583
10/09/2026 22:01:54;2026-09-10T20:01:54.975Z;Courses de lévriers;OK;5,4;5395
10/09/2026 22:13:22;2026-09-10T20:13:22.768Z;Courses hippiques (PMU);OK;5,8;5786
10/09/2026 22:13:22;2026-09-10T20:13:22.768Z;Courses de lévriers;OK;6,0;6026
10/09/2026 22:25:24;2026-09-10T20:25:24.737Z;Courses hippiques (PMU);OK;5,7;5748
10/09/2026 22:25:24;2026-09-10T20:25:24.737Z;Courses de lévriers;OK;6,5;6533
10/09/2026 22:37:27;2026-09-10T20:37:27.960Z;Courses hippiques (PMU);OK;6,0;6039
10/09/2026 22:37:27;2026-09-10T20:37:27.960Z;Courses de lévriers;OK;5,5;5543
10/09/2026 22:49:19;2026-09-10T20:49:19.932Z;Courses hippiques (PMU);OK;4,7;4651
10/09/2026 22:49:19;2026-09-10T20:49:19.932Z;Courses de lévriers;OK;4,7;4736
10/09/2026 22:54:34;2026-09-10T20:54:34.722Z;Courses hippiques (PMU);OK;5,0;4976
10/09/2026 22:54:34;2026-09-10T20:54:34.722Z;Courses de lévriers;OK;6,1;6120
10/09/2026 23:01:51;2026-09-10T21:01:51.463Z;Courses hippiques (PMU);OK;5,7;5748
10/09/2026 23:01:51;2026-09-10T21:01:51.463Z;Courses de lévriers;OK;4,9;4889
10/09/2026 23:13:16;2026-09-10T21:13:16.281Z;Courses hippiques (PMU);OK;4,8;4827
10/09/2026 23:13:16;2026-09-10T21:13:16.281Z;Courses de lévriers;OK;6,2;6171
10/09/2026 23:25:21;2026-09-10T21:25:21.991Z;Courses hippiques (PMU);OK;5,2;5194
10/09/2026 23:25:21;2026-09-10T21:25:21.991Z;Courses de lévriers;OK;6,2;6171
10/09/2026 23:37:17;2026-09-10T21:37:17.633Z;Courses hippiques (PMU);OK;5,2;5248
10/09/2026 23:37:17;2026-09-10T21:37:17.633Z;Courses de lévriers;OK;5,9;5881
10/09/2026 23:49:18;2026-09-10T21:49:18.843Z;Courses hippiques (PMU);OK;5,7;5725
10/09/2026 23:49:18;2026-09-10T21:49:18.843Z;Courses de lévriers;OK;4,6;4635
11/09/2026 01:12:47;2026-09-10T23:12:47.370Z;Courses hippiques (PMU);OK;2,0;2034
11/09/2026 01:12:47;2026-09-10T23:12:47.370Z;Courses de lévriers;OK;2,6;2610
11/09/2026 06:45:18;2026-09-11T04:45:18.053Z;Courses hippiques (PMU);OK;2,9;2883
11/09/2026 06:45:18;2026-09-11T04:45:18.053Z;Courses de lévriers;OK;1,2;1232
11/09/2026 08:01:46;2026-09-11T06:01:46.633Z;Courses hippiques (PMU);OK;2,4;2436
11/09/2026 08:01:46;2026-09-11T06:01:46.633Z;Courses de lévriers;OK;2,0;1968
11/09/2026 08:13:11;2026-09-11T06:13:11.159Z;Courses hippiques (PMU);OK;2,1;2079
11/09/2026 08:13:11;2026-09-11T06:13:11.159Z;Courses de lévriers;OK;1,2;1232
11/09/2026 08:25:41;2026-09-11T06:25:41.659Z;Courses hippiques (PMU);OK;3,4;3400
11/09/2026 08:25:41;2026-09-11T06:25:41.659Z;Courses de lévriers;OK;2,4;2382
11/09/2026 08:37:25;2026-09-11T06:37:25.282Z;Courses hippiques (PMU);OK;5,1;5071
11/09/2026 08:37:25;2026-09-11T06:37:25.282Z;Courses de lévriers;OK;5,9;5907
11/09/2026 08:49:17;2026-09-11T06:49:17.517Z;Courses hippiques (PMU);OK;5,0;5014
11/09/2026 08:49:17;2026-09-11T06:49:17.517Z;Courses de lévriers;OK;4,6;4593
11/09/2026 09:05:43;2026-09-11T07:05:43.051Z;Courses hippiques (PMU);OK;5,9;5882
11/09/2026 09:05:43;2026-09-11T07:05:43.051Z;Courses de lévriers;OK;6,2;6171
11/09/2026 09:13:13;2026-09-11T07:13:13.853Z;Courses hippiques (PMU);OK;4,9;4941
11/09/2026 09:13:13;2026-09-11T07:13:13.853Z;Courses de lévriers;OK;4,6;4632
11/09/2026 09:25:26;2026-09-11T07:25:26.268Z;Courses hippiques (PMU);OK;5,9;5949
11/09/2026 09:25:26;2026-09-11T07:25:26.268Z;Courses de lévriers;OK;6,1;6086
11/09/2026 09:37:28;2026-09-11T07:37:28.581Z;Courses hippiques (PMU);OK;5,3;5350
11/09/2026 09:37:28;2026-09-11T07:37:28.581Z;Courses de lévriers;OK;3,0;2975
11/09/2026 09:49:28;2026-09-11T07:49:28.803Z;Courses hippiques (PMU);OK;4,8;4844
11/09/2026 09:49:28;2026-09-11T07:49:28.803Z;Courses de lévriers;OK;4,5;4452
11/09/2026 10:02:03;2026-09-11T08:02:03.149Z;Courses hippiques (PMU);OK;6,4;6377
11/09/2026 10:02:03;2026-09-11T08:02:03.149Z;Courses de lévriers;OK;5,8;5758
11/09/2026 10:14:00;2026-09-11T08:14:00.780Z;Courses hippiques (PMU);OK;6,4;6404
11/09/2026 10:14:00;2026-09-11T08:14:00.780Z;Courses de lévriers;OK;5,9;5929
11/09/2026 10:25:23;2026-09-11T08:25:23.382Z;Courses hippiques (PMU);ECHEC;5,0;4967
11/09/2026 10:25:23;2026-09-11T08:25:23.382Z;Courses de lévriers;OK;5,0;4966
11/09/2026 10:37:29;2026-09-11T08:37:29.399Z;Courses hippiques (PMU);OK;5,6;5561
11/09/2026 10:37:29;2026-09-11T08:37:29.399Z;Courses de lévriers;OK;5,3;5313
11/09/2026 10:49:18;2026-09-11T08:49:18.589Z;Courses hippiques (PMU);OK;5,4;5356
11/09/2026 10:49:18;2026-09-11T08:49:18.589Z;Courses de lévriers;OK;3,6;3643
11/09/2026 11:02:11;2026-09-11T09:02:11.536Z;Courses hippiques (PMU);OK;3,8;3793
11/09/2026 11:02:11;2026-09-11T09:02:11.536Z;Courses de lévriers;OK;5,8;5830
11/09/2026 11:13:25;2026-09-11T09:13:25.690Z;Courses hippiques (PMU);OK;4,7;4742
11/09/2026 11:13:25;2026-09-11T09:13:25.690Z;Courses de lévriers;OK;3,7;3664
11/09/2026 11:25:15;2026-09-11T09:25:15.328Z;Courses hippiques (PMU);OK;4,8;4830
11/09/2026 11:25:15;2026-09-11T09:25:15.328Z;Courses de lévriers;OK;5,1;5144
11/09/2026 11:37:19;2026-09-11T09:37:19.003Z;Courses hippiques (PMU);OK;7,3;7346
11/09/2026 11:37:19;2026-09-11T09:37:19.003Z;Courses de lévriers;OK;4,8;4762
11/09/2026 11:49:17;2026-09-11T09:49:17.991Z;Courses hippiques (PMU);ECHEC;4,9;4941
11/09/2026 11:49:17;2026-09-11T09:49:17.991Z;Courses de lévriers;OK;5,5;5495
11/09/2026 12:01:53;2026-09-11T10:01:53.154Z;Courses hippiques (PMU);OK;5,7;5724
11/09/2026 12:01:53;2026-09-11T10:01:53.154Z;Courses de lévriers;OK;3,7;3693
11/09/2026 12:13:28;2026-09-11T10:13:28.865Z;Courses hippiques (PMU);OK;5,1;5120
11/09/2026 12:13:28;2026-09-11T10:13:28.865Z;Courses de lévriers;OK;5,5;5511
11/09/2026 12:25:25;2026-09-11T10:25:25.549Z;Courses hippiques (PMU);OK;6,3;6287
11/09/2026 12:25:25;2026-09-11T10:25:25.549Z;Courses de lévriers;OK;5,7;5744
11/09/2026 12:37:19;2026-09-11T10:37:19.533Z;Courses hippiques (PMU);OK;6,8;6820
11/09/2026 12:37:19;2026-09-11T10:37:19.533Z;Courses de lévriers;OK;5,4;5447
11/09/2026 12:49:53;2026-09-11T10:49:53.175Z;Courses hippiques (PMU);ECHEC;5,5;5538
11/09/2026 12:49:53;2026-09-11T10:49:53.175Z;Courses de lévriers;OK;3,6;3625
11/09/2026 13:01:57;2026-09-11T11:01:57.107Z;Courses hippiques (PMU);OK;5,8;5776
11/09/2026 13:01:57;2026-09-11T11:01:57.107Z;Courses de lévriers;OK;5,4;5395
11/09/2026 13:13:19;2026-09-11T11:13:19.692Z;Courses hippiques (PMU);OK;7,0;6982
11/09/2026 13:13:19;2026-09-11T11:13:19.692Z;Courses de lévriers;OK;5,7;5712
11/09/2026 13:25:22;2026-09-11T11:25:22.145Z;Courses hippiques (PMU);OK;8,3;8313
11/09/2026 13:25:22;2026-09-11T11:25:22.145Z;Courses de lévriers;OK;7,1;7067
11/09/2026 13:26:27;2026-09-11T11:26:27.410Z;Courses hippiques (PMU);OK;7,9;7940
11/09/2026 13:26:27;2026-09-11T11:26:27.410Z;Courses de lévriers;OK;4,0;4037
11/09/2026 13:37:20;2026-09-11T11:37:20.402Z;Courses hippiques (PMU);OK;5,1;5137
11/09/2026 13:37:20;2026-09-11T11:37:20.402Z;Courses de lévriers;OK;4,5;4515
11/09/2026 13:49:21;2026-09-11T11:49:21.214Z;Courses hippiques (PMU);OK;5,6;5642
11/09/2026 13:49:21;2026-09-11T11:49:21.214Z;Courses de lévriers;OK;5,8;5805
11/09/2026 14:01:52;2026-09-11T12:01:52.563Z;Courses hippiques (PMU);OK;5,8;5828
11/09/2026 14:01:52;2026-09-11T12:01:52.563Z;Courses de lévriers;OK;6,1;6074
11/09/2026 14:13:22;2026-09-11T12:13:22.056Z;Courses hippiques (PMU);OK;6,4;6387
11/09/2026 14:13:22;2026-09-11T12:13:22.056Z;Courses de lévriers;OK;5,8;5773
11/09/2026 14:25:36;2026-09-11T12:25:36.069Z;Courses hippiques (PMU);OK;5,7;5708
11/09/2026 14:25:36;2026-09-11T12:25:36.069Z;Courses de lévriers;OK;5,9;5907
11/09/2026 14:37:29;2026-09-11T12:37:29.542Z;Courses hippiques (PMU);OK;5,1;5109
11/09/2026 14:37:29;2026-09-11T12:37:29.542Z;Courses de lévriers;OK;4,4;4357
11/09/2026 14:49:17;2026-09-11T12:49:17.095Z;Courses hippiques (PMU);OK;5,0;4991
11/09/2026 14:49:17;2026-09-11T12:49:17.095Z;Courses de lévriers;OK;4,8;4801
11/09/2026 15:01:51;2026-09-11T13:01:51.212Z;Courses hippiques (PMU);OK;5,3;5272
11/09/2026 15:01:51;2026-09-11T13:01:51.212Z;Courses de lévriers;OK;6,7;6700
11/09/2026 15:13:32;2026-09-11T13:13:32.443Z;Courses hippiques (PMU);OK;5,3;5347
11/09/2026 15:13:32;2026-09-11T13:13:32.443Z;Courses de lévriers;OK;5,0;4983
11/09/2026 15:25:16;2026-09-11T13:25:16.013Z;Courses hippiques (PMU);OK;5,4;5430
11/09/2026 15:25:16;2026-09-11T13:25:16.013Z;Courses de lévriers;OK;4,1;4056
11/09/2026 15:37:30;2026-09-11T13:37:30.282Z;Courses hippiques (PMU);OK;6,3;6271
11/09/2026 15:37:30;2026-09-11T13:37:30.282Z;Courses de lévriers;OK;6,6;6591
11/09/2026 15:49:19;2026-09-11T13:49:19.945Z;Courses hippiques (PMU);OK;5,7;5655
11/09/2026 15:49:19;2026-09-11T13:49:19.945Z;Courses de lévriers;OK;5,2;5159
11/09/2026 16:01:55;2026-09-11T14:01:55.001Z;Courses hippiques (PMU);OK;5,0;5043
11/09/2026 16:01:55;2026-09-11T14:01:55.001Z;Courses de lévriers;OK;5,8;5844
11/09/2026 16:13:46;2026-09-11T14:13:46.164Z;Courses hippiques (PMU);OK;7,2;7198
11/09/2026 16:13:46;2026-09-11T14:13:46.164Z;Courses de lévriers;OK;7,1;7143
11/09/2026 16:25:20;2026-09-11T14:25:20.116Z;Courses hippiques (PMU);OK;6,3;6314
11/09/2026 16:25:20;2026-09-11T14:25:20.116Z;Courses de lévriers;OK;4,9;4938
11/09/2026 16:37:34;2026-09-11T14:37:34.049Z;Courses hippiques (PMU);OK;6,2;6162
11/09/2026 16:37:34;2026-09-11T14:37:34.049Z;Courses de lévriers;OK;6,3;6306
11/09/2026 16:49:25;2026-09-11T14:49:25.683Z;Courses hippiques (PMU);OK;7,7;7650
11/09/2026 16:49:25;2026-09-11T14:49:25.683Z;Courses de lévriers;OK;6,7;6710
11/09/2026 17:01:59;2026-09-11T15:01:59.519Z;Courses hippiques (PMU);OK;6,3;6338
11/09/2026 17:01:59;2026-09-11T15:01:59.519Z;Courses de lévriers;OK;6,1;6109
11/09/2026 17:13:25;2026-09-11T15:13:25.576Z;Courses hippiques (PMU);ECHEC;5,9;5876
11/09/2026 17:13:25;2026-09-11T15:13:25.576Z;Courses de lévriers;OK;7,4;7404
11/09/2026 17:25:19;2026-09-11T15:25:19.681Z;Courses hippiques (PMU);OK;5,3;5250
11/09/2026 17:25:19;2026-09-11T15:25:19.681Z;Courses de lévriers;OK;6,0;6001
11/09/2026 17:37:27;2026-09-11T15:37:27.837Z;Courses hippiques (PMU);OK;7,7;7740
11/09/2026 17:37:27;2026-09-11T15:37:27.837Z;Courses de lévriers;OK;5,0;5014
11/09/2026 17:49:26;2026-09-11T15:49:26.891Z;Courses hippiques (PMU);OK;5,5;5478
11/09/2026 17:49:26;2026-09-11T15:49:26.891Z;Courses de lévriers;OK;5,4;5397
11/09/2026 18:01:59;2026-09-11T16:01:59.449Z;Courses hippiques (PMU);OK;5,5;5454
11/09/2026 18:01:59;2026-09-11T16:01:59.449Z;Courses de lévriers;OK;6,1;6134
11/09/2026 18:13:17;2026-09-11T16:13:17.148Z;Courses hippiques (PMU);OK;6,0;6001
11/09/2026 18:13:17;2026-09-11T16:13:17.148Z;Courses de lévriers;OK;6,0;5983
11/09/2026 18:25:22;2026-09-11T16:25:22.961Z;Courses hippiques (PMU);OK;6,3;6310
11/09/2026 18:25:22;2026-09-11T16:25:22.961Z;Courses de lévriers;OK;6,1;6121
11/09/2026 18:31:34;2026-09-11T16:31:34.181Z;Courses hippiques (PMU);OK;5,4;5425
11/09/2026 18:31:34;2026-09-11T16:31:34.181Z;Courses de lévriers;OK;5,9;5873
11/09/2026 18:37:20;2026-09-11T16:37:20.637Z;Courses hippiques (PMU);OK;5,1;5117
11/09/2026 18:37:20;2026-09-11T16:37:20.637Z;Courses de lévriers;OK;5,1;5119
11/09/2026 18:49:31;2026-09-11T16:49:31.132Z;Courses hippiques (PMU);OK;6,2;6217
11/09/2026 18:49:31;2026-09-11T16:49:31.132Z;Courses de lévriers;OK;6,0;6041
11/09/2026 19:01:56;2026-09-11T17:01:56.284Z;Courses hippiques (PMU);OK;8,6;8575
11/09/2026 19:01:56;2026-09-11T17:01:56.284Z;Courses de lévriers;OK;5,8;5757
11/09/2026 19:13:36;2026-09-11T17:13:36.132Z;Courses hippiques (PMU);OK;5,9;5879
11/09/2026 19:13:36;2026-09-11T17:13:36.132Z;Courses de lévriers;OK;6,0;5968
11/09/2026 19:25:29;2026-09-11T17:25:29.286Z;Courses hippiques (PMU);OK;7,1;7137
11/09/2026 19:25:29;2026-09-11T17:25:29.286Z;Courses de lévriers;OK;7,2;7178
11/09/2026 19:37:44;2026-09-11T17:37:44.328Z;Courses hippiques (PMU);OK;7,1;7063
11/09/2026 19:37:44;2026-09-11T17:37:44.328Z;Courses de lévriers;OK;8,7;8712
11/09/2026 19:49:15;2026-09-11T17:49:15.843Z;Courses hippiques (PMU);OK;4,9;4941
11/09/2026 19:49:15;2026-09-11T17:49:15.843Z;Courses de lévriers;OK;5,1;5085
11/09/2026 20:01:55;2026-09-11T18:01:55.426Z;Courses hippiques (PMU);OK;6,2;6205
11/09/2026 20:01:55;2026-09-11T18:01:55.426Z;Courses de lévriers;OK;6,4;6432
11/09/2026 20:13:17;2026-09-11T18:13:17.156Z;Courses hippiques (PMU);OK;5,4;5390
11/09/2026 20:13:17;2026-09-11T18:13:17.156Z;Courses de lévriers;OK;5,1;5076
11/09/2026 20:25:24;2026-09-11T18:25:24.270Z;Courses hippiques (PMU);OK;6,2;6226
11/09/2026 20:25:24;2026-09-11T18:25:24.270Z;Courses de lévriers;OK;6,6;6627
11/09/2026 20:37:17;2026-09-11T18:37:17.325Z;Courses hippiques (PMU);OK;6,2;6190
11/09/2026 20:37:17;2026-09-11T18:37:17.325Z;Courses de lévriers;OK;5,2;5167
11/09/2026 20:49:40;2026-09-11T18:49:40.290Z;Courses hippiques (PMU);OK;5,3;5277
11/09/2026 20:49:40;2026-09-11T18:49:40.290Z;Courses de lévriers;OK;4,4;4399
11/09/2026 21:01:57;2026-09-11T19:01:57.738Z;Courses hippiques (PMU);OK;5,0;5019
11/09/2026 21:01:57;2026-09-11T19:01:57.738Z;Courses de lévriers;OK;5,7;5731
11/09/2026 21:13:19;2026-09-11T19:13:19.082Z;Courses hippiques (PMU);OK;4,8;4820
11/09/2026 21:13:19;2026-09-11T19:13:19.082Z;Courses de lévriers;OK;5,8;5829
11/09/2026 21:25:19;2026-09-11T19:25:19.247Z;Courses hippiques (PMU);OK;5,5;5496
11/09/2026 21:25:19;2026-09-11T19:25:19.247Z;Courses de lévriers;OK;4,8;4827
11/09/2026 21:37:20;2026-09-11T19:37:20.283Z;Courses hippiques (PMU);OK;4,9;4943
11/09/2026 21:37:20;2026-09-11T19:37:20.283Z;Courses de lévriers;OK;5,9;5886
11/09/2026 21:49:17;2026-09-11T19:49:17.220Z;Courses hippiques (PMU);OK;4,9;4897
11/09/2026 21:49:17;2026-09-11T19:49:17.220Z;Courses de lévriers;OK;5,9;5854
11/09/2026 22:01:53;2026-09-11T20:01:53.080Z;Courses hippiques (PMU);OK;6,1;6059
11/09/2026 22:01:53;2026-09-11T20:01:53.080Z;Courses de lévriers;OK;5,7;5661
11/09/2026 22:13:17;2026-09-11T20:13:17.595Z;Courses hippiques (PMU);OK;5,4;5380
11/09/2026 22:13:17;2026-09-11T20:13:17.595Z;Courses de lévriers;OK;5,6;5628
11/09/2026 22:25:32;2026-09-11T20:25:32.564Z;Courses hippiques (PMU);OK;6,6;6565
11/09/2026 22:25:32;2026-09-11T20:25:32.564Z;Courses de lévriers;OK;4,7;4650
11/09/2026 22:37:41;2026-09-11T20:37:41.539Z;Courses hippiques (PMU);OK;6,4;6438
11/09/2026 22:37:41;2026-09-11T20:37:41.539Z;Courses de lévriers;OK;4,9;4901
11/09/2026 22:49:42;2026-09-11T20:49:42.970Z;Courses hippiques (PMU);ECHEC;30,0;30004
11/09/2026 22:49:42;2026-09-11T20:49:42.970Z;Courses de lévriers;OK;5,2;5244
11/09/2026 23:01:05;2026-09-11T21:01:05.165Z;Courses hippiques (PMU);OK;5,6;5621
11/09/2026 23:01:05;2026-09-11T21:01:05.165Z;Courses de lévriers;OK;6,2;6192
11/09/2026 23:01:57;2026-09-11T21:01:57.597Z;Courses hippiques (PMU);OK;5,4;5412
11/09/2026 23:01:57;2026-09-11T21:01:57.597Z;Courses de lévriers;OK;6,1;6106
11/09/2026 23:13:24;2026-09-11T21:13:24.510Z;Courses hippiques (PMU);OK;6,2;6195
11/09/2026 23:13:24;2026-09-11T21:13:24.510Z;Courses de lévriers;OK;6,5;6459
11/09/2026 23:25:19;2026-09-11T21:25:19.683Z;Courses hippiques (PMU);OK;5,3;5334
11/09/2026 23:25:19;2026-09-11T21:25:19.683Z;Courses de lévriers;OK;6,1;6075
11/09/2026 23:37:19;2026-09-11T21:37:19.105Z;Courses hippiques (PMU);OK;5,6;5556
11/09/2026 23:37:19;2026-09-11T21:37:19.105Z;Courses de lévriers;OK;5,3;5347
11/09/2026 23:49:20;2026-09-11T21:49:20.169Z;Courses hippiques (PMU);OK;6,2;6164
11/09/2026 23:49:20;2026-09-11T21:49:20.169Z;Courses de lévriers;OK;6,6;6608
12/09/2026 01:18:01;2026-09-11T23:18:01.866Z;Courses hippiques (PMU);OK;3,6;3581
12/09/2026 01:18:01;2026-09-11T23:18:01.866Z;Courses de lévriers;OK;3,8;3816
12/09/2026 06:39:50;2026-09-12T04:39:50.331Z;Courses hippiques (PMU);OK;2,0;1973
12/09/2026 06:39:50;2026-09-12T04:39:50.331Z;Courses de lévriers;OK;1,4;1442
12/09/2026 08:01:54;2026-09-12T06:01:54.783Z;Courses hippiques (PMU);OK;1,6;1550
12/09/2026 08:01:54;2026-09-12T06:01:54.783Z;Courses de lévriers;OK;2,4;2377
12/09/2026 08:13:08;2026-09-12T06:13:08.296Z;Courses hippiques (PMU);OK;1,6;1594
12/09/2026 08:13:08;2026-09-12T06:13:08.296Z;Courses de lévriers;OK;1,6;1632
12/09/2026 08:25:10;2026-09-12T06:25:10.587Z;Courses hippiques (PMU);OK;2,2;2209
12/09/2026 08:25:10;2026-09-12T06:25:10.587Z;Courses de lévriers;OK;1,8;1800
12/09/2026 08:37:17;2026-09-12T06:37:17.355Z;Courses hippiques (PMU);OK;5,5;5526
12/09/2026 08:37:17;2026-09-12T06:37:17.355Z;Courses de lévriers;OK;5,6;5626
12/09/2026 08:49:20;2026-09-12T06:49:20.675Z;Courses hippiques (PMU);OK;5,3;5329
12/09/2026 08:49:20;2026-09-12T06:49:20.675Z;Courses de lévriers;OK;3,5;3518
12/09/2026 09:01:53;2026-09-12T07:01:53.727Z;Courses hippiques (PMU);OK;4,9;4851
12/09/2026 09:01:53;2026-09-12T07:01:53.727Z;Courses de lévriers;OK;4,5;4502
12/09/2026 09:13:14;2026-09-12T07:13:14.334Z;Courses hippiques (PMU);OK;4,9;4857
12/09/2026 09:13:14;2026-09-12T07:13:14.334Z;Courses de lévriers;OK;4,8;4819
12/09/2026 09:25:20;2026-09-12T07:25:20.365Z;Courses hippiques (PMU);OK;7,8;7767
12/09/2026 09:25:20;2026-09-12T07:25:20.365Z;Courses de lévriers;OK;5,7;5727
12/09/2026 09:37:18;2026-09-12T07:37:18.227Z;Courses hippiques (PMU);OK;5,5;5499
12/09/2026 09:37:18;2026-09-12T07:37:18.227Z;Courses de lévriers;OK;5,1;5094
12/09/2026 09:49:28;2026-09-12T07:49:28.072Z;Courses hippiques (PMU);OK;5,7;5679
12/09/2026 09:49:28;2026-09-12T07:49:28.072Z;Courses de lévriers;OK;6,0;6030
12/09/2026 10:02:01;2026-09-12T08:02:01.823Z;Courses hippiques (PMU);ECHEC;7,1;7128
12/09/2026 10:02:01;2026-09-12T08:02:01.823Z;Courses de lévriers;OK;5,7;5677
12/09/2026 10:13:15;2026-09-12T08:13:15.617Z;Courses hippiques (PMU);OK;5,1;5051
12/09/2026 10:13:15;2026-09-12T08:13:15.617Z;Courses de lévriers;OK;4,4;4440
12/09/2026 10:25:15;2026-09-12T08:25:15.368Z;Courses hippiques (PMU);OK;6,0;5961
12/09/2026 10:25:15;2026-09-12T08:25:15.368Z;Courses de lévriers;OK;4,5;4504
12/09/2026 10:37:13;2026-09-12T08:37:13.596Z;Courses hippiques (PMU);OK;4,0;4028
12/09/2026 10:37:13;2026-09-12T08:37:13.596Z;Courses de lévriers;OK;3,7;3691
12/09/2026 10:49:14;2026-09-12T08:49:14.201Z;Courses hippiques (PMU);ECHEC;5,2;5182
12/09/2026 10:49:14;2026-09-12T08:49:14.201Z;Courses de lévriers;OK;3,9;3919
12/09/2026 11:01:52;2026-09-12T09:01:52.026Z;Courses hippiques (PMU);OK;6,5;6461
12/09/2026 11:01:52;2026-09-12T09:01:52.026Z;Courses de lévriers;OK;4,8;4812
12/09/2026 11:13:18;2026-09-12T09:13:18.633Z;Courses hippiques (PMU);OK;6,7;6729
12/09/2026 11:13:18;2026-09-12T09:13:18.633Z;Courses de lévriers;OK;5,4;5410
12/09/2026 11:25:26;2026-09-12T09:25:26.034Z;Courses hippiques (PMU);OK;7,2;7236
12/09/2026 11:25:26;2026-09-12T09:25:26.034Z;Courses de lévriers;OK;5,5;5504
12/09/2026 11:37:18;2026-09-12T09:37:18.238Z;Courses hippiques (PMU);OK;6,0;5986
12/09/2026 11:37:18;2026-09-12T09:37:18.238Z;Courses de lévriers;OK;5,3;5321
12/09/2026 11:49:32;2026-09-12T09:49:32.367Z;Courses hippiques (PMU);OK;5,8;5761
12/09/2026 11:49:32;2026-09-12T09:49:32.367Z;Courses de lévriers;OK;6,8;6819
12/09/2026 12:01:51;2026-09-12T10:01:51.135Z;Courses hippiques (PMU);OK;5,7;5704
12/09/2026 12:01:51;2026-09-12T10:01:51.135Z;Courses de lévriers;OK;4,2;4220
12/09/2026 12:13:26;2026-09-12T10:13:26.607Z;Courses hippiques (PMU);OK;5,0;5019
12/09/2026 12:13:26;2026-09-12T10:13:26.607Z;Courses de lévriers;OK;4,6;4595
12/09/2026 12:25:27;2026-09-12T10:25:27.313Z;Courses hippiques (PMU);OK;5,7;5663
12/09/2026 12:25:27;2026-09-12T10:25:27.313Z;Courses de lévriers;OK;4,6;4587
12/09/2026 12:37:17;2026-09-12T10:37:17.176Z;Courses hippiques (PMU);OK;6,1;6084
12/09/2026 12:37:17;2026-09-12T10:37:17.176Z;Courses de lévriers;OK;4,3;4341
12/09/2026 12:49:17;2026-09-12T10:49:17.527Z;Courses hippiques (PMU);OK;4,9;4856
12/09/2026 12:49:17;2026-09-12T10:49:17.527Z;Courses de lévriers;OK;5,3;5301
12/09/2026 12:51:15;2026-09-12T10:51:15.603Z;Courses hippiques (PMU);ECHEC;4,9;4859
12/09/2026 12:51:15;2026-09-12T10:51:15.603Z;Courses de lévriers;OK;4,9;4948
12/09/2026 13:02:08;2026-09-12T11:02:08.019Z;Courses hippiques (PMU);OK;6,8;6767
12/09/2026 13:02:08;2026-09-12T11:02:08.019Z;Courses de lévriers;OK;3,8;3757
12/09/2026 13:13:17;2026-09-12T11:13:17.060Z;Courses hippiques (PMU);OK;5,3;5256
12/09/2026 13:13:17;2026-09-12T11:13:17.060Z;Courses de lévriers;OK;5,4;5427
12/09/2026 13:25:17;2026-09-12T11:25:17.815Z;Courses hippiques (PMU);OK;5,2;5174
12/09/2026 13:25:17;2026-09-12T11:25:17.815Z;Courses de lévriers;OK;4,6;4615
12/09/2026 13:37:17;2026-09-12T11:37:17.567Z;Courses hippiques (PMU);OK;5,4;5406
12/09/2026 13:37:17;2026-09-12T11:37:17.567Z;Courses de lévriers;OK;5,6;5588
12/09/2026 13:49:18;2026-09-12T11:49:18.691Z;Courses hippiques (PMU);OK;5,9;5913
12/09/2026 13:49:18;2026-09-12T11:49:18.691Z;Courses de lévriers;OK;5,1;5130
12/09/2026 14:01:50;2026-09-12T12:01:50.821Z;Courses hippiques (PMU);OK;5,9;5863
12/09/2026 14:01:50;2026-09-12T12:01:50.821Z;Courses de lévriers;OK;5,9;5920
12/09/2026 14:13:19;2026-09-12T12:13:19.008Z;Courses hippiques (PMU);OK;5,3;5303
12/09/2026 14:13:19;2026-09-12T12:13:19.008Z;Courses de lévriers;OK;5,0;4992
12/09/2026 14:25:16;2026-09-12T12:25:16.152Z;Courses hippiques (PMU);OK;5,1;5085
12/09/2026 14:25:16;2026-09-12T12:25:16.152Z;Courses de lévriers;OK;4,3;4338
12/09/2026 14:37:15;2026-09-12T12:37:15.924Z;Courses hippiques (PMU);OK;4,9;4891
12/09/2026 14:37:15;2026-09-12T12:37:15.924Z;Courses de lévriers;OK;5,3;5318
12/09/2026 14:49:23;2026-09-12T12:49:23.030Z;Courses hippiques (PMU);OK;6,2;6249
12/09/2026 14:49:23;2026-09-12T12:49:23.030Z;Courses de lévriers;OK;8,0;7955
12/09/2026 15:02:03;2026-09-12T13:02:03.175Z;Courses hippiques (PMU);OK;5,9;5895
12/09/2026 15:02:03;2026-09-12T13:02:03.175Z;Courses de lévriers;OK;5,4;5352
12/09/2026 15:13:42;2026-09-12T13:13:42.267Z;Courses hippiques (PMU);ECHEC;30,0;30003
12/09/2026 15:13:42;2026-09-12T13:13:42.267Z;Courses de lévriers;OK;5,0;4973
12/09/2026 15:25:26;2026-09-12T13:25:26.652Z;Courses hippiques (PMU);OK;6,5;6455
12/09/2026 15:25:26;2026-09-12T13:25:26.652Z;Courses de lévriers;OK;5,3;5278
12/09/2026 15:37:20;2026-09-12T13:37:20.157Z;Courses hippiques (PMU);OK;8,5;8475
12/09/2026 15:37:20;2026-09-12T13:37:20.157Z;Courses de lévriers;OK;6,7;6707
12/09/2026 15:49:19;2026-09-12T13:49:19.212Z;Courses hippiques (PMU);OK;5,3;5324
12/09/2026 15:49:19;2026-09-12T13:49:19.212Z;Courses de lévriers;OK;6,6;6596
12/09/2026 16:01:55;2026-09-12T14:01:55.083Z;Courses hippiques (PMU);OK;5,5;5536
12/09/2026 16:01:55;2026-09-12T14:01:55.083Z;Courses de lévriers;OK;8,2;8154
12/09/2026 16:13:19;2026-09-12T14:13:19.286Z;Courses hippiques (PMU);OK;5,0;4983
12/09/2026 16:13:19;2026-09-12T14:13:19.286Z;Courses de lévriers;OK;5,7;5665
12/09/2026 16:25:19;2026-09-12T14:25:19.959Z;Courses hippiques (PMU);OK;7,0;6968
12/09/2026 16:25:19;2026-09-12T14:25:19.959Z;Courses de lévriers;OK;4,9;4855
12/09/2026 16:37:16;2026-09-12T14:37:16.418Z;Courses hippiques (PMU);OK;6,1;6110
12/09/2026 16:37:16;2026-09-12T14:37:16.418Z;Courses de lévriers;OK;5,4;5365
12/09/2026 16:49:32;2026-09-12T14:49:32.462Z;Courses hippiques (PMU);OK;7,7;7724
12/09/2026 16:49:32;2026-09-12T14:49:32.462Z;Courses de lévriers;OK;6,2;6189
12/09/2026 17:01:55;2026-09-12T15:01:55.206Z;Courses hippiques (PMU);OK;5,9;5929
12/09/2026 17:01:55;2026-09-12T15:01:55.206Z;Courses de lévriers;OK;5,4;5358
12/09/2026 17:13:22;2026-09-12T15:13:22.003Z;Courses hippiques (PMU);OK;6,2;6179
12/09/2026 17:13:22;2026-09-12T15:13:22.003Z;Courses de lévriers;OK;5,4;5443
12/09/2026 17:25:13;2026-09-12T15:25:13.358Z;Courses hippiques (PMU);ECHEC;4,7;4664
12/09/2026 17:25:13;2026-09-12T15:25:13.358Z;Courses de lévriers;OK;5,2;5193
12/09/2026 17:34:53;2026-09-12T15:34:53.461Z;Courses hippiques (PMU);OK;8,2;8180
12/09/2026 17:34:53;2026-09-12T15:34:53.461Z;Courses de lévriers;OK;5,5;5490
12/09/2026 17:37:16;2026-09-12T15:37:16.753Z;Courses hippiques (PMU);OK;4,9;4873
12/09/2026 17:37:16;2026-09-12T15:37:16.753Z;Courses de lévriers;OK;6,3;6303
12/09/2026 17:49:13;2026-09-12T15:49:13.779Z;Courses hippiques (PMU);OK;5,8;5825
12/09/2026 17:49:13;2026-09-12T15:49:13.779Z;Courses de lévriers;OK;5,1;5085
12/09/2026 18:01:52;2026-09-12T16:01:52.847Z;Courses hippiques (PMU);OK;5,0;5036
12/09/2026 18:01:52;2026-09-12T16:01:52.847Z;Courses de lévriers;OK;6,6;6627
12/09/2026 18:13:34;2026-09-12T16:13:34.824Z;Courses hippiques (PMU);OK;5,4;5447
12/09/2026 18:13:34;2026-09-12T16:13:34.824Z;Courses de lévriers;OK;5,7;5659
12/09/2026 18:25:16;2026-09-12T16:25:16.691Z;Courses hippiques (PMU);OK;5,1;5102
12/09/2026 18:25:16;2026-09-12T16:25:16.691Z;Courses de lévriers;OK;4,8;4802
12/09/2026 18:37:24;2026-09-12T16:37:24.300Z;Courses hippiques (PMU);ECHEC;7,5;7460
12/09/2026 18:37:24;2026-09-12T16:37:24.300Z;Courses de lévriers;OK;6,1;6055
12/09/2026 18:49:36;2026-09-12T16:49:36.677Z;Courses hippiques (PMU);OK;6,0;5980
12/09/2026 18:49:36;2026-09-12T16:49:36.677Z;Courses de lévriers;OK;5,7;5709
12/09/2026 19:01:45;2026-09-12T17:01:45.049Z;Courses hippiques (PMU);OK;5,9;5864
12/09/2026 19:01:45;2026-09-12T17:01:45.049Z;Courses de lévriers;OK;5,3;5278
12/09/2026 19:13:16;2026-09-12T17:13:16.861Z;Courses hippiques (PMU);OK;6,3;6300
12/09/2026 19:13:16;2026-09-12T17:13:16.861Z;Courses de lévriers;OK;5,0;5001
12/09/2026 19:25:26;2026-09-12T17:25:26.430Z;Courses hippiques (PMU);OK;4,2;4246
12/09/2026 19:25:26;2026-09-12T17:25:26.430Z;Courses de lévriers;OK;3,5;3519
12/09/2026 19:37:15;2026-09-12T17:37:15.837Z;Courses hippiques (PMU);OK;4,3;4294
12/09/2026 19:37:15;2026-09-12T17:37:15.837Z;Courses de lévriers;OK;3,9;3912
12/09/2026 19:49:18;2026-09-12T17:49:18.620Z;Courses hippiques (PMU);OK;4,9;4937
12/09/2026 19:49:18;2026-09-12T17:49:18.620Z;Courses de lévriers;OK;5,5;5510
12/09/2026 20:01:53;2026-09-12T18:01:53.515Z;Courses hippiques (PMU);OK;6,9;6917
12/09/2026 20:01:53;2026-09-12T18:01:53.515Z;Courses de lévriers;OK;3,7;3691
12/09/2026 20:13:27;2026-09-12T18:13:27.636Z;Courses hippiques (PMU);OK;6,0;6033
12/09/2026 20:13:27;2026-09-12T18:13:27.636Z;Courses de lévriers;OK;5,2;5169
12/09/2026 20:25:14;2026-09-12T18:25:14.336Z;Courses hippiques (PMU);OK;4,9;4897
12/09/2026 20:25:14;2026-09-12T18:25:14.336Z;Courses de lévriers;OK;4,4;4436
12/09/2026 20:37:15;2026-09-12T18:37:15.401Z;Courses hippiques (PMU);OK;4,7;4739
12/09/2026 20:37:15;2026-09-12T18:37:15.401Z;Courses de lévriers;OK;4,8;4755
12/09/2026 20:49:16;2026-09-12T18:49:16.433Z;Courses hippiques (PMU);OK;5,4;5360
12/09/2026 20:49:16;2026-09-12T18:49:16.433Z;Courses de lévriers;OK;4,4;4353
12/09/2026 21:01:50;2026-09-12T19:01:50.289Z;Courses hippiques (PMU);OK;5,0;4981
12/09/2026 21:01:50;2026-09-12T19:01:50.289Z;Courses de lévriers;OK;4,8;4839
12/09/2026 21:13:20;2026-09-12T19:13:20.228Z;Courses hippiques (PMU);OK;5,3;5297
12/09/2026 21:13:20;2026-09-12T19:13:20.228Z;Courses de lévriers;OK;5,8;5821
12/09/2026 21:25:31;2026-09-12T19:25:31.485Z;Courses hippiques (PMU);OK;6,6;6632
12/09/2026 21:25:31;2026-09-12T19:25:31.485Z;Courses de lévriers;OK;5,7;5736
12/09/2026 21:37:21;2026-09-12T19:37:21.988Z;Courses hippiques (PMU);OK;8,5;8474
12/09/2026 21:37:21;2026-09-12T19:37:21.988Z;Courses de lévriers;OK;6,8;6845
12/09/2026 21:49:25;2026-09-12T19:49:25.680Z;Courses hippiques (PMU);OK;5,4;5399
12/09/2026 21:49:25;2026-09-12T19:49:25.680Z;Courses de lévriers;OK;6,1;6140
12/09/2026 22:01:51;2026-09-12T20:01:51.457Z;Courses hippiques (PMU);OK;5,2;5219
12/09/2026 22:01:51;2026-09-12T20:01:51.457Z;Courses de lévriers;OK;4,7;4662
12/09/2026 22:13:18;2026-09-12T20:13:18.810Z;Courses hippiques (PMU);ECHEC;5,2;5228
12/09/2026 22:13:18;2026-09-12T20:13:18.810Z;Courses de lévriers;OK;6,3;6280
12/09/2026 22:25:20;2026-09-12T20:25:20.071Z;Courses hippiques (PMU);OK;4,8;4821
12/09/2026 22:25:20;2026-09-12T20:25:20.071Z;Courses de lévriers;OK;5,3;5321
12/09/2026 22:36:10;2026-09-12T20:36:10.703Z;Courses hippiques (PMU);OK;5,8;5799
12/09/2026 22:36:10;2026-09-12T20:36:10.703Z;Courses de lévriers;OK;5,7;5664
12/09/2026 22:37:18;2026-09-12T20:37:18.563Z;Courses hippiques (PMU);OK;6,3;6329
12/09/2026 22:37:18;2026-09-12T20:37:18.563Z;Courses de lévriers;OK;5,8;5824
12/09/2026 22:49:15;2026-09-12T20:49:15.703Z;Courses hippiques (PMU);OK;5,1;5145
12/09/2026 22:49:15;2026-09-12T20:49:15.703Z;Courses de lévriers;OK;5,4;5430
12/09/2026 23:01:56;2026-09-12T21:01:56.347Z;Courses hippiques (PMU);OK;4,4;4426
12/09/2026 23:01:56;2026-09-12T21:01:56.347Z;Courses de lévriers;OK;6,1;6110
12/09/2026 23:13:23;2026-09-12T21:13:23.191Z;Courses hippiques (PMU);OK;5,0;4981
12/09/2026 23:13:23;2026-09-12T21:13:23.191Z;Courses de lévriers;OK;4,8;4767
12/09/2026 23:25:23;2026-09-12T21:25:23.496Z;Courses hippiques (PMU);OK;4,9;4870
12/09/2026 23:25:23;2026-09-12T21:25:23.496Z;Courses de lévriers;OK;5,3;5348
12/09/2026 23:37:28;2026-09-12T21:37:28.588Z;Courses hippiques (PMU);OK;4,6;4648
12/09/2026 23:37:28;2026-09-12T21:37:28.588Z;Courses de lévriers;OK;5,4;5416
12/09/2026 23:49:21;2026-09-12T21:49:21.768Z;Courses hippiques (PMU);OK;6,4;6374
12/09/2026 23:49:21;2026-09-12T21:49:21.768Z;Courses de lévriers;OK;5,6;5585
13/09/2026 01:04:24;2026-09-12T23:04:24.069Z;Courses hippiques (PMU);OK;2,4;2416
13/09/2026 01:04:24;2026-09-12T23:04:24.069Z;Courses de lévriers;OK;3,1;3064
13/09/2026 06:53:03;2026-09-13T04:53:03.088Z;Courses hippiques (PMU);OK;2,2;2163
13/09/2026 06:53:03;2026-09-13T04:53:03.088Z;Courses de lévriers;OK;2,1;2102
13/09/2026 08:01:44;2026-09-13T06:01:44.652Z;Courses hippiques (PMU);OK;1,9;1872
13/09/2026 08:01:44;2026-09-13T06:01:44.652Z;Courses de lévriers;OK;1,5;1519
13/09/2026 08:13:16;2026-09-13T06:13:16.303Z;Courses hippiques (PMU);OK;3,6;3621
13/09/2026 08:13:16;2026-09-13T06:13:16.303Z;Courses de lévriers;OK;1,6;1629
13/09/2026 08:25:16;2026-09-13T06:25:16.459Z;Courses hippiques (PMU);OK;2,2;2244
13/09/2026 08:25:16;2026-09-13T06:25:16.459Z;Courses de lévriers;OK;3,0;3003
13/09/2026 08:37:13;2026-09-13T06:37:13.917Z;Courses hippiques (PMU);OK;5,1;5088
13/09/2026 08:37:13;2026-09-13T06:37:13.917Z;Courses de lévriers;OK;5,4;5373
13/09/2026 08:49:21;2026-09-13T06:49:21.049Z;Courses hippiques (PMU);OK;5,1;5080
13/09/2026 08:49:21;2026-09-13T06:49:21.049Z;Courses de lévriers;OK;4,8;4814
13/09/2026 09:01:54;2026-09-13T07:01:54.210Z;Courses hippiques (PMU);OK;5,5;5534
13/09/2026 09:01:54;2026-09-13T07:01:54.210Z;Courses de lévriers;OK;5,1;5142
13/09/2026 09:13:20;2026-09-13T07:13:20.023Z;Courses hippiques (PMU);OK;6,7;6738
13/09/2026 09:13:20;2026-09-13T07:13:20.023Z;Courses de lévriers;OK;4,4;4409
13/09/2026 09:25:15;2026-09-13T07:25:15.672Z;Courses hippiques (PMU);OK;5,0;4981
13/09/2026 09:25:15;2026-09-13T07:25:15.672Z;Courses de lévriers;OK;4,6;4640
13/09/2026 09:37:19;2026-09-13T07:37:19.399Z;Courses hippiques (PMU);OK;5,0;5039
13/09/2026 09:37:19;2026-09-13T07:37:19.399Z;Courses de lévriers;OK;5,5;5471
13/09/2026 09:49:19;2026-09-13T07:49:19.010Z;Courses hippiques (PMU);OK;5,2;5194
13/09/2026 09:49:19;2026-09-13T07:49:19.010Z;Courses de lévriers;OK;5,0;4957
13/09/2026 10:01:47;2026-09-13T08:01:47.672Z;Courses hippiques (PMU);OK;4,9;4920
13/09/2026 10:01:47;2026-09-13T08:01:47.672Z;Courses de lévriers;OK;4,2;4237
13/09/2026 10:13:22;2026-09-13T08:13:22.671Z;Courses hippiques (PMU);OK;5,2;5198
13/09/2026 10:13:22;2026-09-13T08:13:22.671Z;Courses de lévriers;OK;5,7;5737
13/09/2026 10:25:18;2026-09-13T08:25:18.151Z;Courses hippiques (PMU);OK;5,5;5476
13/09/2026 10:25:18;2026-09-13T08:25:18.151Z;Courses de lévriers;OK;5,1;5131
13/09/2026 10:37:21;2026-09-13T08:37:21.402Z;Courses hippiques (PMU);OK;5,4;5427
13/09/2026 10:37:21;2026-09-13T08:37:21.402Z;Courses de lévriers;OK;5,9;5868
13/09/2026 10:50:30;2026-09-13T08:50:30.041Z;Courses hippiques (PMU);OK;5,4;5374
13/09/2026 10:50:30;2026-09-13T08:50:30.041Z;Courses de lévriers;OK;5,3;5308
13/09/2026 11:04:29;2026-09-13T09:04:29.252Z;Courses hippiques (PMU);OK;5,1;5123
13/09/2026 11:04:29;2026-09-13T09:04:29.252Z;Courses de lévriers;OK;5,7;5701
13/09/2026 11:37:25;2026-09-13T09:37:25.967Z;Courses hippiques (PMU);OK;5,2;5226
13/09/2026 11:37:25;2026-09-13T09:37:25.967Z;Courses de lévriers;OK;5,5;5542
13/09/2026 12:01:49;2026-09-13T10:01:49.463Z;Courses hippiques (PMU);OK;6,3;6350
13/09/2026 12:01:49;2026-09-13T10:01:49.463Z;Courses de lévriers;OK;5,9;5866
13/09/2026 12:13:23;2026-09-13T10:13:23.036Z;Courses hippiques (PMU);ECHEC;5,1;5076
13/09/2026 12:13:23;2026-09-13T10:13:23.036Z;Courses de lévriers;OK;5,4;5416
13/09/2026 12:25:22;2026-09-13T10:25:22.175Z;Courses hippiques (PMU);OK;5,0;5026
13/09/2026 12:25:22;2026-09-13T10:25:22.175Z;Courses de lévriers;OK;7,5;7523
13/09/2026 12:37:20;2026-09-13T10:37:20.093Z;Courses hippiques (PMU);OK;4,2;4209
13/09/2026 12:37:20;2026-09-13T10:37:20.093Z;Courses de lévriers;OK;5,5;5547
13/09/2026 12:49:24;2026-09-13T10:49:24.858Z;Courses hippiques (PMU);OK;7,4;7397
13/09/2026 12:49:24;2026-09-13T10:49:24.858Z;Courses de lévriers;OK;5,6;5555
13/09/2026 13:01:57;2026-09-13T11:01:57.097Z;Courses hippiques (PMU);OK;5,1;5057
13/09/2026 13:01:57;2026-09-13T11:01:57.097Z;Courses de lévriers;OK;4,4;4409
13/09/2026 13:13:22;2026-09-13T11:13:22.352Z;Courses hippiques (PMU);OK;8,8;8810
13/09/2026 13:13:22;2026-09-13T11:13:22.352Z;Courses de lévriers;OK;6,3;6281
13/09/2026 13:25:15;2026-09-13T11:25:15.231Z;Courses hippiques (PMU);OK;4,3;4288
13/09/2026 13:25:15;2026-09-13T11:25:15.231Z;Courses de lévriers;OK;3,4;3401
13/09/2026 13:37:16;2026-09-13T11:37:16.993Z;Courses hippiques (PMU);OK;5,0;4997
13/09/2026 13:37:16;2026-09-13T11:37:16.993Z;Courses de lévriers;OK;4,7;4692
13/09/2026 13:49:19;2026-09-13T11:49:19.306Z;Courses hippiques (PMU);OK;5,6;5644
13/09/2026 13:49:19;2026-09-13T11:49:19.306Z;Courses de lévriers;OK;5,1;5052
13/09/2026 13:57:34;2026-09-13T11:57:34.260Z;Courses hippiques (PMU);OK;6,0;6009
13/09/2026 13:57:34;2026-09-13T11:57:34.260Z;Courses de lévriers;OK;5,4;5437
13/09/2026 14:01:53;2026-09-13T12:01:53.631Z;Courses hippiques (PMU);OK;5,6;5641
13/09/2026 14:01:53;2026-09-13T12:01:53.631Z;Courses de lévriers;OK;5,2;5150
13/09/2026 14:13:20;2026-09-13T12:13:20.632Z;Courses hippiques (PMU);OK;5,3;5350
13/09/2026 14:13:20;2026-09-13T12:13:20.632Z;Courses de lévriers;OK;7,6;7569
13/09/2026 14:25:16;2026-09-13T12:25:16.419Z;Courses hippiques (PMU);OK;5,2;5166
13/09/2026 14:25:16;2026-09-13T12:25:16.419Z;Courses de lévriers;OK;5,7;5705
13/09/2026 14:37:16;2026-09-13T12:37:16.972Z;Courses hippiques (PMU);OK;5,2;5247
13/09/2026 14:37:16;2026-09-13T12:37:16.972Z;Courses de lévriers;OK;6,3;6263
13/09/2026 14:49:22;2026-09-13T12:49:22.073Z;Courses hippiques (PMU);OK;7,5;7504
13/09/2026 14:49:22;2026-09-13T12:49:22.073Z;Courses de lévriers;OK;5,6;5636
13/09/2026 15:01:48;2026-09-13T13:01:48.509Z;Courses hippiques (PMU);OK;4,3;4255
13/09/2026 15:01:48;2026-09-13T13:01:48.509Z;Courses de lévriers;OK;4,9;4933
13/09/2026 15:13:16;2026-09-13T13:13:16.959Z;Courses hippiques (PMU);ECHEC;5,0;4960
13/09/2026 15:13:16;2026-09-13T13:13:16.959Z;Courses de lévriers;OK;5,0;4994
13/09/2026 15:25:14;2026-09-13T13:25:14.875Z;Courses hippiques (PMU);OK;4,9;4895
13/09/2026 15:25:14;2026-09-13T13:25:14.875Z;Courses de lévriers;OK;5,5;5494
13/09/2026 15:37:21;2026-09-13T13:37:21.870Z;Courses hippiques (PMU);OK;3,7;3687
13/09/2026 15:37:21;2026-09-13T13:37:21.870Z;Courses de lévriers;OK;4,8;4780
13/09/2026 15:49:17;2026-09-13T13:49:17.000Z;Courses hippiques (PMU);OK;4,9;4881
13/09/2026 15:49:17;2026-09-13T13:49:17.000Z;Courses de lévriers;OK;7,3;7313
13/09/2026 16:02:08;2026-09-13T14:02:08.718Z;Courses hippiques (PMU);OK;5,1;5096
13/09/2026 16:02:08;2026-09-13T14:02:08.718Z;Courses de lévriers;OK;4,5;4506
13/09/2026 16:13:53;2026-09-13T14:13:53.669Z;Courses hippiques (PMU);OK;4,1;4123
13/09/2026 16:13:53;2026-09-13T14:13:53.669Z;Courses de lévriers;OK;3,9;3868
13/09/2026 16:25:14;2026-09-13T14:25:14.944Z;Courses hippiques (PMU);OK;5,4;5421
13/09/2026 16:25:14;2026-09-13T14:25:14.944Z;Courses de lévriers;OK;4,1;4120
13/09/2026 16:37:15;2026-09-13T14:37:15.425Z;Courses hippiques (PMU);OK;4,8;4823
13/09/2026 16:37:15;2026-09-13T14:37:15.425Z;Courses de lévriers;OK;5,1;5067
13/09/2026 16:49:30;2026-09-13T14:49:30.839Z;Courses hippiques (PMU);OK;5,2;5224
13/09/2026 16:49:30;2026-09-13T14:49:30.839Z;Courses de lévriers;OK;4,4;4394
13/09/2026 17:01:53;2026-09-13T15:01:53.564Z;Courses hippiques (PMU);OK;6,3;6344
13/09/2026 17:01:53;2026-09-13T15:01:53.564Z;Courses de lévriers;OK;4,7;4720
13/09/2026 17:13:20;2026-09-13T15:13:20.601Z;Courses hippiques (PMU);OK;6,8;6768
13/09/2026 17:13:20;2026-09-13T15:13:20.601Z;Courses de lévriers;OK;5,1;5134
13/09/2026 17:25:19;2026-09-13T15:25:19.323Z;Courses hippiques (PMU);OK;5,5;5544
13/09/2026 17:25:19;2026-09-13T15:25:19.323Z;Courses de lévriers;OK;5,6;5574
13/09/2026 17:37:17;2026-09-13T15:37:17.070Z;Courses hippiques (PMU);OK;5,4;5423
13/09/2026 17:37:17;2026-09-13T15:37:17.070Z;Courses de lévriers;OK;4,8;4825
13/09/2026 17:49:21;2026-09-13T15:49:21.428Z;Courses hippiques (PMU);OK;5,8;5780
13/09/2026 17:49:21;2026-09-13T15:49:21.428Z;Courses de lévriers;OK;6,1;6090
13/09/2026 18:01:56;2026-09-13T16:01:56.319Z;Courses hippiques (PMU);OK;5,1;5097
13/09/2026 18:01:56;2026-09-13T16:01:56.319Z;Courses de lévriers;OK;3,4;3401
13/09/2026 18:13:28;2026-09-13T16:13:28.639Z;Courses hippiques (PMU);OK;4,1;4091
13/09/2026 18:13:28;2026-09-13T16:13:28.639Z;Courses de lévriers;OK;4,5;4515
13/09/2026 18:21:23;2026-09-13T16:21:23.356Z;Courses hippiques (PMU);OK;4,8;4810
13/09/2026 18:21:23;2026-09-13T16:21:23.356Z;Courses de lévriers;OK;4,3;4335
13/09/2026 18:25:30;2026-09-13T16:25:30.426Z;Courses hippiques (PMU);ECHEC;4,6;4647
13/09/2026 18:25:30;2026-09-13T16:25:30.426Z;Courses de lévriers;OK;5,2;5218
13/09/2026 18:37:17;2026-09-13T16:37:17.293Z;Courses hippiques (PMU);OK;6,4;6371
13/09/2026 18:37:17;2026-09-13T16:37:17.293Z;Courses de lévriers;OK;4,4;4434
13/09/2026 18:49:19;2026-09-13T16:49:19.260Z;Courses hippiques (PMU);OK;6,5;6522
13/09/2026 18:49:19;2026-09-13T16:49:19.260Z;Courses de lévriers;OK;5,7;5734
13/09/2026 19:02:01;2026-09-13T17:02:01.863Z;Courses hippiques (PMU);OK;5,1;5095
13/09/2026 19:02:01;2026-09-13T17:02:01.863Z;Courses de lévriers;OK;5,3;5333
13/09/2026 19:13:30;2026-09-13T17:13:30.640Z;Courses hippiques (PMU);OK;5,7;5728
13/09/2026 19:13:30;2026-09-13T17:13:30.640Z;Courses de lévriers;OK;5,8;5780
13/09/2026 19:25:22;2026-09-13T17:25:22.658Z;Courses hippiques (PMU);OK;5,6;5642
13/09/2026 19:25:22;2026-09-13T17:25:22.658Z;Courses de lévriers;OK;5,4;5378
13/09/2026 19:37:13;2026-09-13T17:37:13.488Z;Courses hippiques (PMU);OK;4,6;4647
13/09/2026 19:37:13;2026-09-13T17:37:13.488Z;Courses de lévriers;OK;4,2;4161
13/09/2026 19:49:45;2026-09-13T17:49:45.585Z;Courses hippiques (PMU);ECHEC;30,0;30004
13/09/2026 19:49:45;2026-09-13T17:49:45.585Z;Courses de lévriers;OK;5,8;5784
13/09/2026 20:02:00;2026-09-13T18:02:00.505Z;Courses hippiques (PMU);OK;5,7;5695
13/09/2026 20:02:00;2026-09-13T18:02:00.505Z;Courses de lévriers;OK;6,2;6188
13/09/2026 20:13:18;2026-09-13T18:13:18.210Z;Courses hippiques (PMU);OK;4,9;4891
13/09/2026 20:13:18;2026-09-13T18:13:18.210Z;Courses de lévriers;OK;4,8;4829
13/09/2026 20:25:17;2026-09-13T18:25:17.951Z;Courses hippiques (PMU);OK;5,4;5441
13/09/2026 20:25:17;2026-09-13T18:25:17.951Z;Courses de lévriers;OK;6,0;6028
13/09/2026 20:37:27;2026-09-13T18:37:27.416Z;Courses hippiques (PMU);OK;5,3;5303
13/09/2026 20:37:27;2026-09-13T18:37:27.416Z;Courses de lévriers;OK;5,1;5103
13/09/2026 20:49:21;2026-09-13T18:49:21.255Z;Courses hippiques (PMU);OK;6,0;5990
13/09/2026 20:49:21;2026-09-13T18:49:21.255Z;Courses de lévriers;OK;8,5;8468
13/09/2026 21:02:23;2026-09-13T19:02:23.040Z;Courses hippiques (PMU);OK;5,2;5205
13/09/2026 21:02:23;2026-09-13T19:02:23.040Z;Courses de lévriers;OK;4,4;4421
13/09/2026 21:13:19;2026-09-13T19:13:19.024Z;Courses hippiques (PMU);OK;4,7;4678
13/09/2026 21:13:19;2026-09-13T19:13:19.024Z;Courses de lévriers;OK;5,3;5253
13/09/2026 21:25:16;2026-09-13T19:25:16.035Z;Courses hippiques (PMU);OK;4,3;4274
13/09/2026 21:25:16;2026-09-13T19:25:16.035Z;Courses de lévriers;OK;5,5;5497
13/09/2026 21:37:17;2026-09-13T19:37:17.590Z;Courses hippiques (PMU);OK;3,6;3573
13/09/2026 21:37:17;2026-09-13T19:37:17.590Z;Courses de lévriers;OK;4,9;4861
13/09/2026 21:49:16;2026-09-13T19:49:16.610Z;Courses hippiques (PMU);OK;5,1;5051
13/09/2026 21:49:16;2026-09-13T19:49:16.610Z;Courses de lévriers;OK;4,4;4449
13/09/2026 22:01:47;2026-09-13T20:01:47.674Z;Courses hippiques (PMU);OK;4,7;4710
13/09/2026 22:01:47;2026-09-13T20:01:47.674Z;Courses de lévriers;OK;4,3;4303
13/09/2026 22:13:19;2026-09-13T20:13:19.136Z;Courses hippiques (PMU);OK;5,8;5751
13/09/2026 22:13:19;2026-09-13T20:13:19.136Z;Courses de lévriers;OK;5,7;5691
13/09/2026 22:25:20;2026-09-13T20:25:20.326Z;Courses hippiques (PMU);OK;5,1;5132
13/09/2026 22:25:20;2026-09-13T20:25:20.326Z;Courses de lévriers;OK;4,5;4489
13/09/2026 22:37:15;2026-09-13T20:37:15.813Z;Courses hippiques (PMU);OK;5,1;5086
13/09/2026 22:37:15;2026-09-13T20:37:15.813Z;Courses de lévriers;OK;5,4;5364
13/09/2026 22:49:17;2026-09-13T20:49:17.727Z;Courses hippiques (PMU);OK;5,1;5054
13/09/2026 22:49:17;2026-09-13T20:49:17.727Z;Courses de lévriers;OK;5,5;5463
13/09/2026 22:53:25;2026-09-13T20:53:25.021Z;Courses hippiques (PMU);OK;5,1;5098
13/09/2026 22:53:25;2026-09-13T20:53:25.021Z;Courses de lévriers;OK;5,7;5688
13/09/2026 23:01:53;2026-09-13T21:01:53.010Z;Courses hippiques (PMU);OK;6,7;6736
13/09/2026 23:01:53;2026-09-13T21:01:53.010Z;Courses de lévriers;OK;5,7;5679
13/09/2026 23:13:19;2026-09-13T21:13:19.575Z;Courses hippiques (PMU);OK;6,4;6434
13/09/2026 23:13:19;2026-09-13T21:13:19.575Z;Courses de lévriers;OK;5,7;5726
13/09/2026 23:25:18;2026-09-13T21:25:18.362Z;Courses hippiques (PMU);OK;6,8;6762
13/09/2026 23:25:18;2026-09-13T21:25:18.362Z;Courses de lévriers;OK;4,6;4639
13/09/2026 23:37:16;2026-09-13T21:37:16.134Z;Courses hippiques (PMU);OK;5,4;5399
13/09/2026 23:37:16;2026-09-13T21:37:16.134Z;Courses de lévriers;OK;4,0;3963
13/09/2026 23:49:16;2026-09-13T21:49:16.478Z;Courses hippiques (PMU);OK;4,9;4873
13/09/2026 23:49:16;2026-09-13T21:49:16.478Z;Courses de lévriers;OK;5,3;5313
14/09/2026 01:12:16;2026-09-13T23:12:16.758Z;Courses hippiques (PMU);OK;2,2;2185
14/09/2026 01:12:16;2026-09-13T23:12:16.758Z;Courses de lévriers;OK;1,3;1274
14/09/2026 07:00:40;2026-09-14T05:00:40.729Z;Courses hippiques (PMU);OK;2,3;2293
14/09/2026 07:00:40;2026-09-14T05:00:40.729Z;Courses de lévriers;OK;2,8;2758
14/09/2026 08:01:59;2026-09-14T06:01:59.121Z;Courses hippiques (PMU);OK;2,2;2217
14/09/2026 08:01:59;2026-09-14T06:01:59.121Z;Courses de lévriers;OK;1,5;1495
14/09/2026 08:13:10;2026-09-14T06:13:10.642Z;Courses hippiques (PMU);OK;1,8;1819
14/09/2026 08:13:10;2026-09-14T06:13:10.642Z;Courses de lévriers;OK;2,2;2213
14/09/2026 08:25:25;2026-09-14T06:25:25.196Z;Courses hippiques (PMU);OK;1,7;1703
14/09/2026 08:25:25;2026-09-14T06:25:25.196Z;Courses de lévriers;OK;1,3;1303
14/09/2026 08:37:25;2026-09-14T06:37:25.740Z;Courses hippiques (PMU);OK;5,4;5375
14/09/2026 08:37:25;2026-09-14T06:37:25.740Z;Courses de lévriers;OK;5,9;5878
14/09/2026 08:49:31;2026-09-14T06:49:31.767Z;Courses hippiques (PMU);OK;5,3;5285
14/09/2026 08:49:31;2026-09-14T06:49:31.767Z;Courses de lévriers;OK;4,9;4940
14/09/2026 09:01:57;2026-09-14T07:01:57.564Z;Courses hippiques (PMU);OK;5,7;5712
14/09/2026 09:01:57;2026-09-14T07:01:57.564Z;Courses de lévriers;OK;5,7;5691
14/09/2026 09:13:16;2026-09-14T07:13:16.201Z;Courses hippiques (PMU);OK;4,2;4152
14/09/2026 09:13:16;2026-09-14T07:13:16.201Z;Courses de lévriers;OK;4,6;4645
14/09/2026 09:25:18;2026-09-14T07:25:18.943Z;Courses hippiques (PMU);OK;6,0;6050
14/09/2026 09:25:18;2026-09-14T07:25:18.943Z;Courses de lévriers;OK;4,6;4627
14/09/2026 09:37:21;2026-09-14T07:37:21.297Z;Courses hippiques (PMU);OK;5,4;5387
14/09/2026 09:37:21;2026-09-14T07:37:21.297Z;Courses de lévriers;OK;5,2;5197
14/09/2026 09:49:22;2026-09-14T07:49:22.336Z;Courses hippiques (PMU);OK;5,3;5285
14/09/2026 09:49:22;2026-09-14T07:49:22.336Z;Courses de lévriers;OK;4,7;4734
14/09/2026 10:01:51;2026-09-14T08:01:51.250Z;Courses hippiques (PMU);OK;5,6;5602
14/09/2026 10:01:51;2026-09-14T08:01:51.250Z;Courses de lévriers;OK;6,2;6217
14/09/2026 10:13:21;2026-09-14T08:13:21.556Z;Courses hippiques (PMU);OK;5,6;5634
14/09/2026 10:13:21;2026-09-14T08:13:21.556Z;Courses de lévriers;OK;4,9;4949
14/09/2026 10:25:19;2026-09-14T08:25:19.669Z;Courses hippiques (PMU);OK;4,9;4928
14/09/2026 10:25:19;2026-09-14T08:25:19.669Z;Courses de lévriers;OK;5,4;5444
14/09/2026 10:37:15;2026-09-14T08:37:15.458Z;Courses hippiques (PMU);OK;4,0;4020
14/09/2026 10:37:15;2026-09-14T08:37:15.458Z;Courses de lévriers;OK;4,5;4550
14/09/2026 10:49:20;2026-09-14T08:49:20.894Z;Courses hippiques (PMU);ECHEC;3,8;3829
14/09/2026 10:49:20;2026-09-14T08:49:20.894Z;Courses de lévriers;OK;4,8;4810
14/09/2026 11:01:57;2026-09-14T09:01:57.078Z;Courses hippiques (PMU);ECHEC;4,0;4012
14/09/2026 11:01:57;2026-09-14T09:01:57.078Z;Courses de lévriers;OK;7,3;7310
14/09/2026 11:13:25;2026-09-14T09:13:25.235Z;Courses hippiques (PMU);OK;5,0;5008
14/09/2026 11:13:25;2026-09-14T09:13:25.235Z;Courses de lévriers;OK;5,2;5207
14/09/2026 11:25:24;2026-09-14T09:25:24.476Z;Courses hippiques (PMU);OK;4,0;3951
14/09/2026 11:25:24;2026-09-14T09:25:24.476Z;Courses de lévriers;OK;3,6;3576
14/09/2026 11:37:24;2026-09-14T09:37:24.197Z;Courses hippiques (PMU);ECHEC;5,9;5896
14/09/2026 11:37:24;2026-09-14T09:37:24.197Z;Courses de lévriers;OK;6,1;6059
14/09/2026 11:49:21;2026-09-14T09:49:21.412Z;Courses hippiques (PMU);OK;5,1;5114
14/09/2026 11:49:21;2026-09-14T09:49:21.412Z;Courses de lévriers;OK;5,0;5000
14/09/2026 12:01:59;2026-09-14T10:01:59.654Z;Courses hippiques (PMU);OK;5,4;5374
14/09/2026 12:01:59;2026-09-14T10:01:59.654Z;Courses de lévriers;OK;5,1;5119
14/09/2026 12:13:19;2026-09-14T10:13:19.105Z;Courses hippiques (PMU);OK;5,1;5103
14/09/2026 12:13:19;2026-09-14T10:13:19.105Z;Courses de lévriers;OK;5,3;5292
14/09/2026 12:25:25;2026-09-14T10:25:25.579Z;Courses hippiques (PMU);OK;7,7;7668
14/09/2026 12:25:25;2026-09-14T10:25:25.579Z;Courses de lévriers;OK;5,7;5748
14/09/2026 12:37:19;2026-09-14T10:37:19.255Z;Courses hippiques (PMU);OK;6,1;6116
14/09/2026 12:37:19;2026-09-14T10:37:19.255Z;Courses de lévriers;OK;5,4;5395
14/09/2026 12:49:16;2026-09-14T10:49:16.682Z;Courses hippiques (PMU);OK;5,9;5929
14/09/2026 12:49:16;2026-09-14T10:49:16.682Z;Courses de lévriers;OK;4,7;4673
14/09/2026 13:02:03;2026-09-14T11:02:03.826Z;Courses hippiques (PMU);OK;5,5;5462
14/09/2026 13:02:03;2026-09-14T11:02:03.826Z;Courses de lévriers;OK;5,7;5711
14/09/2026 13:13:20;2026-09-14T11:13:20.561Z;Courses hippiques (PMU);ECHEC;6,2;6215
14/09/2026 13:13:20;2026-09-14T11:13:20.561Z;Courses de lévriers;OK;5,5;5473
14/09/2026 13:25:20;2026-09-14T11:25:20.429Z;Courses hippiques (PMU);OK;4,7;4696
14/09/2026 13:25:20;2026-09-14T11:25:20.429Z;Courses de lévriers;OK;5,0;5017
14/09/2026 13:37:31;2026-09-14T11:37:31.372Z;Courses hippiques (PMU);OK;5,0;5017
14/09/2026 13:37:31;2026-09-14T11:37:31.372Z;Courses de lévriers;OK;6,4;6380
14/09/2026 13:49:20;2026-09-14T11:49:20.979Z;Courses hippiques (PMU);OK;4,7;4710
14/09/2026 13:49:20;2026-09-14T11:49:20.979Z;Courses de lévriers;OK;5,1;5112
14/09/2026 14:01:52;2026-09-14T12:01:52.072Z;Courses hippiques (PMU);OK;4,9;4878
14/09/2026 14:01:52;2026-09-14T12:01:52.072Z;Courses de lévriers;OK;6,6;6572
14/09/2026 14:13:18;2026-09-14T12:13:18.707Z;Courses hippiques (PMU);ECHEC;4,3;4291
14/09/2026 14:13:18;2026-09-14T12:13:18.707Z;Courses de lévriers;OK;6,3;6328
14/09/2026 14:25:19;2026-09-14T12:25:19.508Z;Courses hippiques (PMU);OK;4,7;4661
14/09/2026 14:25:19;2026-09-14T12:25:19.508Z;Courses de lévriers;OK;6,5;6532
14/09/2026 14:37:24;2026-09-14T12:37:24.342Z;Courses hippiques (PMU);OK;5,5;5491
14/09/2026 14:37:24;2026-09-14T12:37:24.342Z;Courses de lévriers;OK;5,8;5759
14/09/2026 14:49:36;2026-09-14T12:49:36.985Z;Courses hippiques (PMU);OK;5,5;5455
14/09/2026 14:49:36;2026-09-14T12:49:36.985Z;Courses de lévriers;OK;5,3;5334
14/09/2026 14:53:46;2026-09-14T12:53:46.015Z;Courses hippiques (PMU);OK;5,0;4987
14/09/2026 14:53:46;2026-09-14T12:53:46.015Z;Courses de lévriers;OK;5,5;5529
14/09/2026 15:01:56;2026-09-14T13:01:56.762Z;Courses hippiques (PMU);OK;6,5;6531
14/09/2026 15:01:56;2026-09-14T13:01:56.762Z;Courses de lévriers;OK;5,8;5844
14/09/2026 15:13:37;2026-09-14T13:13:37.722Z;Courses hippiques (PMU);OK;4,8;4752
14/09/2026 15:13:37;2026-09-14T13:13:37.722Z;Courses de lévriers;OK;6,9;6890
14/09/2026 15:25:33;2026-09-14T13:25:33.839Z;Courses hippiques (PMU);OK;6,3;6349
14/09/2026 15:25:33;2026-09-14T13:25:33.839Z;Courses de lévriers;OK;6,3;6269
14/09/2026 15:37:21;2026-09-14T13:37:21.439Z;Courses hippiques (PMU);OK;4,8;4838
14/09/2026 15:37:21;2026-09-14T13:37:21.439Z;Courses de lévriers;OK;6,1;6124
14/09/2026 15:49:22;2026-09-14T13:49:22.531Z;Courses hippiques (PMU);OK;5,3;5318
14/09/2026 15:49:22;2026-09-14T13:49:22.531Z;Courses de lévriers;OK;5,3;5301
14/09/2026 16:02:04;2026-09-14T14:02:04.660Z;Courses hippiques (PMU);OK;6,4;6363
14/09/2026 16:02:04;2026-09-14T14:02:04.660Z;Courses de lévriers;OK;5,5;5513
14/09/2026 16:13:25;2026-09-14T14:13:25.378Z;Courses hippiques (PMU);OK;5,7;5662
14/09/2026 16:13:25;2026-09-14T14:13:25.378Z;Courses de lévriers;OK;6,5;6537
14/09/2026 16:25:25;2026-09-14T14:25:25.696Z;Courses hippiques (PMU);OK;6,6;6629
14/09/2026 16:25:25;2026-09-14T14:25:25.696Z;Courses de lévriers;OK;5,1;5081
14/09/2026 16:37:31;2026-09-14T14:37:31.927Z;Courses hippiques (PMU);OK;5,6;5626
14/09/2026 16:37:31;2026-09-14T14:37:31.927Z;Courses de lévriers;OK;5,9;5865
14/09/2026 16:49:49;2026-09-14T14:49:49.860Z;Courses hippiques (PMU);OK;6,6;6552
14/09/2026 16:49:49;2026-09-14T14:49:49.860Z;Courses de lévriers;OK;5,9;5913
14/09/2026 17:02:14;2026-09-14T15:02:14.575Z;Courses hippiques (PMU);OK;8,2;8224
14/09/2026 17:02:14;2026-09-14T15:02:14.575Z;Courses de lévriers;OK;8,3;8284
14/09/2026 17:13:30;2026-09-14T15:13:30.806Z;Courses hippiques (PMU);OK;5,3;5288
14/09/2026 17:13:30;2026-09-14T15:13:30.806Z;Courses de lévriers;OK;6,2;6223
14/09/2026 17:25:28;2026-09-14T15:25:28.174Z;Courses hippiques (PMU);OK;5,0;5005
14/09/2026 17:25:28;2026-09-14T15:25:28.174Z;Courses de lévriers;OK;6,4;6421
14/09/2026 17:37:19;2026-09-14T15:37:19.798Z;Courses hippiques (PMU);OK;4,0;4024
14/09/2026 17:37:19;2026-09-14T15:37:19.798Z;Courses de lévriers;OK;6,5;6529
14/09/2026 17:49:21;2026-09-14T15:49:21.882Z;Courses hippiques (PMU);OK;5,1;5122
14/09/2026 17:49:21;2026-09-14T15:49:21.882Z;Courses de lévriers;OK;6,9;6908
14/09/2026 18:02:02;2026-09-14T16:02:02.944Z;Courses hippiques (PMU);OK;5,4;5391
14/09/2026 18:02:02;2026-09-14T16:02:02.944Z;Courses de lévriers;OK;6,2;6161
14/09/2026 18:13:23;2026-09-14T16:13:23.182Z;Courses hippiques (PMU);OK;5,3;5341
14/09/2026 18:13:23;2026-09-14T16:13:23.182Z;Courses de lévriers;OK;6,1;6105
14/09/2026 18:25:20;2026-09-14T16:25:20.467Z;Courses hippiques (PMU);OK;5,6;5572
14/09/2026 18:25:20;2026-09-14T16:25:20.467Z;Courses de lévriers;OK;6,3;6280
14/09/2026 18:37:25;2026-09-14T16:37:25.943Z;Courses hippiques (PMU);OK;7,2;7174
14/09/2026 18:37:25;2026-09-14T16:37:25.943Z;Courses de lévriers;OK;6,2;6235
14/09/2026 18:49:21;2026-09-14T16:49:21.516Z;Courses hippiques (PMU);OK;5,1;5140
14/09/2026 18:49:21;2026-09-14T16:49:21.516Z;Courses de lévriers;OK;6,2;6183
14/09/2026 19:01:52;2026-09-14T17:01:52.986Z;Courses hippiques (PMU);OK;4,2;4249
14/09/2026 19:01:52;2026-09-14T17:01:52.986Z;Courses de lévriers;OK;5,0;4962
14/09/2026 19:13:16;2026-09-14T17:13:16.368Z;Courses hippiques (PMU);OK;4,5;4485
14/09/2026 19:13:16;2026-09-14T17:13:16.368Z;Courses de lévriers;OK;5,9;5942
14/09/2026 19:25:30;2026-09-14T17:25:30.589Z;Courses hippiques (PMU);OK;7,8;7785
14/09/2026 19:25:30;2026-09-14T17:25:30.589Z;Courses de lévriers;OK;6,1;6126
14/09/2026 19:37:22;2026-09-14T17:37:22.469Z;Courses hippiques (PMU);OK;5,7;5655
14/09/2026 19:37:22;2026-09-14T17:37:22.469Z;Courses de lévriers;OK;4,5;4548
14/09/2026 19:49:28;2026-09-14T17:49:28.269Z;Courses hippiques (PMU);OK;6,2;6213
14/09/2026 19:49:28;2026-09-14T17:49:28.269Z;Courses de lévriers;OK;7,8;7836
14/09/2026 20:02:07;2026-09-14T18:02:07.994Z;Courses hippiques (PMU);OK;6,9;6875
14/09/2026 20:02:07;2026-09-14T18:02:07.994Z;Courses de lévriers;OK;6,5;6461
14/09/2026 20:13:21;2026-09-14T18:13:21.744Z;Courses hippiques (PMU);OK;4,8;4819
14/09/2026 20:13:21;2026-09-14T18:13:21.744Z;Courses de lévriers;OK;5,8;5801
14/09/2026 20:25:23;2026-09-14T18:25:23.167Z;Courses hippiques (PMU);OK;5,6;5587
14/09/2026 20:25:23;2026-09-14T18:25:23.167Z;Courses de lévriers;OK;6,1;6072
14/09/2026 20:37:16;2026-09-14T18:37:16.461Z;Courses hippiques (PMU);OK;4,7;4670
14/09/2026 20:37:16;2026-09-14T18:37:16.461Z;Courses de lévriers;OK;5,8;5751
14/09/2026 20:49:18;2026-09-14T18:49:18.388Z;Courses hippiques (PMU);OK;4,4;4362
14/09/2026 20:49:18;2026-09-14T18:49:18.388Z;Courses de lévriers;OK;6,3;6311
14/09/2026 21:02:08;2026-09-14T19:02:08.655Z;Courses hippiques (PMU);OK;5,7;5672
14/09/2026 21:02:08;2026-09-14T19:02:08.655Z;Courses de lévriers;OK;6,6;6620
14/09/2026 21:13:20;2026-09-14T19:13:20.593Z;Courses hippiques (PMU);OK;6,3;6324
14/09/2026 21:13:20;2026-09-14T19:13:20.593Z;Courses de lévriers;OK;7,1;7132
14/09/2026 21:25:19;2026-09-14T19:25:19.652Z;Courses hippiques (PMU);OK;5,4;5446
14/09/2026 21:25:19;2026-09-14T19:25:19.652Z;Courses de lévriers;OK;5,8;5767
14/09/2026 21:37:19;2026-09-14T19:37:19.225Z;Courses hippiques (PMU);OK;4,7;4662
14/09/2026 21:37:19;2026-09-14T19:37:19.225Z;Courses de lévriers;OK;5,7;5732
14/09/2026 21:49:40;2026-09-14T19:49:40.497Z;Courses hippiques (PMU);OK;5,9;5939
14/09/2026 21:49:40;2026-09-14T19:49:40.497Z;Courses de lévriers;OK;5,9;5926
14/09/2026 21:51:51;2026-09-14T19:51:51.177Z;Courses hippiques (PMU);OK;6,9;6930
14/09/2026 21:51:51;2026-09-14T19:51:51.177Z;Courses de lévriers;OK;5,6;5563
14/09/2026 22:02:03;2026-09-14T20:02:03.137Z;Courses hippiques (PMU);OK;5,2;5232
14/09/2026 22:02:03;2026-09-14T20:02:03.137Z;Courses de lévriers;OK;5,9;5942
14/09/2026 22:13:19;2026-09-14T20:13:19.401Z;Courses hippiques (PMU);OK;5,4;5416
14/09/2026 22:13:19;2026-09-14T20:13:19.401Z;Courses de lévriers;OK;5,7;5693
14/09/2026 22:25:21;2026-09-14T20:25:21.116Z;Courses hippiques (PMU);ECHEC;5,2;5204
14/09/2026 22:25:21;2026-09-14T20:25:21.116Z;Courses de lévriers;OK;6,2;6182
14/09/2026 22:37:21;2026-09-14T20:37:21.444Z;Courses hippiques (PMU);OK;5,3;5258
14/09/2026 22:37:21;2026-09-14T20:37:21.444Z;Courses de lévriers;OK;6,2;6173
14/09/2026 22:49:21;2026-09-14T20:49:21.809Z;Courses hippiques (PMU);OK;5,8;5799
14/09/2026 22:49:21;2026-09-14T20:49:21.809Z;Courses de lévriers;OK;6,5;6459
14/09/2026 23:01:52;2026-09-14T21:01:52.987Z;Courses hippiques (PMU);OK;5,9;5924
14/09/2026 23:01:52;2026-09-14T21:01:52.987Z;Courses de lévriers;OK;6,4;6385
14/09/2026 23:13:40;2026-09-14T21:13:40.644Z;Courses hippiques (PMU);OK;5,7;5660
14/09/2026 23:13:40;2026-09-14T21:13:40.644Z;Courses de lévriers;OK;5,9;5918
14/09/2026 23:25:43;2026-09-14T21:25:43.693Z;Courses hippiques (PMU);OK;6,3;6332
14/09/2026 23:25:43;2026-09-14T21:25:43.693Z;Courses de lévriers;OK;6,1;6130
14/09/2026 23:37:22;2026-09-14T21:37:22.980Z;Courses hippiques (PMU);OK;5,4;5392
14/09/2026 23:37:22;2026-09-14T21:37:22.980Z;Courses de lévriers;OK;6,8;6836
14/09/2026 23:49:20;2026-09-14T21:49:20.075Z;Courses hippiques (PMU);OK;5,4;5418
14/09/2026 23:49:20;2026-09-14T21:49:20.075Z;Courses de lévriers;OK;7,6;7614
15/09/2026 01:53:28;2026-09-14T23:53:28.228Z;Courses hippiques (PMU);OK;2,7;2689
15/09/2026 01:53:28;2026-09-14T23:53:28.228Z;Courses de lévriers;OK;2,1;2143
15/09/2026 06:58:17;2026-09-15T04:58:17.492Z;Courses hippiques (PMU);OK;2,3;2262
15/09/2026 06:58:17;2026-09-15T04:58:17.492Z;Courses de lévriers;OK;2,0;1968
15/09/2026 08:01:44;2026-09-15T06:01:44.268Z;Courses hippiques (PMU);OK;3,0;2950
15/09/2026 08:01:44;2026-09-15T06:01:44.268Z;Courses de lévriers;OK;3,0;2970
15/09/2026 08:13:17;2026-09-15T06:13:17.526Z;Courses hippiques (PMU);OK;2,5;2479
15/09/2026 08:13:17;2026-09-15T06:13:17.526Z;Courses de lévriers;OK;2,2;2179
15/09/2026 08:25:20;2026-09-15T06:25:20.116Z;Courses hippiques (PMU);OK;2,4;2393
15/09/2026 08:25:20;2026-09-15T06:25:20.116Z;Courses de lévriers;OK;1,5;1500
15/09/2026 08:37:27;2026-09-15T06:37:27.475Z;Courses hippiques (PMU);ECHEC;4,1;4057
15/09/2026 08:37:27;2026-09-15T06:37:27.475Z;Courses de lévriers;OK;4,3;4341
15/09/2026 08:49:15;2026-09-15T06:49:15.991Z;Courses hippiques (PMU);OK;5,0;5000
15/09/2026 08:49:15;2026-09-15T06:49:15.991Z;Courses de lévriers;OK;4,5;4526
15/09/2026 09:01:53;2026-09-15T07:01:53.617Z;Courses hippiques (PMU);OK;5,4;5368
15/09/2026 09:01:53;2026-09-15T07:01:53.617Z;Courses de lévriers;OK;4,5;4542
15/09/2026 09:13:21;2026-09-15T07:13:21.028Z;Courses hippiques (PMU);OK;5,4;5357
15/09/2026 09:13:21;2026-09-15T07:13:21.028Z;Courses de lévriers;OK;6,2;6198
15/09/2026 09:25:20;2026-09-15T07:25:20.980Z;Courses hippiques (PMU);OK;4,9;4855
15/09/2026 09:25:20;2026-09-15T07:25:20.980Z;Courses de lévriers;OK;4,7;4709
15/09/2026 09:37:18;2026-09-15T07:37:18.623Z;Courses hippiques (PMU);OK;4,9;4896
15/09/2026 09:37:18;2026-09-15T07:37:18.623Z;Courses de lévriers;OK;4,4;4364
15/09/2026 09:49:22;2026-09-15T07:49:22.710Z;Courses hippiques (PMU);OK;5,1;5063
15/09/2026 09:49:22;2026-09-15T07:49:22.710Z;Courses de lévriers;OK;5,7;5704
15/09/2026 10:02:01;2026-09-15T08:02:01.070Z;Courses hippiques (PMU);OK;6,3;6286
15/09/2026 10:02:01;2026-09-15T08:02:01.070Z;Courses de lévriers;OK;6,0;5991
15/09/2026 10:13:17;2026-09-15T08:13:17.864Z;Courses hippiques (PMU);OK;5,0;5040
15/09/2026 10:13:17;2026-09-15T08:13:17.864Z;Courses de lévriers;OK;4,8;4759
15/09/2026 10:25:16;2026-09-15T08:25:16.545Z;Courses hippiques (PMU);OK;5,3;5268
15/09/2026 10:25:16;2026-09-15T08:25:16.545Z;Courses de lévriers;OK;4,7;4730
15/09/2026 10:37:14;2026-09-15T08:37:14.860Z;Courses hippiques (PMU);OK;3,9;3938
15/09/2026 10:37:14;2026-09-15T08:37:14.860Z;Courses de lévriers;OK;4,4;4365
15/09/2026 10:49:28;2026-09-15T08:49:28.136Z;Courses hippiques (PMU);OK;4,9;4945
15/09/2026 10:49:28;2026-09-15T08:49:28.136Z;Courses de lévriers;OK;4,6;4625
15/09/2026 11:01:51;2026-09-15T09:01:51.158Z;Courses hippiques (PMU);OK;5,1;5113
15/09/2026 11:01:51;2026-09-15T09:01:51.158Z;Courses de lévriers;OK;4,7;4675
15/09/2026 11:13:19;2026-09-15T09:13:19.371Z;Courses hippiques (PMU);OK;6,3;6285
15/09/2026 11:13:19;2026-09-15T09:13:19.371Z;Courses de lévriers;OK;7,4;7416
15/09/2026 11:38:31;2026-09-15T09:38:31.929Z;Courses hippiques (PMU);ECHEC;4,7;4664
15/09/2026 11:38:31;2026-09-15T09:38:31.929Z;Courses de lévriers;OK;5,6;5589
15/09/2026 11:49:15;2026-09-15T09:49:15.628Z;Courses hippiques (PMU);ECHEC;4,0;3971
15/09/2026 11:49:15;2026-09-15T09:49:15.628Z;Courses de lévriers;OK;4,8;4850
15/09/2026 12:01:52;2026-09-15T10:01:52.829Z;Courses hippiques (PMU);OK;5,4;5385
15/09/2026 12:01:52;2026-09-15T10:01:52.829Z;Courses de lévriers;OK;4,7;4723
15/09/2026 12:13:23;2026-09-15T10:13:23.823Z;Courses hippiques (PMU);OK;5,8;5811
15/09/2026 12:13:23;2026-09-15T10:13:23.823Z;Courses de lévriers;OK;4,9;4892
15/09/2026 12:25:19;2026-09-15T10:25:19.503Z;Courses hippiques (PMU);OK;4,7;4722
15/09/2026 12:25:19;2026-09-15T10:25:19.503Z;Courses de lévriers;OK;4,4;4370
15/09/2026 12:37:22;2026-09-15T10:37:22.317Z;Courses hippiques (PMU);OK;5,1;5074
15/09/2026 12:37:22;2026-09-15T10:37:22.317Z;Courses de lévriers;OK;5,6;5574
15/09/2026 12:49:31;2026-09-15T10:49:31.374Z;Courses hippiques (PMU);OK;5,2;5151
15/09/2026 12:49:31;2026-09-15T10:49:31.374Z;Courses de lévriers;OK;4,8;4793
15/09/2026 13:01:54;2026-09-15T11:01:54.171Z;Courses hippiques (PMU);OK;5,4;5415
15/09/2026 13:01:54;2026-09-15T11:01:54.171Z;Courses de lévriers;OK;5,1;5074
15/09/2026 13:13:30;2026-09-15T11:13:30.181Z;Courses hippiques (PMU);OK;5,5;5533
15/09/2026 13:13:30;2026-09-15T11:13:30.181Z;Courses de lévriers;OK;5,1;5076
15/09/2026 13:25:27;2026-09-15T11:25:27.812Z;Courses hippiques (PMU);OK;5,5;5523
15/09/2026 13:25:27;2026-09-15T11:25:27.812Z;Courses de lévriers;OK;5,3;5308
15/09/2026 13:37:24;2026-09-15T11:37:24.489Z;Courses hippiques (PMU);OK;4,8;4823
15/09/2026 13:37:24;2026-09-15T11:37:24.489Z;Courses de lévriers;OK;5,6;5597
15/09/2026 13:48:32;2026-09-15T11:48:32.806Z;Courses hippiques (PMU);ECHEC;4,0;4050
15/09/2026 13:48:32;2026-09-15T11:48:32.806Z;Courses de lévriers;OK;5,5;5452
15/09/2026 13:49:33;2026-09-15T11:49:33.773Z;Courses hippiques (PMU);OK;5,1;5079
15/09/2026 13:49:33;2026-09-15T11:49:33.773Z;Courses de lévriers;OK;5,7;5661
15/09/2026 14:01:57;2026-09-15T12:01:57.298Z;Courses hippiques (PMU);OK;4,9;4943
15/09/2026 14:01:57;2026-09-15T12:01:57.298Z;Courses de lévriers;OK;5,7;5687
15/09/2026 14:13:18;2026-09-15T12:13:18.090Z;Courses hippiques (PMU);OK;4,6;4644
15/09/2026 14:13:18;2026-09-15T12:13:18.090Z;Courses de lévriers;OK;4,5;4510
15/09/2026 14:25:19;2026-09-15T12:25:19.140Z;Courses hippiques (PMU);ECHEC;4,6;4611
15/09/2026 14:25:19;2026-09-15T12:25:19.140Z;Courses de lévriers;OK;4,8;4766
15/09/2026 14:37:37;2026-09-15T12:37:37.795Z;Courses hippiques (PMU);OK;5,1;5090
15/09/2026 14:37:37;2026-09-15T12:37:37.795Z;Courses de lévriers;OK;4,9;4913
15/09/2026 14:49:19;2026-09-15T12:49:19.010Z;Courses hippiques (PMU);OK;5,1;5130
15/09/2026 14:49:19;2026-09-15T12:49:19.010Z;Courses de lévriers;OK;4,7;4718
15/09/2026 15:01:59;2026-09-15T13:01:59.057Z;Courses hippiques (PMU);OK;5,7;5748
15/09/2026 15:01:59;2026-09-15T13:01:59.057Z;Courses de lévriers;OK;5,3;5292
15/09/2026 15:13:21;2026-09-15T13:13:21.989Z;Courses hippiques (PMU);OK;5,2;5223
15/09/2026 15:13:21;2026-09-15T13:13:21.989Z;Courses de lévriers;OK;5,1;5144
15/09/2026 15:25:19;2026-09-15T13:25:19.100Z;Courses hippiques (PMU);OK;4,7;4698
15/09/2026 15:25:19;2026-09-15T13:25:19.100Z;Courses de lévriers;OK;6,0;6035
15/09/2026 15:37:28;2026-09-15T13:37:28.718Z;Courses hippiques (PMU);ECHEC;4,8;4809
15/09/2026 15:37:28;2026-09-15T13:37:28.718Z;Courses de lévriers;OK;6,9;6885
15/09/2026 15:49:18;2026-09-15T13:49:18.058Z;Courses hippiques (PMU);OK;5,2;5220
15/09/2026 15:49:18;2026-09-15T13:49:18.058Z;Courses de lévriers;OK;4,5;4523
15/09/2026 16:02:24;2026-09-15T14:02:24.062Z;Courses hippiques (PMU);OK;4,4;4411
15/09/2026 16:02:24;2026-09-15T14:02:24.062Z;Courses de lévriers;OK;5,1;5071
15/09/2026 16:13:17;2026-09-15T14:13:17.962Z;Courses hippiques (PMU);ECHEC;4,6;4551
15/09/2026 16:13:17;2026-09-15T14:13:17.962Z;Courses de lévriers;OK;5,7;5655
15/09/2026 16:25:20;2026-09-15T14:25:20.953Z;Courses hippiques (PMU);ECHEC;4,2;4155
15/09/2026 16:25:20;2026-09-15T14:25:20.953Z;Courses de lévriers;OK;6,1;6095
15/09/2026 16:37:20;2026-09-15T14:37:20.144Z;Courses hippiques (PMU);OK;6,1;6144
15/09/2026 16:37:20;2026-09-15T14:37:20.144Z;Courses de lévriers;OK;4,8;4821
15/09/2026 16:49:18;2026-09-15T14:49:18.385Z;Courses hippiques (PMU);OK;5,2;5190
15/09/2026 16:49:18;2026-09-15T14:49:18.385Z;Courses de lévriers;OK;5,6;5618
15/09/2026 17:02:03;2026-09-15T15:02:03.072Z;Courses hippiques (PMU);OK;5,4;5379
15/09/2026 17:02:03;2026-09-15T15:02:03.072Z;Courses de lévriers;OK;6,3;6258
15/09/2026 17:13:22;2026-09-15T15:13:22.323Z;Courses hippiques (PMU);OK;6,0;5965
15/09/2026 17:13:22;2026-09-15T15:13:22.323Z;Courses de lévriers;OK;5,3;5279
15/09/2026 17:25:16;2026-09-15T15:25:16.657Z;Courses hippiques (PMU);OK;6,0;6036
15/09/2026 17:25:16;2026-09-15T15:25:16.657Z;Courses de lévriers;OK;5,8;5803
15/09/2026 17:37:23;2026-09-15T15:37:23.590Z;Courses hippiques (PMU);OK;5,9;5939
15/09/2026 17:37:23;2026-09-15T15:37:23.590Z;Courses de lévriers;OK;6,4;6373
15/09/2026 17:49:17;2026-09-15T15:49:17.515Z;Courses hippiques (PMU);OK;5,5;5504
15/09/2026 17:49:17;2026-09-15T15:49:17.515Z;Courses de lévriers;OK;5,4;5416
15/09/2026 18:02:06;2026-09-15T16:02:06.873Z;Courses hippiques (PMU);OK;5,3;5289
15/09/2026 18:02:06;2026-09-15T16:02:06.873Z;Courses de lévriers;OK;3,9;3912
15/09/2026 18:13:21;2026-09-15T16:13:21.823Z;Courses hippiques (PMU);ECHEC;4,5;4548
15/09/2026 18:13:21;2026-09-15T16:13:21.823Z;Courses de lévriers;OK;5,1;5129
15/09/2026 18:25:19;2026-09-15T16:25:19.860Z;Courses hippiques (PMU);OK;6,9;6906
15/09/2026 18:25:19;2026-09-15T16:25:19.860Z;Courses de lévriers;OK;5,4;5437
15/09/2026 18:37:21;2026-09-15T16:37:21.474Z;Courses hippiques (PMU);ECHEC;5,0;5023
15/09/2026 18:37:21;2026-09-15T16:37:21.474Z;Courses de lévriers;OK;8,4;8439
15/09/2026 18:49:17;2026-09-15T16:49:17.126Z;Courses hippiques (PMU);ECHEC;3,9;3851
15/09/2026 18:49:17;2026-09-15T16:49:17.126Z;Courses de lévriers;OK;5,2;5173
15/09/2026 19:01:53;2026-09-15T17:01:53.370Z;Courses hippiques (PMU);OK;5,6;5619
15/09/2026 19:01:53;2026-09-15T17:01:53.370Z;Courses de lévriers;OK;6,2;6163
15/09/2026 19:02:59;2026-09-15T17:02:59.661Z;Courses hippiques (PMU);OK;5,6;5596
15/09/2026 19:02:59;2026-09-15T17:02:59.661Z;Courses de lévriers;OK;6,0;5985
15/09/2026 19:13:17;2026-09-15T17:13:17.534Z;Courses hippiques (PMU);OK;4,5;4518
15/09/2026 19:13:17;2026-09-15T17:13:17.534Z;Courses de lévriers;OK;5,3;5273
15/09/2026 19:25:20;2026-09-15T17:25:20.255Z;Courses hippiques (PMU);OK;4,8;4751
15/09/2026 19:25:20;2026-09-15T17:25:20.255Z;Courses de lévriers;OK;8,1;8076
15/09/2026 19:37:16;2026-09-15T17:37:16.885Z;Courses hippiques (PMU);OK;5,3;5329
15/09/2026 19:37:16;2026-09-15T17:37:16.885Z;Courses de lévriers;OK;5,1;5116
15/09/2026 19:49:21;2026-09-15T17:49:21.186Z;Courses hippiques (PMU);OK;5,2;5224
15/09/2026 19:49:21;2026-09-15T17:49:21.186Z;Courses de lévriers;OK;5,3;5339
15/09/2026 20:02:10;2026-09-15T18:02:10.077Z;Courses hippiques (PMU);OK;5,1;5099
15/09/2026 20:02:10;2026-09-15T18:02:10.077Z;Courses de lévriers;OK;4,0;4000
15/09/2026 20:13:22;2026-09-15T18:13:22.775Z;Courses hippiques (PMU);OK;5,4;5435
15/09/2026 20:13:22;2026-09-15T18:13:22.775Z;Courses de lévriers;OK;4,1;4064
15/09/2026 20:25:24;2026-09-15T18:25:24.257Z;Courses hippiques (PMU);ECHEC;4,9;4934
15/09/2026 20:25:24;2026-09-15T18:25:24.257Z;Courses de lévriers;OK;5,6;5577
15/09/2026 20:37:34;2026-09-15T18:37:34.192Z;Courses hippiques (PMU);OK;7,7;7668
15/09/2026 20:37:34;2026-09-15T18:37:34.192Z;Courses de lévriers;OK;9,6;9553
15/09/2026 20:49:17;2026-09-15T18:49:17.144Z;Courses hippiques (PMU);OK;4,1;4147
15/09/2026 20:49:17;2026-09-15T18:49:17.144Z;Courses de lévriers;OK;4,8;4849
15/09/2026 21:01:55;2026-09-15T19:01:55.496Z;Courses hippiques (PMU);OK;5,2;5238
15/09/2026 21:01:55;2026-09-15T19:01:55.496Z;Courses de lévriers;OK;8,3;8311
15/09/2026 21:13:26;2026-09-15T19:13:26.664Z;Courses hippiques (PMU);OK;5,5;5461
15/09/2026 21:13:26;2026-09-15T19:13:26.664Z;Courses de lévriers;OK;6,1;6128
15/09/2026 21:25:20;2026-09-15T19:25:20.548Z;Courses hippiques (PMU);ECHEC;4,7;4706
15/09/2026 21:25:20;2026-09-15T19:25:20.548Z;Courses de lévriers;OK;5,6;5600
15/09/2026 21:37:17;2026-09-15T19:37:17.424Z;Courses hippiques (PMU);OK;4,1;4097
15/09/2026 21:37:17;2026-09-15T19:37:17.424Z;Courses de lévriers;OK;5,5;5475
15/09/2026 21:49:21;2026-09-15T19:49:21.968Z;Courses hippiques (PMU);OK;4,4;4362
15/09/2026 21:49:21;2026-09-15T19:49:21.968Z;Courses de lévriers;OK;5,3;5339
15/09/2026 22:02:15;2026-09-15T20:02:15.573Z;Courses hippiques (PMU);OK;5,2;5189
15/09/2026 22:02:15;2026-09-15T20:02:15.573Z;Courses de lévriers;OK;5,7;5745
15/09/2026 22:13:27;2026-09-15T20:13:27.387Z;Courses hippiques (PMU);OK;5,1;5100
15/09/2026 22:13:27;2026-09-15T20:13:27.387Z;Courses de lévriers;OK;5,4;5414
15/09/2026 22:25:51;2026-09-15T20:25:51.662Z;Courses hippiques (PMU);OK;5,1;5132
15/09/2026 22:25:51;2026-09-15T20:25:51.662Z;Courses de lévriers;OK;5,8;5765
15/09/2026 22:37:19;2026-09-15T20:37:19.347Z;Courses hippiques (PMU);OK;5,0;4950
15/09/2026 22:37:19;2026-09-15T20:37:19.347Z;Courses de lévriers;OK;5,4;5413
15/09/2026 22:49:23;2026-09-15T20:49:23.105Z;Courses hippiques (PMU);OK;4,8;4775
15/09/2026 22:49:23;2026-09-15T20:49:23.105Z;Courses de lévriers;OK;5,0;4969
15/09/2026 23:01:55;2026-09-15T21:01:55.236Z;Courses hippiques (PMU);OK;5,3;5279
15/09/2026 23:01:55;2026-09-15T21:01:55.236Z;Courses de lévriers;OK;7,0;7043
15/09/2026 23:13:17;2026-09-15T21:13:17.146Z;Courses hippiques (PMU);OK;5,0;5046
15/09/2026 23:13:17;2026-09-15T21:13:17.146Z;Courses de lévriers;OK;4,4;4418
15/09/2026 23:24:19;2026-09-15T21:24:19.757Z;Courses hippiques (PMU);OK;5,6;5578
15/09/2026 23:24:19;2026-09-15T21:24:19.757Z;Courses de lévriers;OK;6,0;5988
15/09/2026 23:25:10;2026-09-15T21:25:10.991Z;Courses hippiques (PMU);OK;4,8;4792
15/09/2026 23:25:10;2026-09-15T21:25:10.991Z;Courses de lévriers;OK;4,7;4714
15/09/2026 23:37:14;2026-09-15T21:37:14.171Z;Courses hippiques (PMU);OK;4,9;4858
15/09/2026 23:37:14;2026-09-15T21:37:14.171Z;Courses de lévriers;OK;5,7;5696
15/09/2026 23:49:27;2026-09-15T21:49:27.072Z;Courses hippiques (PMU);OK;5,2;5203
15/09/2026 23:49:27;2026-09-15T21:49:27.072Z;Courses de lévriers;OK;5,6;5555
16/09/2026 06:53:14;2026-09-16T04:53:14.149Z;Courses hippiques (PMU);OK;1,5;1545
16/09/2026 06:53:14;2026-09-16T04:53:14.149Z;Courses de lévriers;OK;2,2;2245
16/09/2026 08:01:45;2026-09-16T06:01:45.500Z;Courses hippiques (PMU);OK;2,4;2447
16/09/2026 08:01:45;2026-09-16T06:01:45.500Z;Courses de lévriers;OK;1,5;1549
16/09/2026 08:13:08;2026-09-16T06:13:08.990Z;Courses hippiques (PMU);OK;1,9;1939
16/09/2026 08:13:08;2026-09-16T06:13:08.990Z;Courses de lévriers;OK;1,3;1333
16/09/2026 08:25:14;2026-09-16T06:25:14.521Z;Courses hippiques (PMU);OK;2,4;2370
16/09/2026 08:25:14;2026-09-16T06:25:14.521Z;Courses de lévriers;OK;3,0;2978
16/09/2026 08:37:27;2026-09-16T06:37:27.406Z;Courses hippiques (PMU);OK;5,1;5142
16/09/2026 08:37:27;2026-09-16T06:37:27.406Z;Courses de lévriers;OK;3,7;3658
16/09/2026 08:50:02;2026-09-16T06:50:02.215Z;Courses hippiques (PMU);OK;7,0;6976
16/09/2026 08:50:02;2026-09-16T06:50:02.215Z;Courses de lévriers;OK;4,5;4544
16/09/2026 09:01:55;2026-09-16T07:01:55.676Z;Courses hippiques (PMU);OK;5,8;5825
16/09/2026 09:01:55;2026-09-16T07:01:55.676Z;Courses de lévriers;OK;4,9;4948
16/09/2026 09:13:21;2026-09-16T07:13:21.571Z;Courses hippiques (PMU);ECHEC;4,5;4505
16/09/2026 09:13:21;2026-09-16T07:13:21.571Z;Courses de lévriers;OK;7,2;7238
16/09/2026 09:25:16;2026-09-16T07:25:16.098Z;Courses hippiques (PMU);OK;5,0;5021
16/09/2026 09:25:16;2026-09-16T07:25:16.098Z;Courses de lévriers;OK;5,1;5069
16/09/2026 09:37:29;2026-09-16T07:37:29.089Z;Courses hippiques (PMU);OK;6,3;6286
16/09/2026 09:37:29;2026-09-16T07:37:29.089Z;Courses de lévriers;OK;6,0;5982
16/09/2026 09:49:20;2026-09-16T07:49:20.696Z;Courses hippiques (PMU);OK;5,5;5540
16/09/2026 09:49:20;2026-09-16T07:49:20.696Z;Courses de lévriers;OK;7,3;7340
16/09/2026 10:01:54;2026-09-16T08:01:54.649Z;Courses hippiques (PMU);OK;5,3;5328
16/09/2026 10:01:54;2026-09-16T08:01:54.649Z;Courses de lévriers;OK;7,3;7267
16/09/2026 10:13:21;2026-09-16T08:13:21.325Z;Courses hippiques (PMU);OK;5,2;5156
16/09/2026 10:13:21;2026-09-16T08:13:21.325Z;Courses de lévriers;OK;6,1;6057
16/09/2026 10:25:17;2026-09-16T08:25:17.582Z;Courses hippiques (PMU);OK;5,3;5277
16/09/2026 10:25:17;2026-09-16T08:25:17.582Z;Courses de lévriers;OK;4,6;4607
16/09/2026 10:37:18;2026-09-16T08:37:18.939Z;Courses hippiques (PMU);ECHEC;4,4;4375
16/09/2026 10:37:18;2026-09-16T08:37:18.939Z;Courses de lévriers;OK;5,1;5107
16/09/2026 10:49:20;2026-09-16T08:49:20.626Z;Courses hippiques (PMU);ECHEC;4,7;4729
16/09/2026 10:49:20;2026-09-16T08:49:20.626Z;Courses de lévriers;OK;5,2;5180
16/09/2026 11:01:57;2026-09-16T09:01:57.350Z;Courses hippiques (PMU);OK;5,4;5376
16/09/2026 11:01:57;2026-09-16T09:01:57.350Z;Courses de lévriers;OK;6,6;6647
16/09/2026 11:13:38;2026-09-16T09:13:38.475Z;Courses hippiques (PMU);OK;4,2;4248
16/09/2026 11:13:38;2026-09-16T09:13:38.475Z;Courses de lévriers;OK;3,5;3452
16/09/2026 11:25:16;2026-09-16T09:25:16.528Z;Courses hippiques (PMU);OK;4,9;4907
16/09/2026 11:25:16;2026-09-16T09:25:16.528Z;Courses de lévriers;OK;5,6;5590
16/09/2026 11:37:18;2026-09-16T09:37:18.069Z;Courses hippiques (PMU);OK;5,1;5066
16/09/2026 11:37:18;2026-09-16T09:37:18.069Z;Courses de lévriers;OK;5,4;5389
16/09/2026 11:49:19;2026-09-16T09:49:19.049Z;Courses hippiques (PMU);OK;4,9;4878
16/09/2026 11:49:19;2026-09-16T09:49:19.049Z;Courses de lévriers;OK;5,5;5485
16/09/2026 12:02:12;2026-09-16T10:02:12.011Z;Courses hippiques (PMU);OK;5,4;5379
16/09/2026 12:02:12;2026-09-16T10:02:12.011Z;Courses de lévriers;OK;5,7;5715
16/09/2026 12:13:21;2026-09-16T10:13:21.238Z;Courses hippiques (PMU);OK;4,7;4748
16/09/2026 12:13:21;2026-09-16T10:13:21.238Z;Courses de lévriers;OK;5,7;5743
16/09/2026 12:25:25;2026-09-16T10:25:25.370Z;Courses hippiques (PMU);OK;5,1;5147
16/09/2026 12:25:25;2026-09-16T10:25:25.370Z;Courses de lévriers;OK;3,6;3610
16/09/2026 12:37:15;2026-09-16T10:37:15.957Z;Courses hippiques (PMU);OK;4,8;4850
16/09/2026 12:37:15;2026-09-16T10:37:15.957Z;Courses de lévriers;OK;4,4;4424
16/09/2026 12:49:20;2026-09-16T10:49:20.440Z;Courses hippiques (PMU);OK;4,6;4591
16/09/2026 12:49:20;2026-09-16T10:49:20.440Z;Courses de lévriers;OK;4,5;4527
16/09/2026 13:01:54;2026-09-16T11:01:54.067Z;Courses hippiques (PMU);OK;6,4;6430
16/09/2026 13:01:54;2026-09-16T11:01:54.067Z;Courses de lévriers;OK;5,0;4950
16/09/2026 13:13:21;2026-09-16T11:13:21.092Z;Courses hippiques (PMU);OK;5,4;5386
16/09/2026 13:13:21;2026-09-16T11:13:21.092Z;Courses de lévriers;OK;5,5;5469
16/09/2026 13:25:29;2026-09-16T11:25:29.545Z;Courses hippiques (PMU);OK;6,0;5976
16/09/2026 13:25:29;2026-09-16T11:25:29.545Z;Courses de lévriers;OK;6,7;6714
16/09/2026 13:37:23;2026-09-16T11:37:23.293Z;Courses hippiques (PMU);OK;6,1;6128
16/09/2026 13:37:23;2026-09-16T11:37:23.293Z;Courses de lévriers;OK;6,2;6184
16/09/2026 13:40:22;2026-09-16T11:40:22.721Z;Courses hippiques (PMU);ECHEC;4,5;4526
16/09/2026 13:40:22;2026-09-16T11:40:22.721Z;Courses de lévriers;OK;7,5;7505
16/09/2026 13:49:16;2026-09-16T11:49:16.387Z;Courses hippiques (PMU);OK;5,0;4982
16/09/2026 13:49:16;2026-09-16T11:49:16.387Z;Courses de lévriers;OK;5,3;5336
16/09/2026 14:02:04;2026-09-16T12:02:04.383Z;Courses hippiques (PMU);OK;5,4;5391
16/09/2026 14:02:04;2026-09-16T12:02:04.383Z;Courses de lévriers;OK;4,6;4626
16/09/2026 14:13:15;2026-09-16T12:13:15.907Z;Courses hippiques (PMU);ECHEC;4,0;3993
16/09/2026 14:13:15;2026-09-16T12:13:15.907Z;Courses de lévriers;OK;5,5;5525
16/09/2026 14:25:18;2026-09-16T12:25:18.007Z;Courses hippiques (PMU);OK;4,8;4837
16/09/2026 14:25:18;2026-09-16T12:25:18.007Z;Courses de lévriers;OK;4,6;4634
16/09/2026 14:37:19;2026-09-16T12:37:19.482Z;Courses hippiques (PMU);OK;5,1;5133
16/09/2026 14:37:19;2026-09-16T12:37:19.482Z;Courses de lévriers;OK;6,0;5996
16/09/2026 14:50:00;2026-09-16T12:50:00.271Z;Courses hippiques (PMU);OK;6,5;6522
16/09/2026 14:50:00;2026-09-16T12:50:00.271Z;Courses de lévriers;OK;6,2;6243
16/09/2026 15:02:00;2026-09-16T13:02:00.483Z;Courses hippiques (PMU);OK;4,3;4281
16/09/2026 15:02:00;2026-09-16T13:02:00.483Z;Courses de lévriers;OK;7,3;7308
16/09/2026 15:13:26;2026-09-16T13:13:26.103Z;Courses hippiques (PMU);OK;7,4;7418
16/09/2026 15:13:26;2026-09-16T13:13:26.103Z;Courses de lévriers;OK;6,1;6091
16/09/2026 15:25:37;2026-09-16T13:25:37.756Z;Courses hippiques (PMU);OK;6,3;6339
16/09/2026 15:25:37;2026-09-16T13:25:37.756Z;Courses de lévriers;OK;7,4;7431
16/09/2026 15:37:35;2026-09-16T13:37:35.482Z;Courses hippiques (PMU);OK;6,0;5957
16/09/2026 15:37:35;2026-09-16T13:37:35.482Z;Courses de lévriers;OK;6,8;6829
16/09/2026 15:49:31;2026-09-16T13:49:31.059Z;Courses hippiques (PMU);OK;5,1;5106
16/09/2026 15:49:31;2026-09-16T13:49:31.059Z;Courses de lévriers;OK;6,9;6900
16/09/2026 16:01:49;2026-09-16T14:01:49.965Z;Courses hippiques (PMU);OK;3,7;3666
16/09/2026 16:01:49;2026-09-16T14:01:49.965Z;Courses de lévriers;OK;5,1;5097
16/09/2026 16:13:23;2026-09-16T14:13:23.992Z;Courses hippiques (PMU);OK;5,5;5547
16/09/2026 16:13:23;2026-09-16T14:13:23.992Z;Courses de lévriers;OK;7,0;7022
16/09/2026 16:25:16;2026-09-16T14:25:16.512Z;Courses hippiques (PMU);OK;4,9;4893
16/09/2026 16:25:16;2026-09-16T14:25:16.512Z;Courses de lévriers;OK;6,1;6120
16/09/2026 16:37:27;2026-09-16T14:37:27.112Z;Courses hippiques (PMU);OK;4,3;4262
16/09/2026 16:37:27;2026-09-16T14:37:27.112Z;Courses de lévriers;OK;7,0;7005
16/09/2026 16:49:27;2026-09-16T14:49:27.729Z;Courses hippiques (PMU);OK;5,5;5457
16/09/2026 16:49:27;2026-09-16T14:49:27.729Z;Courses de lévriers;OK;6,9;6908
16/09/2026 17:02:13;2026-09-16T15:02:13.064Z;Courses hippiques (PMU);OK;6,1;6128
16/09/2026 17:02:13;2026-09-16T15:02:13.064Z;Courses de lévriers;OK;6,3;6270
16/09/2026 17:13:19;2026-09-16T15:13:19.123Z;Courses hippiques (PMU);OK;5,2;5179
16/09/2026 17:13:19;2026-09-16T15:13:19.123Z;Courses de lévriers;OK;6,1;6099
16/09/2026 17:25:20;2026-09-16T15:25:20.377Z;Courses hippiques (PMU);OK;5,8;5831
16/09/2026 17:25:20;2026-09-16T15:25:20.377Z;Courses de lévriers;OK;5,7;5712
16/09/2026 17:37:29;2026-09-16T15:37:29.058Z;Courses hippiques (PMU);OK;5,9;5921
16/09/2026 17:37:29;2026-09-16T15:37:29.058Z;Courses de lévriers;OK;5,7;5698
16/09/2026 17:49:33;2026-09-16T15:49:33.456Z;Courses hippiques (PMU);OK;6,1;6115
16/09/2026 17:49:33;2026-09-16T15:49:33.456Z;Courses de lévriers;OK;6,2;6236
16/09/2026 18:01:59;2026-09-16T16:01:59.963Z;Courses hippiques (PMU);OK;4,9;4948
16/09/2026 18:01:59;2026-09-16T16:01:59.963Z;Courses de lévriers;OK;6,1;6091
16/09/2026 18:13:20;2026-09-16T16:13:20.638Z;Courses hippiques (PMU);OK;5,4;5408
16/09/2026 18:13:20;2026-09-16T16:13:20.638Z;Courses de lévriers;OK;6,2;6223
16/09/2026 18:25:24;2026-09-16T16:25:24.720Z;Courses hippiques (PMU);OK;5,3;5264
16/09/2026 18:25:24;2026-09-16T16:25:24.720Z;Courses de lévriers;OK;6,4;6386
16/09/2026 18:37:22;2026-09-16T16:37:22.350Z;Courses hippiques (PMU);OK;5,8;5817
16/09/2026 18:37:22;2026-09-16T16:37:22.350Z;Courses de lévriers;OK;6,1;6113
16/09/2026 18:49:21;2026-09-16T16:49:21.685Z;Courses hippiques (PMU);OK;5,3;5290
16/09/2026 18:49:21;2026-09-16T16:49:21.685Z;Courses de lévriers;OK;6,0;6010
16/09/2026 19:01:42;2026-09-16T17:01:42.061Z;Courses hippiques (PMU);OK;6,3;6285
16/09/2026 19:01:42;2026-09-16T17:01:42.061Z;Courses de lévriers;OK;8,2;8152
16/09/2026 19:13:31;2026-09-16T17:13:31.354Z;Courses hippiques (PMU);OK;6,2;6158
16/09/2026 19:13:31;2026-09-16T17:13:31.354Z;Courses de lévriers;OK;4,3;4334
16/09/2026 19:25:32;2026-09-16T17:25:32.832Z;Courses hippiques (PMU);OK;5,2;5187
16/09/2026 19:25:32;2026-09-16T17:25:32.832Z;Courses de lévriers;OK;4,9;4887
16/09/2026 19:37:25;2026-09-16T17:37:25.570Z;Courses hippiques (PMU);OK;4,6;4595
16/09/2026 19:37:25;2026-09-16T17:37:25.570Z;Courses de lévriers;OK;5,9;5876
16/09/2026 19:49:18;2026-09-16T17:49:18.713Z;Courses hippiques (PMU);OK;5,3;5303
16/09/2026 19:49:18;2026-09-16T17:49:18.713Z;Courses de lévriers;OK;5,7;5749
16/09/2026 20:02:01;2026-09-16T18:02:01.544Z;Courses hippiques (PMU);OK;5,7;5652
16/09/2026 20:02:01;2026-09-16T18:02:01.544Z;Courses de lévriers;OK;6,5;6532
16/09/2026 20:13:16;2026-09-16T18:13:16.430Z;Courses hippiques (PMU);ECHEC;4,7;4712
16/09/2026 20:13:16;2026-09-16T18:13:16.430Z;Courses de lévriers;OK;4,7;4725
16/09/2026 20:25:26;2026-09-16T18:25:26.458Z;Courses hippiques (PMU);OK;5,7;5743
16/09/2026 20:25:26;2026-09-16T18:25:26.458Z;Courses de lévriers;OK;4,5;4476
16/09/2026 20:37:35;2026-09-16T18:37:35.490Z;Courses hippiques (PMU);OK;6,8;6822
16/09/2026 20:37:35;2026-09-16T18:37:35.490Z;Courses de lévriers;OK;6,0;5994
16/09/2026 20:49:14;2026-09-16T18:49:14.444Z;Courses hippiques (PMU);OK;4,8;4793
16/09/2026 20:49:14;2026-09-16T18:49:14.444Z;Courses de lévriers;OK;5,9;5917
16/09/2026 21:02:00;2026-09-16T19:02:00.058Z;Courses hippiques (PMU);OK;3,5;3524
16/09/2026 21:02:00;2026-09-16T19:02:00.058Z;Courses de lévriers;OK;5,8;5768
16/09/2026 21:13:24;2026-09-16T19:13:24.039Z;Courses hippiques (PMU);OK;3,9;3923
16/09/2026 21:13:24;2026-09-16T19:13:24.039Z;Courses de lévriers;OK;5,3;5283
16/09/2026 21:25:21;2026-09-16T19:25:21.029Z;Courses hippiques (PMU);OK;6,5;6536
16/09/2026 21:25:21;2026-09-16T19:25:21.029Z;Courses de lévriers;OK;7,6;7588
16/09/2026 21:37:19;2026-09-16T19:37:19.360Z;Courses hippiques (PMU);OK;5,2;5216
16/09/2026 21:37:19;2026-09-16T19:37:19.360Z;Courses de lévriers;OK;5,8;5815
16/09/2026 21:49:18;2026-09-16T19:49:18.830Z;Courses hippiques (PMU);OK;4,3;4319
16/09/2026 21:49:18;2026-09-16T19:49:18.830Z;Courses de lévriers;OK;5,7;5717
16/09/2026 22:02:03;2026-09-16T20:02:03.144Z;Courses hippiques (PMU);OK;6,4;6423
16/09/2026 22:02:03;2026-09-16T20:02:03.144Z;Courses de lévriers;OK;8,0;8019
16/09/2026 22:13:19;2026-09-16T20:13:19.867Z;Courses hippiques (PMU);OK;5,1;5060
16/09/2026 22:13:19;2026-09-16T20:13:19.867Z;Courses de lévriers;OK;5,3;5346
16/09/2026 22:25:23;2026-09-16T20:25:23.477Z;Courses hippiques (PMU);OK;6,4;6396
16/09/2026 22:25:23;2026-09-16T20:25:23.477Z;Courses de lévriers;OK;5,9;5859
16/09/2026 22:37:25;2026-09-16T20:37:25.220Z;Courses hippiques (PMU);OK;5,5;5516
16/09/2026 22:37:25;2026-09-16T20:37:25.220Z;Courses de lévriers;OK;7,4;7391
16/09/2026 22:49:23;2026-09-16T20:49:23.629Z;Courses hippiques (PMU);OK;5,6;5617
16/09/2026 22:49:23;2026-09-16T20:49:23.629Z;Courses de lévriers;OK;10,1;10078
16/09/2026 23:01:57;2026-09-16T21:01:57.862Z;Courses hippiques (PMU);OK;4,8;4764
16/09/2026 23:01:57;2026-09-16T21:01:57.862Z;Courses de lévriers;OK;4,4;4389
16/09/2026 23:13:22;2026-09-16T21:13:22.877Z;Courses hippiques (PMU);OK;6,7;6697
16/09/2026 23:13:22;2026-09-16T21:13:22.877Z;Courses de lévriers;OK;6,0;6028
16/09/2026 23:21:18;2026-09-16T21:21:18.814Z;Courses hippiques (PMU);OK;5,9;5944
16/09/2026 23:21:18;2026-09-16T21:21:18.814Z;Courses de lévriers;OK;5,8;5841
16/09/2026 23:25:41;2026-09-16T21:25:41.447Z;Courses hippiques (PMU);OK;6,2;6183
16/09/2026 23:25:41;2026-09-16T21:25:41.447Z;Courses de lévriers;OK;5,6;5563
16/09/2026 23:37:35;2026-09-16T21:37:35.402Z;Courses hippiques (PMU);OK;5,1;5051
16/09/2026 23:37:35;2026-09-16T21:37:35.402Z;Courses de lévriers;OK;6,3;6310
16/09/2026 23:49:21;2026-09-16T21:49:21.054Z;Courses hippiques (PMU);OK;5,1;5081
16/09/2026 23:49:21;2026-09-16T21:49:21.054Z;Courses de lévriers;OK;8,1;8091
17/09/2026 06:56:32;2026-09-17T04:56:32.853Z;Courses hippiques (PMU);OK;2,5;2526
17/09/2026 06:56:32;2026-09-17T04:56:32.853Z;Courses de lévriers;OK;1,5;1473
17/09/2026 08:01:50;2026-09-17T06:01:50.613Z;Courses hippiques (PMU);OK;2,8;2789
17/09/2026 08:01:50;2026-09-17T06:01:50.613Z;Courses de lévriers;OK;1,9;1913
17/09/2026 08:13:17;2026-09-17T06:13:17.155Z;Courses hippiques (PMU);OK;2,4;2381
17/09/2026 08:13:17;2026-09-17T06:13:17.155Z;Courses de lévriers;OK;3,2;3248
17/09/2026 08:25:15;2026-09-17T06:25:15.159Z;Courses hippiques (PMU);OK;2,3;2303
17/09/2026 08:25:15;2026-09-17T06:25:15.159Z;Courses de lévriers;OK;2,9;2890
17/09/2026 08:37:17;2026-09-17T06:37:17.716Z;Courses hippiques (PMU);OK;5,5;5490
17/09/2026 08:37:17;2026-09-17T06:37:17.716Z;Courses de lévriers;OK;5,0;4960
17/09/2026 08:49:15;2026-09-17T06:49:15.291Z;Courses hippiques (PMU);OK;4,6;4630
17/09/2026 08:49:15;2026-09-17T06:49:15.291Z;Courses de lévriers;OK;4,1;4107
17/09/2026 09:02:08;2026-09-17T07:02:08.344Z;Courses hippiques (PMU);OK;5,4;5401
17/09/2026 09:02:08;2026-09-17T07:02:08.344Z;Courses de lévriers;OK;5,7;5700
17/09/2026 09:13:17;2026-09-17T07:13:17.425Z;Courses hippiques (PMU);OK;5,2;5166
17/09/2026 09:13:17;2026-09-17T07:13:17.425Z;Courses de lévriers;OK;4,8;4760
17/09/2026 09:25:22;2026-09-17T07:25:22.788Z;Courses hippiques (PMU);OK;5,3;5284
17/09/2026 09:25:22;2026-09-17T07:25:22.788Z;Courses de lévriers;OK;10,2;10230
17/09/2026 09:37:27;2026-09-17T07:37:27.452Z;Courses hippiques (PMU);OK;5,6;5577
17/09/2026 09:37:27;2026-09-17T07:37:27.452Z;Courses de lévriers;OK;5,7;5732
17/09/2026 09:49:16;2026-09-17T07:49:16.027Z;Courses hippiques (PMU);OK;4,9;4940
17/09/2026 09:49:16;2026-09-17T07:49:16.027Z;Courses de lévriers;OK;4,3;4346
17/09/2026 10:01:53;2026-09-17T08:01:53.749Z;Courses hippiques (PMU);OK;5,7;5650
17/09/2026 10:01:53;2026-09-17T08:01:53.749Z;Courses de lévriers;OK;4,8;4757
17/09/2026 10:13:23;2026-09-17T08:13:23.384Z;Courses hippiques (PMU);OK;5,3;5336
17/09/2026 10:13:23;2026-09-17T08:13:23.384Z;Courses de lévriers;OK;6,2;6247
17/09/2026 10:25:17;2026-09-17T08:25:17.147Z;Courses hippiques (PMU);OK;4,8;4791
17/09/2026 10:25:17;2026-09-17T08:25:17.147Z;Courses de lévriers;OK;4,7;4733
17/09/2026 10:37:20;2026-09-17T08:37:20.886Z;Courses hippiques (PMU);OK;5,8;5838
17/09/2026 10:37:20;2026-09-17T08:37:20.886Z;Courses de lévriers;OK;5,5;5481
17/09/2026 10:49:14;2026-09-17T08:49:14.362Z;Courses hippiques (PMU);OK;5,1;5061
17/09/2026 10:49:14;2026-09-17T08:49:14.362Z;Courses de lévriers;OK;4,6;4641
17/09/2026 11:02:18;2026-09-17T09:02:18.466Z;Courses hippiques (PMU);OK;4,9;4875
17/09/2026 11:02:18;2026-09-17T09:02:18.466Z;Courses de lévriers;OK;5,1;5090
17/09/2026 11:13:21;2026-09-17T09:13:21.024Z;Courses hippiques (PMU);OK;5,1;5124
17/09/2026 11:13:21;2026-09-17T09:13:21.024Z;Courses de lévriers;OK;5,6;5642
17/09/2026 11:25:29;2026-09-17T09:25:29.169Z;Courses hippiques (PMU);OK;6,2;6192
17/09/2026 11:25:29;2026-09-17T09:25:29.169Z;Courses de lévriers;OK;4,8;4842
17/09/2026 11:37:20;2026-09-17T09:37:20.421Z;Courses hippiques (PMU);OK;5,5;5451
17/09/2026 11:37:20;2026-09-17T09:37:20.421Z;Courses de lévriers;OK;5,0;4979
17/09/2026 11:49:20;2026-09-17T09:49:20.222Z;Courses hippiques (PMU);OK;6,2;6168
17/09/2026 11:49:20;2026-09-17T09:49:20.222Z;Courses de lévriers;OK;5,4;5428
17/09/2026 12:01:59;2026-09-17T10:01:59.093Z;Courses hippiques (PMU);OK;6,3;6299
17/09/2026 12:01:59;2026-09-17T10:01:59.093Z;Courses de lévriers;OK;5,7;5737
17/09/2026 12:13:19;2026-09-17T10:13:19.319Z;Courses hippiques (PMU);OK;5,2;5203
17/09/2026 12:13:19;2026-09-17T10:13:19.319Z;Courses de lévriers;OK;6,0;6028
17/09/2026 12:25:23;2026-09-17T10:25:23.981Z;Courses hippiques (PMU);OK;6,0;6010
17/09/2026 12:25:23;2026-09-17T10:25:23.981Z;Courses de lévriers;OK;5,1;5122
17/09/2026 12:37:11;2026-09-17T10:37:11.436Z;Courses hippiques (PMU);OK;5,1;5105
17/09/2026 12:37:11;2026-09-17T10:37:11.436Z;Courses de lévriers;OK;4,7;4674
17/09/2026 12:49:15;2026-09-17T10:49:15.435Z;Courses hippiques (PMU);OK;4,7;4707
17/09/2026 12:49:15;2026-09-17T10:49:15.435Z;Courses de lévriers;OK;4,4;4406
17/09/2026 13:01:52;2026-09-17T11:01:52.016Z;Courses hippiques (PMU);OK;7,0;7043
17/09/2026 13:01:52;2026-09-17T11:01:52.016Z;Courses de lévriers;OK;4,7;4739
17/09/2026 13:13:15;2026-09-17T11:13:15.937Z;Courses hippiques (PMU);OK;3,6;3572
17/09/2026 13:13:15;2026-09-17T11:13:15.937Z;Courses de lévriers;OK;3,9;3874
17/09/2026 13:25:25;2026-09-17T11:25:25.461Z;Courses hippiques (PMU);OK;6,5;6470
17/09/2026 13:25:25;2026-09-17T11:25:25.461Z;Courses de lévriers;OK;6,1;6132
17/09/2026 13:37:17;2026-09-17T11:37:17.170Z;Courses hippiques (PMU);ECHEC;5,0;5023
17/09/2026 13:37:17;2026-09-17T11:37:17.170Z;Courses de lévriers;OK;5,3;5328
17/09/2026 13:46:23;2026-09-17T11:46:23.604Z;Courses hippiques (PMU);ECHEC;6,8;6777
17/09/2026 13:46:23;2026-09-17T11:46:23.604Z;Courses de lévriers;OK;7,8;7751
17/09/2026 13:49:19;2026-09-17T11:49:19.960Z;Courses hippiques (PMU);OK;6,2;6233
17/09/2026 13:49:19;2026-09-17T11:49:19.960Z;Courses de lévriers;OK;5,4;5442
17/09/2026 14:01:59;2026-09-17T12:01:59.761Z;Courses hippiques (PMU);OK;5,0;5049
17/09/2026 14:01:59;2026-09-17T12:01:59.761Z;Courses de lévriers;OK;5,7;5744
17/09/2026 14:13:23;2026-09-17T12:13:23.083Z;Courses hippiques (PMU);OK;5,4;5370
17/09/2026 14:13:23;2026-09-17T12:13:23.083Z;Courses de lévriers;OK;6,6;6629
17/09/2026 14:25:15;2026-09-17T12:25:15.415Z;Courses hippiques (PMU);OK;4,8;4800
17/09/2026 14:25:15;2026-09-17T12:25:15.415Z;Courses de lévriers;OK;4,7;4670
17/09/2026 14:37:41;2026-09-17T12:37:41.481Z;Courses hippiques (PMU);OK;5,0;4974
17/09/2026 14:37:41;2026-09-17T12:37:41.481Z;Courses de lévriers;OK;5,7;5744
17/09/2026 14:49:31;2026-09-17T12:49:31.128Z;Courses hippiques (PMU);OK;5,2;5173
17/09/2026 14:49:31;2026-09-17T12:49:31.128Z;Courses de lévriers;OK;5,1;5125
17/09/2026 15:01:55;2026-09-17T13:01:55.878Z;Courses hippiques (PMU);OK;5,2;5224
17/09/2026 15:01:55;2026-09-17T13:01:55.878Z;Courses de lévriers;OK;6,3;6296
17/09/2026 15:13:26;2026-09-17T13:13:26.997Z;Courses hippiques (PMU);OK;4,8;4846
17/09/2026 15:13:26;2026-09-17T13:13:26.997Z;Courses de lévriers;OK;6,1;6057
17/09/2026 15:25:20;2026-09-17T13:25:20.603Z;Courses hippiques (PMU);OK;5,0;4980
17/09/2026 15:25:20;2026-09-17T13:25:20.603Z;Courses de lévriers;OK;5,1;5095
17/09/2026 15:37:21;2026-09-17T13:37:21.747Z;Courses hippiques (PMU);OK;7,4;7420
17/09/2026 15:37:21;2026-09-17T13:37:21.747Z;Courses de lévriers;OK;5,6;5639
17/09/2026 15:49:34;2026-09-17T13:49:34.009Z;Courses hippiques (PMU);OK;6,3;6254
17/09/2026 15:49:34;2026-09-17T13:49:34.009Z;Courses de lévriers;OK;8,1;8111
17/09/2026 16:01:58;2026-09-17T14:01:58.085Z;Courses hippiques (PMU);OK;7,4;7370
17/09/2026 16:01:58;2026-09-17T14:01:58.085Z;Courses de lévriers;OK;5,6;5580
17/09/2026 16:13:21;2026-09-17T14:13:21.371Z;Courses hippiques (PMU);OK;5,6;5601
17/09/2026 16:13:21;2026-09-17T14:13:21.371Z;Courses de lévriers;OK;6,9;6894
17/09/2026 16:25:17;2026-09-17T14:25:17.855Z;Courses hippiques (PMU);OK;5,2;5182
17/09/2026 16:25:17;2026-09-17T14:25:17.855Z;Courses de lévriers;OK;5,1;5054
17/09/2026 16:37:20;2026-09-17T14:37:20.739Z;Courses hippiques (PMU);OK;5,8;5786
17/09/2026 16:37:20;2026-09-17T14:37:20.739Z;Courses de lévriers;OK;4,9;4913
17/09/2026 16:49:18;2026-09-17T14:49:18.761Z;Courses hippiques (PMU);OK;5,4;5444
17/09/2026 16:49:18;2026-09-17T14:49:18.761Z;Courses de lévriers;OK;5,7;5741
17/09/2026 17:01:54;2026-09-17T15:01:54.299Z;Courses hippiques (PMU);OK;5,6;5555
17/09/2026 17:01:54;2026-09-17T15:01:54.299Z;Courses de lévriers;OK;4,9;4905
17/09/2026 17:13:30;2026-09-17T15:13:30.155Z;Courses hippiques (PMU);OK;6,1;6135
17/09/2026 17:13:30;2026-09-17T15:13:30.155Z;Courses de lévriers;OK;6,0;6018
17/09/2026 17:25:21;2026-09-17T15:25:21.413Z;Courses hippiques (PMU);OK;6,0;6010
17/09/2026 17:25:21;2026-09-17T15:25:21.413Z;Courses de lévriers;OK;5,7;5748
17/09/2026 17:37:22;2026-09-17T15:37:22.617Z;Courses hippiques (PMU);OK;6,4;6384
17/09/2026 17:37:22;2026-09-17T15:37:22.617Z;Courses de lévriers;OK;5,6;5559
17/09/2026 17:49:31;2026-09-17T15:49:31.748Z;Courses hippiques (PMU);OK;6,2;6216
17/09/2026 17:49:31;2026-09-17T15:49:31.748Z;Courses de lévriers;OK;6,2;6193
17/09/2026 18:01:58;2026-09-17T16:01:58.214Z;Courses hippiques (PMU);OK;7,0;6974
17/09/2026 18:01:58;2026-09-17T16:01:58.214Z;Courses de lévriers;OK;5,4;5443
17/09/2026 18:13:56;2026-09-17T16:13:56.720Z;Courses hippiques (PMU);OK;5,9;5912
17/09/2026 18:13:56;2026-09-17T16:13:56.720Z;Courses de lévriers;OK;5,9;5856
17/09/2026 18:25:18;2026-09-17T16:25:18.148Z;Courses hippiques (PMU);OK;5,2;5229
17/09/2026 18:25:18;2026-09-17T16:25:18.148Z;Courses de lévriers;OK;6,3;6299
17/09/2026 18:37:41;2026-09-17T16:37:41.620Z;Courses hippiques (PMU);OK;4,5;4519
17/09/2026 18:37:41;2026-09-17T16:37:41.620Z;Courses de lévriers;OK;6,6;6632
17/09/2026 18:49:20;2026-09-17T16:49:20.754Z;Courses hippiques (PMU);OK;5,0;4999
17/09/2026 18:49:20;2026-09-17T16:49:20.754Z;Courses de lévriers;OK;5,5;5463
17/09/2026 19:01:59;2026-09-17T17:01:59.278Z;Courses hippiques (PMU);OK;6,0;5994
17/09/2026 19:01:59;2026-09-17T17:01:59.278Z;Courses de lévriers;OK;6,3;6316
17/09/2026 19:03:32;2026-09-17T17:03:32.023Z;Courses hippiques (PMU);ECHEC;30,0;30008
17/09/2026 19:03:32;2026-09-17T17:03:32.023Z;Courses de lévriers;OK;6,0;6034
17/09/2026 19:13:19;2026-09-17T17:13:19.418Z;Courses hippiques (PMU);OK;6,2;6222
17/09/2026 19:13:19;2026-09-17T17:13:19.418Z;Courses de lévriers;OK;5,3;5334
17/09/2026 19:25:22;2026-09-17T17:25:22.663Z;Courses hippiques (PMU);OK;6,4;6388
17/09/2026 19:25:22;2026-09-17T17:25:22.663Z;Courses de lévriers;OK;6,0;6021
17/09/2026 19:37:16;2026-09-17T17:37:16.699Z;Courses hippiques (PMU);OK;4,9;4946
17/09/2026 19:37:16;2026-09-17T17:37:16.699Z;Courses de lévriers;OK;5,0;4994
17/09/2026 19:49:25;2026-09-17T17:49:25.993Z;Courses hippiques (PMU);OK;5,9;5855
17/09/2026 19:49:25;2026-09-17T17:49:25.993Z;Courses de lévriers;OK;7,1;7142
17/09/2026 20:02:09;2026-09-17T18:02:09.105Z;Courses hippiques (PMU);OK;6,4;6432
17/09/2026 20:02:09;2026-09-17T18:02:09.105Z;Courses de lévriers;OK;6,3;6335
17/09/2026 20:13:21;2026-09-17T18:13:21.348Z;Courses hippiques (PMU);OK;5,4;5428
17/09/2026 20:13:21;2026-09-17T18:13:21.348Z;Courses de lévriers;OK;5,9;5900
17/09/2026 20:25:16;2026-09-17T18:25:16.840Z;Courses hippiques (PMU);OK;4,9;4923
17/09/2026 20:25:16;2026-09-17T18:25:16.840Z;Courses de lévriers;OK;5,8;5837
17/09/2026 20:37:18;2026-09-17T18:37:18.655Z;Courses hippiques (PMU);OK;6,5;6510
17/09/2026 20:37:18;2026-09-17T18:37:18.655Z;Courses de lévriers;OK;6,0;6010
17/09/2026 20:49:22;2026-09-17T18:49:22.054Z;Courses hippiques (PMU);OK;5,4;5373
17/09/2026 20:49:22;2026-09-17T18:49:22.054Z;Courses de lévriers;OK;6,1;6065
17/09/2026 21:01:48;2026-09-17T19:01:48.335Z;Courses hippiques (PMU);OK;5,4;5435
17/09/2026 21:01:48;2026-09-17T19:01:48.335Z;Courses de lévriers;OK;6,3;6251
17/09/2026 21:13:20;2026-09-17T19:13:20.682Z;Courses hippiques (PMU);OK;5,1;5099
17/09/2026 21:13:20;2026-09-17T19:13:20.682Z;Courses de lévriers;OK;5,3;5309
17/09/2026 21:25:18;2026-09-17T19:25:18.979Z;Courses hippiques (PMU);OK;6,4;6356
17/09/2026 21:25:18;2026-09-17T19:25:18.979Z;Courses de lévriers;OK;3,9;3927
17/09/2026 21:37:26;2026-09-17T19:37:26.055Z;Courses hippiques (PMU);OK;6,0;6045
17/09/2026 21:37:26;2026-09-17T19:37:26.055Z;Courses de lévriers;OK;10,3;10293
17/09/2026 21:49:18;2026-09-17T19:49:18.636Z;Courses hippiques (PMU);OK;5,3;5322
17/09/2026 21:49:18;2026-09-17T19:49:18.636Z;Courses de lévriers;OK;6,4;6423
17/09/2026 22:02:05;2026-09-17T20:02:05.214Z;Courses hippiques (PMU);OK;7,4;7387
17/09/2026 22:02:05;2026-09-17T20:02:05.214Z;Courses de lévriers;OK;7,6;7616
17/09/2026 22:13:25;2026-09-17T20:13:25.180Z;Courses hippiques (PMU);OK;6,5;6494
17/09/2026 22:13:25;2026-09-17T20:13:25.180Z;Courses de lévriers;OK;6,1;6097
17/09/2026 22:25:21;2026-09-17T20:25:21.865Z;Courses hippiques (PMU);OK;6,0;6009
17/09/2026 22:25:21;2026-09-17T20:25:21.865Z;Courses de lévriers;OK;5,6;5560
17/09/2026 22:37:15;2026-09-17T20:37:15.752Z;Courses hippiques (PMU);OK;5,2;5213
17/09/2026 22:37:15;2026-09-17T20:37:15.752Z;Courses de lévriers;OK;5,8;5772
17/09/2026 22:49:41;2026-09-17T20:49:41.973Z;Courses hippiques (PMU);OK;6,8;6789
17/09/2026 22:49:41;2026-09-17T20:49:41.973Z;Courses de lévriers;OK;6,4;6395
17/09/2026 23:01:49;2026-09-17T21:01:49.587Z;Courses hippiques (PMU);OK;5,0;5050
17/09/2026 23:01:49;2026-09-17T21:01:49.587Z;Courses de lévriers;OK;5,4;5388
17/09/2026 23:13:20;2026-09-17T21:13:20.536Z;Courses hippiques (PMU);OK;5,6;5581
17/09/2026 23:13:20;2026-09-17T21:13:20.536Z;Courses de lévriers;OK;6,2;6240
17/09/2026 23:25:34;2026-09-17T21:25:34.411Z;Courses hippiques (PMU);OK;5,8;5850
17/09/2026 23:25:34;2026-09-17T21:25:34.411Z;Courses de lévriers;OK;5,2;5190
17/09/2026 23:37:22;2026-09-17T21:37:22.157Z;Courses hippiques (PMU);OK;5,7;5741
17/09/2026 23:37:22;2026-09-17T21:37:22.157Z;Courses de lévriers;OK;6,2;6230
17/09/2026 23:49:31;2026-09-17T21:49:31.362Z;Courses hippiques (PMU);OK;6,7;6703
17/09/2026 23:49:31;2026-09-17T21:49:31.362Z;Courses de lévriers;OK;5,9;5905
18/09/2026 06:48:11;2026-09-18T04:48:11.201Z;Courses hippiques (PMU);OK;2,7;2655
18/09/2026 06:48:11;2026-09-18T04:48:11.201Z;Courses de lévriers;OK;2,5;2455
18/09/2026 08:01:43;2026-09-18T06:01:43.551Z;Courses hippiques (PMU);OK;2,3;2283
18/09/2026 08:01:43;2026-09-18T06:01:43.551Z;Courses de lévriers;OK;1,8;1817
18/09/2026 08:13:11;2026-09-18T06:13:11.037Z;Courses hippiques (PMU);OK;2,3;2305
18/09/2026 08:13:11;2026-09-18T06:13:11.037Z;Courses de lévriers;OK;2,2;2166
18/09/2026 08:25:15;2026-09-18T06:25:15.944Z;Courses hippiques (PMU);OK;2,8;2786
18/09/2026 08:25:15;2026-09-18T06:25:15.944Z;Courses de lévriers;OK;2,4;2421
18/09/2026 08:37:29;2026-09-18T06:37:29.524Z;Courses hippiques (PMU);OK;6,6;6623
18/09/2026 08:37:29;2026-09-18T06:37:29.524Z;Courses de lévriers;OK;5,3;5255
18/09/2026 08:49:16;2026-09-18T06:49:16.498Z;Courses hippiques (PMU);OK;4,9;4949
18/09/2026 08:49:16;2026-09-18T06:49:16.498Z;Courses de lévriers;OK;5,4;5354
18/09/2026 09:01:52;2026-09-18T07:01:52.159Z;Courses hippiques (PMU);OK;6,5;6541
18/09/2026 09:01:52;2026-09-18T07:01:52.159Z;Courses de lévriers;OK;5,1;5127
18/09/2026 09:13:17;2026-09-18T07:13:17.926Z;Courses hippiques (PMU);OK;5,4;5382
18/09/2026 09:13:17;2026-09-18T07:13:17.926Z;Courses de lévriers;OK;5,0;4953
18/09/2026 09:25:19;2026-09-18T07:25:19.513Z;Courses hippiques (PMU);OK;5,9;5945
18/09/2026 09:25:19;2026-09-18T07:25:19.513Z;Courses de lévriers;OK;5,5;5519
18/09/2026 09:37:25;2026-09-18T07:37:25.729Z;Courses hippiques (PMU);OK;6,3;6334
18/09/2026 09:37:25;2026-09-18T07:37:25.729Z;Courses de lévriers;OK;5,4;5445
18/09/2026 09:49:16;2026-09-18T07:49:16.376Z;Courses hippiques (PMU);OK;4,3;4309
18/09/2026 09:49:16;2026-09-18T07:49:16.376Z;Courses de lévriers;OK;4,1;4072
18/09/2026 10:01:49;2026-09-18T08:01:49.883Z;Courses hippiques (PMU);OK;5,3;5311
18/09/2026 10:01:49;2026-09-18T08:01:49.883Z;Courses de lévriers;OK;5,0;5004
18/09/2026 10:13:18;2026-09-18T08:13:18.656Z;Courses hippiques (PMU);OK;5,0;5039
18/09/2026 10:13:18;2026-09-18T08:13:18.656Z;Courses de lévriers;OK;5,3;5316
18/09/2026 10:25:30;2026-09-18T08:25:30.034Z;Courses hippiques (PMU);OK;6,1;6142
18/09/2026 10:25:30;2026-09-18T08:25:30.034Z;Courses de lévriers;OK;5,5;5550
18/09/2026 10:37:21;2026-09-18T08:37:21.728Z;Courses hippiques (PMU);ECHEC;5,8;5777
18/09/2026 10:37:21;2026-09-18T08:37:21.728Z;Courses de lévriers;OK;5,2;5156
18/09/2026 10:49:16;2026-09-18T08:49:16.467Z;Courses hippiques (PMU);OK;5,7;5677
18/09/2026 10:49:16;2026-09-18T08:49:16.467Z;Courses de lévriers;OK;5,1;5140
18/09/2026 11:01:54;2026-09-18T09:01:54.559Z;Courses hippiques (PMU);OK;8,0;7976
18/09/2026 11:01:54;2026-09-18T09:01:54.559Z;Courses de lévriers;OK;5,1;5102
18/09/2026 11:13:26;2026-09-18T09:13:26.367Z;Courses hippiques (PMU);OK;6,5;6521
18/09/2026 11:13:26;2026-09-18T09:13:26.367Z;Courses de lévriers;OK;4,9;4927
18/09/2026 11:25:26;2026-09-18T09:25:26.850Z;Courses hippiques (PMU);OK;5,8;5808
18/09/2026 11:25:26;2026-09-18T09:25:26.850Z;Courses de lévriers;OK;5,9;5939
18/09/2026 11:37:26;2026-09-18T09:37:26.043Z;Courses hippiques (PMU);OK;6,0;6008
18/09/2026 11:37:26;2026-09-18T09:37:26.043Z;Courses de lévriers;OK;3,9;3917
18/09/2026 11:49:36;2026-09-18T09:49:36.174Z;Courses hippiques (PMU);OK;5,3;5264
18/09/2026 11:49:36;2026-09-18T09:49:36.174Z;Courses de lévriers;OK;5,3;5345
18/09/2026 12:01:53;2026-09-18T10:01:53.036Z;Courses hippiques (PMU);OK;5,0;5044
18/09/2026 12:01:53;2026-09-18T10:01:53.036Z;Courses de lévriers;OK;5,1;5143
18/09/2026 12:13:20;2026-09-18T10:13:20.810Z;Courses hippiques (PMU);OK;4,5;4510
18/09/2026 12:13:20;2026-09-18T10:13:20.810Z;Courses de lévriers;OK;5,2;5217
18/09/2026 12:25:20;2026-09-18T10:25:20.144Z;Courses hippiques (PMU);OK;5,2;5181
18/09/2026 12:25:20;2026-09-18T10:25:20.144Z;Courses de lévriers;OK;5,8;5762
18/09/2026 12:37:19;2026-09-18T10:37:19.746Z;Courses hippiques (PMU);OK;5,7;5725
18/09/2026 12:37:19;2026-09-18T10:37:19.746Z;Courses de lévriers;OK;6,4;6435
18/09/2026 12:49:25;2026-09-18T10:49:25.884Z;Courses hippiques (PMU);OK;5,1;5130
18/09/2026 12:49:25;2026-09-18T10:49:25.884Z;Courses de lévriers;OK;6,0;5962
18/09/2026 13:01:54;2026-09-18T11:01:54.932Z;Courses hippiques (PMU);OK;4,9;4927
18/09/2026 13:01:54;2026-09-18T11:01:54.932Z;Courses de lévriers;OK;5,0;5016
18/09/2026 13:13:22;2026-09-18T11:13:22.582Z;Courses hippiques (PMU);OK;7,6;7571
18/09/2026 13:13:22;2026-09-18T11:13:22.582Z;Courses de lévriers;OK;6,0;6025
18/09/2026 13:20:12;2026-09-18T11:20:12.526Z;Courses hippiques (PMU);OK;5,8;5788
18/09/2026 13:20:12;2026-09-18T11:20:12.526Z;Courses de lévriers;OK;4,1;4143
18/09/2026 13:25:23;2026-09-18T11:25:23.410Z;Courses hippiques (PMU);OK;6,3;6306
18/09/2026 13:25:23;2026-09-18T11:25:23.410Z;Courses de lévriers;OK;6,0;6049
18/09/2026 13:37:23;2026-09-18T11:37:23.039Z;Courses hippiques (PMU);OK;5,4;5354
18/09/2026 13:37:23;2026-09-18T11:37:23.039Z;Courses de lévriers;OK;5,5;5502
18/09/2026 13:49:21;2026-09-18T11:49:21.318Z;Courses hippiques (PMU);OK;5,6;5555
18/09/2026 13:49:21;2026-09-18T11:49:21.318Z;Courses de lévriers;OK;6,0;5957
18/09/2026 14:01:49;2026-09-18T12:01:49.364Z;Courses hippiques (PMU);OK;5,6;5578
18/09/2026 14:01:49;2026-09-18T12:01:49.364Z;Courses de lévriers;OK;5,1;5065
18/09/2026 14:13:18;2026-09-18T12:13:18.761Z;Courses hippiques (PMU);OK;5,1;5129
18/09/2026 14:13:18;2026-09-18T12:13:18.761Z;Courses de lévriers;OK;4,8;4790
18/09/2026 14:25:28;2026-09-18T12:25:28.016Z;Courses hippiques (PMU);OK;8,4;8406
18/09/2026 14:25:28;2026-09-18T12:25:28.016Z;Courses de lévriers;OK;6,1;6109
18/09/2026 14:37:22;2026-09-18T12:37:22.553Z;Courses hippiques (PMU);OK;4,9;4884
18/09/2026 14:37:22;2026-09-18T12:37:22.553Z;Courses de lévriers;OK;6,8;6785
18/09/2026 14:49:27;2026-09-18T12:49:27.692Z;Courses hippiques (PMU);OK;5,9;5893
18/09/2026 14:49:27;2026-09-18T12:49:27.692Z;Courses de lévriers;OK;5,9;5868
18/09/2026 15:02:00;2026-09-18T13:02:00.496Z;Courses hippiques (PMU);OK;6,2;6231
18/09/2026 15:02:00;2026-09-18T13:02:00.496Z;Courses de lévriers;OK;5,4;5411
18/09/2026 15:13:19;2026-09-18T13:13:19.370Z;Courses hippiques (PMU);OK;6,2;6186
18/09/2026 15:13:19;2026-09-18T13:13:19.370Z;Courses de lévriers;OK;5,2;5185
18/09/2026 15:25:15;2026-09-18T13:25:15.073Z;Courses hippiques (PMU);OK;4,7;4684
18/09/2026 15:25:15;2026-09-18T13:25:15.073Z;Courses de lévriers;OK;4,7;4667
18/09/2026 15:37:21;2026-09-18T13:37:21.805Z;Courses hippiques (PMU);OK;8,0;8045
18/09/2026 15:37:21;2026-09-18T13:37:21.805Z;Courses de lévriers;OK;6,0;5971
18/09/2026 15:49:33;2026-09-18T13:49:33.231Z;Courses hippiques (PMU);OK;8,8;8850
18/09/2026 15:49:33;2026-09-18T13:49:33.231Z;Courses de lévriers;OK;7,1;7097
18/09/2026 16:03:00;2026-09-18T14:03:00.185Z;Courses hippiques (PMU);OK;5,0;4975
18/09/2026 16:03:00;2026-09-18T14:03:00.185Z;Courses de lévriers;OK;5,0;4969
18/09/2026 16:13:25;2026-09-18T14:13:25.024Z;Courses hippiques (PMU);OK;6,1;6148
18/09/2026 16:13:25;2026-09-18T14:13:25.024Z;Courses de lévriers;OK;4,9;4856
18/09/2026 16:25:17;2026-09-18T14:25:17.432Z;Courses hippiques (PMU);OK;5,8;5820
18/09/2026 16:25:17;2026-09-18T14:25:17.432Z;Courses de lévriers;OK;4,9;4900
18/09/2026 16:37:25;2026-09-18T14:37:25.116Z;Courses hippiques (PMU);OK;6,7;6659
18/09/2026 16:37:25;2026-09-18T14:37:25.116Z;Courses de lévriers;OK;9,4;9351
18/09/2026 16:49:21;2026-09-18T14:49:21.008Z;Courses hippiques (PMU);OK;4,9;4856
18/09/2026 16:49:21;2026-09-18T14:49:21.008Z;Courses de lévriers;OK;6,0;6004
18/09/2026 17:02:00;2026-09-18T15:02:00.443Z;Courses hippiques (PMU);OK;6,4;6390
18/09/2026 17:02:00;2026-09-18T15:02:00.443Z;Courses de lévriers;OK;6,7;6716
18/09/2026 17:13:17;2026-09-18T15:13:17.328Z;Courses hippiques (PMU);OK;4,8;4764
18/09/2026 17:13:17;2026-09-18T15:13:17.328Z;Courses de lévriers;OK;6,2;6183
18/09/2026 17:25:23;2026-09-18T15:25:23.498Z;Courses hippiques (PMU);ECHEC;5,2;5199
18/09/2026 17:25:23;2026-09-18T15:25:23.498Z;Courses de lévriers;OK;5,9;5896
18/09/2026 17:37:29;2026-09-18T15:37:29.131Z;Courses hippiques (PMU);OK;5,1;5102
18/09/2026 17:37:29;2026-09-18T15:37:29.131Z;Courses de lévriers;OK;5,9;5948
18/09/2026 17:49:21;2026-09-18T15:49:21.518Z;Courses hippiques (PMU);OK;5,5;5468
18/09/2026 17:49:21;2026-09-18T15:49:21.518Z;Courses de lévriers;OK;6,7;6694
18/09/2026 18:01:57;2026-09-18T16:01:57.190Z;Courses hippiques (PMU);OK;7,0;7015
18/09/2026 18:01:57;2026-09-18T16:01:57.190Z;Courses de lévriers;OK;5,7;5715
18/09/2026 18:13:22;2026-09-18T16:13:22.265Z;Courses hippiques (PMU);OK;5,2;5220
18/09/2026 18:13:22;2026-09-18T16:13:22.265Z;Courses de lévriers;OK;5,2;5150
18/09/2026 18:25:20;2026-09-18T16:25:20.501Z;Courses hippiques (PMU);OK;6,2;6218
18/09/2026 18:25:20;2026-09-18T16:25:20.501Z;Courses de lévriers;OK;6,3;6267
18/09/2026 18:27:28;2026-09-18T16:27:28.681Z;Courses hippiques (PMU);OK;4,8;4844
18/09/2026 18:27:28;2026-09-18T16:27:28.681Z;Courses de lévriers;OK;5,2;5179
18/09/2026 18:37:19;2026-09-18T16:37:19.195Z;Courses hippiques (PMU);OK;5,1;5113
18/09/2026 18:37:19;2026-09-18T16:37:19.195Z;Courses de lévriers;OK;6,0;5965
18/09/2026 18:49:23;2026-09-18T16:49:23.689Z;Courses hippiques (PMU);OK;4,7;4731
18/09/2026 18:49:23;2026-09-18T16:49:23.689Z;Courses de lévriers;ECHEC;6,2;6209
18/09/2026 19:01:55;2026-09-18T17:01:55.126Z;Courses hippiques (PMU);OK;5,2;5150
18/09/2026 19:01:55;2026-09-18T17:01:55.126Z;Courses de lévriers;OK;6,8;6815
18/09/2026 19:13:20;2026-09-18T17:13:20.524Z;Courses hippiques (PMU);OK;4,8;4771
18/09/2026 19:13:20;2026-09-18T17:13:20.524Z;Courses de lévriers;OK;8,1;8092
18/09/2026 19:25:21;2026-09-18T17:25:21.641Z;Courses hippiques (PMU);OK;6,0;6048
18/09/2026 19:25:21;2026-09-18T17:25:21.641Z;Courses de lévriers;OK;5,2;5231
18/09/2026 19:37:24;2026-09-18T17:37:24.759Z;Courses hippiques (PMU);OK;8,7;8701
18/09/2026 19:37:24;2026-09-18T17:37:24.759Z;Courses de lévriers;OK;6,2;6232
18/09/2026 19:49:25;2026-09-18T17:49:25.963Z;Courses hippiques (PMU);OK;6,5;6517
18/09/2026 19:49:25;2026-09-18T17:49:25.963Z;Courses de lévriers;OK;6,0;6046
18/09/2026 20:01:59;2026-09-18T18:01:59.530Z;Courses hippiques (PMU);OK;6,0;6017
18/09/2026 20:01:59;2026-09-18T18:01:59.530Z;Courses de lévriers;OK;5,5;5502
18/09/2026 20:13:26;2026-09-18T18:13:26.598Z;Courses hippiques (PMU);OK;7,7;7749
18/09/2026 20:13:26;2026-09-18T18:13:26.598Z;Courses de lévriers;OK;7,0;6981
18/09/2026 20:25:23;2026-09-18T18:25:23.750Z;Courses hippiques (PMU);OK;5,4;5436
18/09/2026 20:25:23;2026-09-18T18:25:23.750Z;Courses de lévriers;OK;5,3;5350
18/09/2026 20:37:17;2026-09-18T18:37:17.493Z;Courses hippiques (PMU);OK;5,0;4952
18/09/2026 20:37:17;2026-09-18T18:37:17.493Z;Courses de lévriers;OK;5,9;5880
18/09/2026 20:49:38;2026-09-18T18:49:38.315Z;Courses hippiques (PMU);OK;7,0;6961
18/09/2026 20:49:38;2026-09-18T18:49:38.315Z;Courses de lévriers;OK;7,2;7204
18/09/2026 21:02:00;2026-09-18T19:02:00.737Z;Courses hippiques (PMU);OK;5,3;5255
18/09/2026 21:02:00;2026-09-18T19:02:00.737Z;Courses de lévriers;OK;6,0;5950
18/09/2026 21:13:23;2026-09-18T19:13:23.876Z;Courses hippiques (PMU);OK;10,4;10398
18/09/2026 21:13:23;2026-09-18T19:13:23.876Z;Courses de lévriers;OK;5,4;5449
18/09/2026 21:25:22;2026-09-18T19:25:22.620Z;Courses hippiques (PMU);OK;5,9;5908
18/09/2026 21:25:22;2026-09-18T19:25:22.620Z;Courses de lévriers;OK;3,9;3948
18/09/2026 21:37:29;2026-09-18T19:37:29.511Z;Courses hippiques (PMU);OK;6,4;6390
18/09/2026 21:37:29;2026-09-18T19:37:29.511Z;Courses de lévriers;OK;7,7;7692
18/09/2026 21:49:19;2026-09-18T19:49:19.188Z;Courses hippiques (PMU);OK;5,6;5610
18/09/2026 21:49:19;2026-09-18T19:49:19.188Z;Courses de lévriers;OK;7,0;7003
18/09/2026 22:01:56;2026-09-18T20:01:56.036Z;Courses hippiques (PMU);OK;5,5;5511
18/09/2026 22:01:56;2026-09-18T20:01:56.036Z;Courses de lévriers;OK;7,3;7251
18/09/2026 22:13:20;2026-09-18T20:13:20.507Z;Courses hippiques (PMU);OK;6,1;6064
18/09/2026 22:13:20;2026-09-18T20:13:20.507Z;Courses de lévriers;OK;6,4;6402
18/09/2026 22:25:20;2026-09-18T20:25:20.585Z;Courses hippiques (PMU);OK;4,9;4908
18/09/2026 22:25:20;2026-09-18T20:25:20.585Z;Courses de lévriers;OK;7,9;7853
18/09/2026 22:37:30;2026-09-18T20:37:30.344Z;Courses hippiques (PMU);OK;4,4;4421
18/09/2026 22:37:30;2026-09-18T20:37:30.344Z;Courses de lévriers;OK;6,1;6115
18/09/2026 22:49:37;2026-09-18T20:49:37.512Z;Courses hippiques (PMU);OK;6,4;6395
18/09/2026 22:49:37;2026-09-18T20:49:37.512Z;Courses de lévriers;OK;6,0;5984
18/09/2026 22:56:41;2026-09-18T20:56:41.659Z;Courses hippiques (PMU);OK;5,9;5910
18/09/2026 22:56:41;2026-09-18T20:56:41.659Z;Courses de lévriers;OK;5,7;5676
18/09/2026 23:02:04;2026-09-18T21:02:04.480Z;Courses hippiques (PMU);OK;7,2;7239
18/09/2026 23:02:04;2026-09-18T21:02:04.480Z;Courses de lévriers;OK;6,3;6252
18/09/2026 23:13:27;2026-09-18T21:13:27.183Z;Courses hippiques (PMU);OK;5,5;5511
18/09/2026 23:13:27;2026-09-18T21:13:27.183Z;Courses de lévriers;OK;7,4;7387
18/09/2026 23:25:20;2026-09-18T21:25:20.087Z;Courses hippiques (PMU);OK;6,0;6042
18/09/2026 23:25:20;2026-09-18T21:25:20.087Z;Courses de lévriers;OK;6,7;6723
18/09/2026 23:37:25;2026-09-18T21:37:25.973Z;Courses hippiques (PMU);OK;7,5;7549
18/09/2026 23:37:25;2026-09-18T21:37:25.973Z;Courses de lévriers;OK;6,4;6432
18/09/2026 23:50:00;2026-09-18T21:50:00.674Z;Courses hippiques (PMU);OK;7,8;7833
18/09/2026 23:50:00;2026-09-18T21:50:00.674Z;Courses de lévriers;OK;6,2;6181
19/09/2026 01:20:10;2026-09-18T23:20:10.078Z;Courses hippiques (PMU);OK;1,6;1599
19/09/2026 01:20:10;2026-09-18T23:20:10.078Z;Courses de lévriers;OK;2,0;1978
19/09/2026 06:41:26;2026-09-19T04:41:26.966Z;Courses hippiques (PMU);OK;4,4;4366
19/09/2026 06:41:26;2026-09-19T04:41:26.966Z;Courses de lévriers;OK;2,1;2052
19/09/2026 08:01:43;2026-09-19T06:01:43.099Z;Courses hippiques (PMU);OK;2,3;2321
19/09/2026 08:01:43;2026-09-19T06:01:43.099Z;Courses de lévriers;OK;2,2;2241
19/09/2026 08:13:16;2026-09-19T06:13:16.743Z;Courses hippiques (PMU);OK;2,7;2677
19/09/2026 08:13:16;2026-09-19T06:13:16.743Z;Courses de lévriers;OK;2,0;2031
19/09/2026 08:25:18;2026-09-19T06:25:18.873Z;Courses hippiques (PMU);OK;2,1;2076
19/09/2026 08:25:18;2026-09-19T06:25:18.873Z;Courses de lévriers;OK;1,9;1906
19/09/2026 08:37:19;2026-09-19T06:37:19.398Z;Courses hippiques (PMU);OK;5,7;5689
19/09/2026 08:37:19;2026-09-19T06:37:19.398Z;Courses de lévriers;OK;5,5;5506
19/09/2026 08:49:19;2026-09-19T06:49:19.746Z;Courses hippiques (PMU);OK;6,6;6639
19/09/2026 08:49:19;2026-09-19T06:49:19.746Z;Courses de lévriers;ECHEC;4,9;4903
19/09/2026 09:01:43;2026-09-19T07:01:43.297Z;Courses hippiques (PMU);OK;4,9;4901
19/09/2026 09:01:43;2026-09-19T07:01:43.297Z;Courses de lévriers;OK;3,9;3864
19/09/2026 09:13:22;2026-09-19T07:13:22.236Z;Courses hippiques (PMU);OK;5,5;5479
19/09/2026 09:13:22;2026-09-19T07:13:22.236Z;Courses de lévriers;OK;4,7;4721
19/09/2026 09:25:40;2026-09-19T07:25:40.634Z;Courses hippiques (PMU);OK;4,4;4398
19/09/2026 09:25:40;2026-09-19T07:25:40.634Z;Courses de lévriers;OK;4,2;4218
19/09/2026 09:37:18;2026-09-19T07:37:18.476Z;Courses hippiques (PMU);OK;5,2;5212
19/09/2026 09:37:18;2026-09-19T07:37:18.476Z;Courses de lévriers;OK;5,6;5644
19/09/2026 09:49:21;2026-09-19T07:49:21.139Z;Courses hippiques (PMU);OK;6,8;6823
19/09/2026 09:49:21;2026-09-19T07:49:21.139Z;Courses de lévriers;OK;5,5;5512
19/09/2026 10:01:47;2026-09-19T08:01:47.297Z;Courses hippiques (PMU);ECHEC;5,4;5366
19/09/2026 10:01:47;2026-09-19T08:01:47.297Z;Courses de lévriers;OK;4,8;4750
19/09/2026 10:13:19;2026-09-19T08:13:19.846Z;Courses hippiques (PMU);ECHEC;5,2;5245
19/09/2026 10:13:19;2026-09-19T08:13:19.846Z;Courses de lévriers;OK;3,8;3805
19/09/2026 10:25:21;2026-09-19T08:25:21.552Z;Courses hippiques (PMU);OK;5,0;5026
19/09/2026 10:25:21;2026-09-19T08:25:21.552Z;Courses de lévriers;OK;5,0;5045
19/09/2026 10:37:26;2026-09-19T08:37:26.938Z;Courses hippiques (PMU);OK;5,2;5231
19/09/2026 10:37:26;2026-09-19T08:37:26.938Z;Courses de lévriers;OK;5,4;5441
19/09/2026 10:49:16;2026-09-19T08:49:16.238Z;Courses hippiques (PMU);OK;4,9;4885
19/09/2026 10:49:16;2026-09-19T08:49:16.238Z;Courses de lévriers;OK;5,2;5204
19/09/2026 11:01:57;2026-09-19T09:01:57.476Z;Courses hippiques (PMU);OK;6,5;6524
19/09/2026 11:01:57;2026-09-19T09:01:57.476Z;Courses de lévriers;OK;4,7;4722
19/09/2026 11:13:18;2026-09-19T09:13:18.421Z;Courses hippiques (PMU);OK;5,2;5179
19/09/2026 11:13:18;2026-09-19T09:13:18.421Z;Courses de lévriers;OK;5,4;5395
19/09/2026 11:25:17;2026-09-19T09:25:17.244Z;Courses hippiques (PMU);OK;5,0;5002
19/09/2026 11:25:17;2026-09-19T09:25:17.244Z;Courses de lévriers;OK;6,3;6269
19/09/2026 11:37:16;2026-09-19T09:37:16.970Z;Courses hippiques (PMU);OK;6,0;5961
19/09/2026 11:37:16;2026-09-19T09:37:16.970Z;Courses de lévriers;OK;5,5;5538
19/09/2026 11:49:28;2026-09-19T09:49:28.869Z;Courses hippiques (PMU);OK;5,5;5461
19/09/2026 11:49:28;2026-09-19T09:49:28.869Z;Courses de lévriers;OK;3,8;3775
19/09/2026 12:02:10;2026-09-19T10:02:10.203Z;Courses hippiques (PMU);OK;5,5;5479
19/09/2026 12:02:10;2026-09-19T10:02:10.203Z;Courses de lévriers;OK;5,2;5172
19/09/2026 12:13:23;2026-09-19T10:13:23.625Z;Courses hippiques (PMU);OK;5,5;5540
19/09/2026 12:13:23;2026-09-19T10:13:23.625Z;Courses de lévriers;OK;6,1;6135
19/09/2026 12:25:19;2026-09-19T10:25:19.207Z;Courses hippiques (PMU);OK;6,2;6179
19/09/2026 12:25:19;2026-09-19T10:25:19.207Z;Courses de lévriers;OK;5,3;5286
19/09/2026 12:37:17;2026-09-19T10:37:17.959Z;Courses hippiques (PMU);OK;6,3;6319
19/09/2026 12:37:17;2026-09-19T10:37:17.959Z;Courses de lévriers;OK;5,8;5794
19/09/2026 12:49:15;2026-09-19T10:49:15.006Z;Courses hippiques (PMU);OK;5,0;5032
19/09/2026 12:49:15;2026-09-19T10:49:15.006Z;Courses de lévriers;OK;3,9;3856
19/09/2026 13:01:51;2026-09-19T11:01:51.630Z;Courses hippiques (PMU);OK;7,5;7550
19/09/2026 13:01:51;2026-09-19T11:01:51.630Z;Courses de lévriers;OK;5,3;5253
19/09/2026 13:04:28;2026-09-19T11:04:28.466Z;Courses hippiques (PMU);ECHEC;6,1;6133
19/09/2026 13:04:28;2026-09-19T11:04:28.466Z;Courses de lévriers;OK;4,3;4318
19/09/2026 13:13:52;2026-09-19T11:13:52.688Z;Courses hippiques (PMU);OK;4,8;4811
19/09/2026 13:13:52;2026-09-19T11:13:52.688Z;Courses de lévriers;OK;5,9;5853
19/09/2026 13:25:16;2026-09-19T11:25:16.050Z;Courses hippiques (PMU);OK;5,7;5703
19/09/2026 13:25:16;2026-09-19T11:25:16.050Z;Courses de lévriers;OK;4,8;4834
19/09/2026 13:37:16;2026-09-19T11:37:16.797Z;Courses hippiques (PMU);OK;4,9;4949
19/09/2026 13:37:16;2026-09-19T11:37:16.797Z;Courses de lévriers;OK;5,0;5014
19/09/2026 13:49:18;2026-09-19T11:49:18.884Z;Courses hippiques (PMU);OK;5,3;5270
19/09/2026 13:49:18;2026-09-19T11:49:18.884Z;Courses de lévriers;OK;5,8;5766
19/09/2026 14:01:55;2026-09-19T12:01:55.186Z;Courses hippiques (PMU);OK;6,7;6745
19/09/2026 14:01:55;2026-09-19T12:01:55.186Z;Courses de lévriers;OK;6,1;6066
19/09/2026 14:13:27;2026-09-19T12:13:27.506Z;Courses hippiques (PMU);ECHEC;6,1;6097
19/09/2026 14:13:27;2026-09-19T12:13:27.506Z;Courses de lévriers;OK;7,8;7795
19/09/2026 14:25:19;2026-09-19T12:25:19.841Z;Courses hippiques (PMU);OK;5,6;5590
19/09/2026 14:25:19;2026-09-19T12:25:19.841Z;Courses de lévriers;OK;6,0;5989
19/09/2026 14:37:10;2026-09-19T12:37:10.928Z;Courses hippiques (PMU);OK;4,9;4924
19/09/2026 14:37:10;2026-09-19T12:37:10.928Z;Courses de lévriers;OK;3,7;3743
19/09/2026 14:49:24;2026-09-19T12:49:24.213Z;Courses hippiques (PMU);OK;5,5;5502
19/09/2026 14:49:24;2026-09-19T12:49:24.213Z;Courses de lévriers;OK;5,5;5453
19/09/2026 15:02:01;2026-09-19T13:02:01.485Z;Courses hippiques (PMU);OK;6,2;6153
19/09/2026 15:02:01;2026-09-19T13:02:01.485Z;Courses de lévriers;OK;6,0;6006
19/09/2026 15:13:23;2026-09-19T13:13:23.697Z;Courses hippiques (PMU);OK;4,9;4863
19/09/2026 15:13:23;2026-09-19T13:13:23.697Z;Courses de lévriers;OK;4,8;4801
19/09/2026 15:25:27;2026-09-19T13:25:27.808Z;Courses hippiques (PMU);OK;7,4;7377
19/09/2026 15:25:27;2026-09-19T13:25:27.808Z;Courses de lévriers;OK;10,4;10438
19/09/2026 15:37:39;2026-09-19T13:37:39.232Z;Courses hippiques (PMU);OK;7,2;7192
19/09/2026 15:37:39;2026-09-19T13:37:39.232Z;Courses de lévriers;OK;5,9;5885
19/09/2026 15:49:19;2026-09-19T13:49:19.393Z;Courses hippiques (PMU);OK;6,3;6251
19/09/2026 15:49:19;2026-09-19T13:49:19.393Z;Courses de lévriers;OK;5,7;5685
19/09/2026 16:02:07;2026-09-19T14:02:07.783Z;Courses hippiques (PMU);OK;7,3;7313
19/09/2026 16:02:07;2026-09-19T14:02:07.783Z;Courses de lévriers;OK;4,7;4698
19/09/2026 16:13:15;2026-09-19T14:13:15.808Z;Courses hippiques (PMU);OK;5,0;5029
19/09/2026 16:13:15;2026-09-19T14:13:15.808Z;Courses de lévriers;OK;4,5;4548
19/09/2026 16:25:09;2026-09-19T14:25:09.710Z;Courses hippiques (PMU);OK;5,1;5070
19/09/2026 16:25:09;2026-09-19T14:25:09.710Z;Courses de lévriers;OK;4,7;4689
19/09/2026 16:37:16;2026-09-19T14:37:16.223Z;Courses hippiques (PMU);OK;5,4;5401
19/09/2026 16:37:16;2026-09-19T14:37:16.223Z;Courses de lévriers;OK;5,5;5485
19/09/2026 16:49:23;2026-09-19T14:49:23.831Z;Courses hippiques (PMU);OK;8,6;8590
19/09/2026 16:49:23;2026-09-19T14:49:23.831Z;Courses de lévriers;OK;7,2;7197
19/09/2026 17:01:47;2026-09-19T15:01:47.717Z;Courses hippiques (PMU);OK;4,7;4668
19/09/2026 17:01:47;2026-09-19T15:01:47.717Z;Courses de lévriers;OK;5,7;5749
19/09/2026 17:13:20;2026-09-19T15:13:20.832Z;Courses hippiques (PMU);OK;6,0;6018
19/09/2026 17:13:20;2026-09-19T15:13:20.832Z;Courses de lévriers;OK;6,6;6615
19/09/2026 17:25:22;2026-09-19T15:25:22.848Z;Courses hippiques (PMU);OK;5,6;5646
19/09/2026 17:25:22;2026-09-19T15:25:22.848Z;Courses de lévriers;OK;4,9;4889
19/09/2026 17:37:18;2026-09-19T15:37:18.773Z;Courses hippiques (PMU);OK;5,2;5172
19/09/2026 17:37:18;2026-09-19T15:37:18.773Z;Courses de lévriers;OK;5,8;5807
19/09/2026 17:49:24;2026-09-19T15:49:24.113Z;Courses hippiques (PMU);OK;5,7;5703
19/09/2026 17:49:24;2026-09-19T15:49:24.113Z;Courses de lévriers;OK;4,8;4826
19/09/2026 17:55:18;2026-09-19T15:55:18.240Z;Courses hippiques (PMU);OK;7,0;6968
19/09/2026 17:55:18;2026-09-19T15:55:18.240Z;Courses de lévriers;OK;5,1;5059
19/09/2026 18:01:55;2026-09-19T16:01:55.603Z;Courses hippiques (PMU);OK;5,9;5929
19/09/2026 18:01:55;2026-09-19T16:01:55.603Z;Courses de lévriers;OK;5,0;4956
19/09/2026 18:13:18;2026-09-19T16:13:18.774Z;Courses hippiques (PMU);OK;6,8;6778
19/09/2026 18:13:18;2026-09-19T16:13:18.774Z;Courses de lévriers;OK;4,8;4753
19/09/2026 18:25:24;2026-09-19T16:25:24.693Z;Courses hippiques (PMU);OK;5,2;5200
19/09/2026 18:25:24;2026-09-19T16:25:24.693Z;Courses de lévriers;OK;7,3;7331
19/09/2026 18:37:13;2026-09-19T16:37:13.522Z;Courses hippiques (PMU);OK;5,5;5505
19/09/2026 18:37:13;2026-09-19T16:37:13.522Z;Courses de lévriers;OK;4,4;4412
19/09/2026 18:49:21;2026-09-19T16:49:21.481Z;Courses hippiques (PMU);OK;6,2;6156
19/09/2026 18:49:21;2026-09-19T16:49:21.481Z;Courses de lévriers;OK;5,4;5445
19/09/2026 19:02:38;2026-09-19T17:02:38.294Z;Courses hippiques (PMU);OK;6,2;6203
19/09/2026 19:02:38;2026-09-19T17:02:38.294Z;Courses de lévriers;OK;5,6;5611
19/09/2026 19:13:25;2026-09-19T17:13:25.209Z;Courses hippiques (PMU);OK;5,0;4954
19/09/2026 19:13:25;2026-09-19T17:13:25.209Z;Courses de lévriers;OK;4,8;4771
19/09/2026 19:25:15;2026-09-19T17:25:15.269Z;Courses hippiques (PMU);OK;5,9;5904
19/09/2026 19:25:15;2026-09-19T17:25:15.269Z;Courses de lévriers;OK;4,1;4083
19/09/2026 19:37:22;2026-09-19T17:37:22.420Z;Courses hippiques (PMU);OK;5,6;5621
19/09/2026 19:37:22;2026-09-19T17:37:22.420Z;Courses de lévriers;OK;4,2;4237
19/09/2026 19:49:22;2026-09-19T17:49:22.668Z;Courses hippiques (PMU);OK;6,2;6164
19/09/2026 19:49:22;2026-09-19T17:49:22.668Z;Courses de lévriers;OK;5,7;5681
19/09/2026 20:01:57;2026-09-19T18:01:57.922Z;Courses hippiques (PMU);OK;5,6;5593
19/09/2026 20:01:57;2026-09-19T18:01:57.922Z;Courses de lévriers;OK;5,6;5638
19/09/2026 20:13:18;2026-09-19T18:13:18.768Z;Courses hippiques (PMU);OK;4,0;3986
19/09/2026 20:13:18;2026-09-19T18:13:18.768Z;Courses de lévriers;OK;3,4;3446
19/09/2026 20:25:18;2026-09-19T18:25:18.812Z;Courses hippiques (PMU);OK;5,7;5736
19/09/2026 20:25:18;2026-09-19T18:25:18.812Z;Courses de lévriers;OK;4,6;4622
19/09/2026 20:37:15;2026-09-19T18:37:15.632Z;Courses hippiques (PMU);OK;6,0;5996
19/09/2026 20:37:15;2026-09-19T18:37:15.632Z;Courses de lévriers;OK;4,5;4531
19/09/2026 20:49:18;2026-09-19T18:49:18.138Z;Courses hippiques (PMU);OK;5,1;5083
19/09/2026 20:49:18;2026-09-19T18:49:18.138Z;Courses de lévriers;OK;3,5;3452
19/09/2026 21:01:54;2026-09-19T19:01:54.318Z;Courses hippiques (PMU);OK;7,8;7767
19/09/2026 21:01:54;2026-09-19T19:01:54.318Z;Courses de lévriers;OK;5,0;5021
19/09/2026 21:13:14;2026-09-19T19:13:14.130Z;Courses hippiques (PMU);OK;5,2;5236
19/09/2026 21:13:14;2026-09-19T19:13:14.130Z;Courses de lévriers;OK;4,5;4549
19/09/2026 21:25:19;2026-09-19T19:25:19.010Z;Courses hippiques (PMU);OK;6,0;5993
19/09/2026 21:25:19;2026-09-19T19:25:19.010Z;Courses de lévriers;OK;5,2;5212
19/09/2026 21:37:48;2026-09-19T19:37:48.384Z;Courses hippiques (PMU);OK;6,2;6161
19/09/2026 21:37:48;2026-09-19T19:37:48.384Z;Courses de lévriers;OK;3,5;3491
19/09/2026 21:49:16;2026-09-19T19:49:16.443Z;Courses hippiques (PMU);OK;5,6;5578
19/09/2026 21:49:16;2026-09-19T19:49:16.443Z;Courses de lévriers;OK;5,3;5322
19/09/2026 22:01:52;2026-09-19T20:01:52.182Z;Courses hippiques (PMU);OK;6,2;6240
19/09/2026 22:01:52;2026-09-19T20:01:52.182Z;Courses de lévriers;OK;5,7;5743
19/09/2026 22:13:15;2026-09-19T20:13:15.690Z;Courses hippiques (PMU);OK;5,5;5463
19/09/2026 22:13:15;2026-09-19T20:13:15.690Z;Courses de lévriers;OK;4,4;4381
19/09/2026 22:25:13;2026-09-19T20:25:13.775Z;Courses hippiques (PMU);OK;6,2;6167
19/09/2026 22:25:13;2026-09-19T20:25:13.775Z;Courses de lévriers;OK;4,8;4849
19/09/2026 22:37:51;2026-09-19T20:37:51.611Z;Courses hippiques (PMU);OK;5,0;4971
19/09/2026 22:37:51;2026-09-19T20:37:51.611Z;Courses de lévriers;OK;4,7;4693
19/09/2026 22:44:11;2026-09-19T20:44:11.077Z;Courses hippiques (PMU);OK;4,2;4183
19/09/2026 22:44:11;2026-09-19T20:44:11.077Z;Courses de lévriers;OK;5,3;5300
19/09/2026 22:49:23;2026-09-19T20:49:23.866Z;Courses hippiques (PMU);OK;6,3;6313
19/09/2026 22:49:23;2026-09-19T20:49:23.866Z;Courses de lévriers;OK;7,1;7095
19/09/2026 23:01:49;2026-09-19T21:01:49.939Z;Courses hippiques (PMU);OK;6,0;6030
19/09/2026 23:01:49;2026-09-19T21:01:49.939Z;Courses de lévriers;OK;5,2;5227
19/09/2026 23:13:28;2026-09-19T21:13:28.485Z;Courses hippiques (PMU);OK;5,2;5166
19/09/2026 23:13:28;2026-09-19T21:13:28.485Z;Courses de lévriers;OK;5,7;5651
19/09/2026 23:25:27;2026-09-19T21:25:27.960Z;Courses hippiques (PMU);OK;5,4;5425
19/09/2026 23:25:27;2026-09-19T21:25:27.960Z;Courses de lévriers;OK;5,0;5040
19/09/2026 23:37:16;2026-09-19T21:37:16.203Z;Courses hippiques (PMU);OK;5,9;5945
19/09/2026 23:37:16;2026-09-19T21:37:16.203Z;Courses de lévriers;OK;4,3;4312
19/09/2026 23:49:16;2026-09-19T21:49:16.387Z;Courses hippiques (PMU);OK;5,8;5845
19/09/2026 23:49:16;2026-09-19T21:49:16.387Z;Courses de lévriers;OK;5,3;5337
20/09/2026 01:09:47;2026-09-19T23:09:47.046Z;Courses hippiques (PMU);OK;2,2;2180
20/09/2026 01:09:47;2026-09-19T23:09:47.046Z;Courses de lévriers;OK;1,3;1328
20/09/2026 06:57:16;2026-09-20T04:57:16.758Z;Courses hippiques (PMU);OK;3,3;3316
20/09/2026 06:57:16;2026-09-20T04:57:16.758Z;Courses de lévriers;OK;1,6;1602
20/09/2026 08:01:43;2026-09-20T06:01:43.844Z;Courses hippiques (PMU);OK;1,7;1664
20/09/2026 08:01:43;2026-09-20T06:01:43.844Z;Courses de lévriers;OK;1,3;1314
20/09/2026 08:13:10;2026-09-20T06:13:10.330Z;Courses hippiques (PMU);OK;1,9;1874
20/09/2026 08:13:10;2026-09-20T06:13:10.330Z;Courses de lévriers;OK;1,5;1474
20/09/2026 08:25:13;2026-09-20T06:25:13.552Z;Courses hippiques (PMU);OK;2,1;2057
20/09/2026 08:25:13;2026-09-20T06:25:13.552Z;Courses de lévriers;OK;1,5;1548
20/09/2026 08:37:09;2026-09-20T06:37:09.579Z;Courses hippiques (PMU);OK;5,1;5072
20/09/2026 08:37:09;2026-09-20T06:37:09.579Z;Courses de lévriers;OK;3,4;3418
20/09/2026 08:49:24;2026-09-20T06:49:24.817Z;Courses hippiques (PMU);OK;5,7;5706
20/09/2026 08:49:24;2026-09-20T06:49:24.817Z;Courses de lévriers;OK;6,1;6147
20/09/2026 09:01:55;2026-09-20T07:01:55.118Z;Courses hippiques (PMU);OK;5,3;5311
20/09/2026 09:01:55;2026-09-20T07:01:55.118Z;Courses de lévriers;OK;5,1;5123
20/09/2026 09:13:23;2026-09-20T07:13:23.534Z;Courses hippiques (PMU);OK;5,2;5245
20/09/2026 09:13:23;2026-09-20T07:13:23.534Z;Courses de lévriers;OK;4,8;4776
20/09/2026 09:25:27;2026-09-20T07:25:27.610Z;Courses hippiques (PMU);OK;6,1;6097
20/09/2026 09:25:27;2026-09-20T07:25:27.610Z;Courses de lévriers;OK;5,3;5342
20/09/2026 09:37:22;2026-09-20T07:37:22.247Z;Courses hippiques (PMU);OK;5,5;5464
20/09/2026 09:37:22;2026-09-20T07:37:22.247Z;Courses de lévriers;OK;4,7;4661
20/09/2026 09:49:13;2026-09-20T07:49:13.564Z;Courses hippiques (PMU);OK;5,1;5057
20/09/2026 09:49:13;2026-09-20T07:49:13.564Z;Courses de lévriers;OK;4,6;4639
20/09/2026 10:01:53;2026-09-20T08:01:53.193Z;Courses hippiques (PMU);OK;5,3;5260
20/09/2026 10:01:53;2026-09-20T08:01:53.193Z;Courses de lévriers;OK;5,7;5740
20/09/2026 10:13:20;2026-09-20T08:13:20.722Z;Courses hippiques (PMU);ECHEC;6,0;5963
20/09/2026 10:13:20;2026-09-20T08:13:20.722Z;Courses de lévriers;OK;5,2;5193
20/09/2026 10:25:20;2026-09-20T08:25:20.844Z;Courses hippiques (PMU);OK;9,4;9375
20/09/2026 10:25:20;2026-09-20T08:25:20.844Z;Courses de lévriers;OK;6,1;6115
20/09/2026 10:37:34;2026-09-20T08:37:34.909Z;Courses hippiques (PMU);OK;6,2;6246
20/09/2026 10:37:34;2026-09-20T08:37:34.909Z;Courses de lévriers;OK;6,6;6636
20/09/2026 10:49:17;2026-09-20T08:49:17.038Z;Courses hippiques (PMU);OK;6,3;6315
20/09/2026 10:49:17;2026-09-20T08:49:17.038Z;Courses de lévriers;OK;5,4;5397
20/09/2026 11:01:48;2026-09-20T09:01:48.289Z;Courses hippiques (PMU);OK;4,1;4096
20/09/2026 11:01:48;2026-09-20T09:01:48.289Z;Courses de lévriers;OK;3,7;3684
20/09/2026 11:13:23;2026-09-20T09:13:23.818Z;Courses hippiques (PMU);OK;6,5;6493
20/09/2026 11:13:23;2026-09-20T09:13:23.818Z;Courses de lévriers;OK;5,6;5641
20/09/2026 11:25:31;2026-09-20T09:25:31.180Z;Courses hippiques (PMU);OK;6,6;6594
20/09/2026 11:25:31;2026-09-20T09:25:31.180Z;Courses de lévriers;OK;4,8;4769
20/09/2026 11:37:27;2026-09-20T09:37:27.996Z;Courses hippiques (PMU);OK;5,1;5145
20/09/2026 11:37:27;2026-09-20T09:37:27.996Z;Courses de lévriers;OK;5,6;5602
20/09/2026 11:49:17;2026-09-20T09:49:17.878Z;Courses hippiques (PMU);OK;5,3;5300
20/09/2026 11:49:17;2026-09-20T09:49:17.878Z;Courses de lévriers;OK;5,0;5029
20/09/2026 12:01:50;2026-09-20T10:01:50.284Z;Courses hippiques (PMU);OK;7,1;7114
20/09/2026 12:01:50;2026-09-20T10:01:50.284Z;Courses de lévriers;OK;4,7;4733
20/09/2026 12:13:14;2026-09-20T10:13:14.995Z;Courses hippiques (PMU);OK;4,2;4176
20/09/2026 12:13:14;2026-09-20T10:13:14.995Z;Courses de lévriers;OK;3,4;3365
20/09/2026 12:25:20;2026-09-20T10:25:20.365Z;Courses hippiques (PMU);OK;5,7;5684
20/09/2026 12:25:20;2026-09-20T10:25:20.365Z;Courses de lévriers;OK;6,1;6115
20/09/2026 12:37:17;2026-09-20T10:37:17.365Z;Courses hippiques (PMU);OK;4,9;4854
20/09/2026 12:37:17;2026-09-20T10:37:17.365Z;Courses de lévriers;OK;5,0;4975
20/09/2026 12:49:15;2026-09-20T10:49:15.865Z;Courses hippiques (PMU);OK;4,8;4764
20/09/2026 12:49:15;2026-09-20T10:49:15.865Z;Courses de lévriers;OK;4,3;4299
20/09/2026 13:01:56;2026-09-20T11:01:56.391Z;Courses hippiques (PMU);OK;5,1;5073
20/09/2026 13:01:56;2026-09-20T11:01:56.391Z;Courses de lévriers;OK;5,6;5603
20/09/2026 13:13:26;2026-09-20T11:13:26.205Z;Courses hippiques (PMU);OK;5,0;5035
20/09/2026 13:13:26;2026-09-20T11:13:26.205Z;Courses de lévriers;OK;4,5;4504
20/09/2026 13:25:21;2026-09-20T11:25:21.042Z;Courses hippiques (PMU);OK;6,7;6676
20/09/2026 13:25:21;2026-09-20T11:25:21.042Z;Courses de lévriers;OK;5,5;5530
20/09/2026 13:29:16;2026-09-20T11:29:16.873Z;Courses hippiques (PMU);OK;6,2;6174
20/09/2026 13:29:16;2026-09-20T11:29:16.873Z;Courses de lévriers;OK;6,7;6681
20/09/2026 13:37:26;2026-09-20T11:37:26.780Z;Courses hippiques (PMU);OK;4,8;4762
20/09/2026 13:37:26;2026-09-20T11:37:26.780Z;Courses de lévriers;OK;4,7;4747
20/09/2026 13:49:15;2026-09-20T11:49:15.747Z;Courses hippiques (PMU);OK;5,0;5004
20/09/2026 13:49:15;2026-09-20T11:49:15.747Z;Courses de lévriers;OK;4,9;4885
20/09/2026 14:01:50;2026-09-20T12:01:50.347Z;Courses hippiques (PMU);OK;3,3;3346
20/09/2026 14:01:50;2026-09-20T12:01:50.347Z;Courses de lévriers;OK;4,5;4545
20/09/2026 14:13:24;2026-09-20T12:13:24.652Z;Courses hippiques (PMU);OK;5,6;5629
20/09/2026 14:13:24;2026-09-20T12:13:24.652Z;Courses de lévriers;OK;8,4;8356
20/09/2026 14:25:17;2026-09-20T12:25:17.079Z;Courses hippiques (PMU);OK;4,7;4747
20/09/2026 14:25:17;2026-09-20T12:25:17.079Z;Courses de lévriers;OK;4,8;4832
20/09/2026 14:37:21;2026-09-20T12:37:21.400Z;Courses hippiques (PMU);OK;5,9;5894
20/09/2026 14:37:21;2026-09-20T12:37:21.400Z;Courses de lévriers;OK;6,3;6296
20/09/2026 14:49:31;2026-09-20T12:49:31.644Z;Courses hippiques (PMU);OK;6,9;6881
20/09/2026 14:49:31;2026-09-20T12:49:31.644Z;Courses de lévriers;OK;6,1;6094
20/09/2026 15:01:48;2026-09-20T13:01:48.270Z;Courses hippiques (PMU);OK;5,1;5101
20/09/2026 15:01:48;2026-09-20T13:01:48.270Z;Courses de lévriers;OK;4,6;4614
20/09/2026 15:13:22;2026-09-20T13:13:22.502Z;Courses hippiques (PMU);OK;5,4;5359
20/09/2026 15:13:22;2026-09-20T13:13:22.502Z;Courses de lévriers;OK;5,4;5440
20/09/2026 15:25:22;2026-09-20T13:25:22.331Z;Courses hippiques (PMU);OK;5,5;5480
20/09/2026 15:25:22;2026-09-20T13:25:22.331Z;Courses de lévriers;OK;6,3;6279
20/09/2026 15:37:19;2026-09-20T13:37:19.575Z;Courses hippiques (PMU);OK;5,1;5110
20/09/2026 15:37:19;2026-09-20T13:37:19.575Z;Courses de lévriers;OK;7,1;7085
20/09/2026 15:49:26;2026-09-20T13:49:26.134Z;Courses hippiques (PMU);OK;5,7;5737
20/09/2026 15:49:26;2026-09-20T13:49:26.134Z;Courses de lévriers;OK;5,7;5682
20/09/2026 16:01:58;2026-09-20T14:01:58.649Z;Courses hippiques (PMU);OK;5,6;5561
20/09/2026 16:01:58;2026-09-20T14:01:58.649Z;Courses de lévriers;OK;5,5;5537
20/09/2026 16:13:19;2026-09-20T14:13:19.900Z;Courses hippiques (PMU);ECHEC;3,6;3611
20/09/2026 16:13:19;2026-09-20T14:13:19.900Z;Courses de lévriers;OK;7,8;7751
20/09/2026 16:25:20;2026-09-20T14:25:20.891Z;Courses hippiques (PMU);OK;5,5;5461
20/09/2026 16:25:20;2026-09-20T14:25:20.891Z;Courses de lévriers;OK;6,1;6111
20/09/2026 16:37:16;2026-09-20T14:37:16.042Z;Courses hippiques (PMU);OK;5,0;4975
20/09/2026 16:37:16;2026-09-20T14:37:16.042Z;Courses de lévriers;OK;4,5;4506
20/09/2026 16:49:15;2026-09-20T14:49:15.777Z;Courses hippiques (PMU);OK;4,8;4800
20/09/2026 16:49:15;2026-09-20T14:49:15.777Z;Courses de lévriers;OK;4,9;4862
20/09/2026 17:02:00;2026-09-20T15:02:00.368Z;Courses hippiques (PMU);OK;7,7;7714
20/09/2026 17:02:00;2026-09-20T15:02:00.368Z;Courses de lévriers;OK;7,4;7362
20/09/2026 17:13:16;2026-09-20T15:13:16.900Z;Courses hippiques (PMU);OK;6,0;5982
20/09/2026 17:13:16;2026-09-20T15:13:16.900Z;Courses de lévriers;OK;4,6;4595
20/09/2026 17:25:16;2026-09-20T15:25:16.122Z;Courses hippiques (PMU);OK;4,9;4860
20/09/2026 17:25:16;2026-09-20T15:25:16.122Z;Courses de lévriers;OK;4,4;4448
20/09/2026 17:37:40;2026-09-20T15:37:40.448Z;Courses hippiques (PMU);OK;5,3;5266
20/09/2026 17:37:40;2026-09-20T15:37:40.448Z;Courses de lévriers;OK;5,5;5536
20/09/2026 17:49:15;2026-09-20T15:49:15.476Z;Courses hippiques (PMU);OK;5,0;4974
20/09/2026 17:49:15;2026-09-20T15:49:15.476Z;Courses de lévriers;OK;4,7;4728
20/09/2026 18:02:01;2026-09-20T16:02:01.751Z;Courses hippiques (PMU);ECHEC;5,0;5013
20/09/2026 18:02:01;2026-09-20T16:02:01.751Z;Courses de lévriers;OK;6,7;6657
20/09/2026 18:11:12;2026-09-20T16:11:12.692Z;Courses hippiques (PMU);OK;5,3;5348
20/09/2026 18:11:12;2026-09-20T16:11:12.692Z;Courses de lévriers;OK;3,6;3559
20/09/2026 18:13:31;2026-09-20T16:13:31.803Z;Courses hippiques (PMU);OK;7,8;7806
20/09/2026 18:13:31;2026-09-20T16:13:31.803Z;Courses de lévriers;OK;8,3;8343
20/09/2026 18:25:28;2026-09-20T16:25:28.165Z;Courses hippiques (PMU);OK;5,5;5466
20/09/2026 18:25:28;2026-09-20T16:25:28.165Z;Courses de lévriers;OK;6,0;5999
20/09/2026 18:37:22;2026-09-20T16:37:22.761Z;Courses hippiques (PMU);OK;5,5;5523
20/09/2026 18:37:22;2026-09-20T16:37:22.761Z;Courses de lévriers;OK;5,8;5790
20/09/2026 18:49:18;2026-09-20T16:49:18.184Z;Courses hippiques (PMU);OK;5,8;5843
20/09/2026 18:49:18;2026-09-20T16:49:18.184Z;Courses de lévriers;OK;7,5;7457
20/09/2026 19:01:54;2026-09-20T17:01:54.120Z;Courses hippiques (PMU);OK;7,5;7467
20/09/2026 19:01:54;2026-09-20T17:01:54.120Z;Courses de lévriers;OK;6,0;5976
20/09/2026 19:13:26;2026-09-20T17:13:26.093Z;Courses hippiques (PMU);OK;5,5;5533
20/09/2026 19:13:26;2026-09-20T17:13:26.093Z;Courses de lévriers;OK;5,9;5900
20/09/2026 19:25:13;2026-09-20T17:25:13.338Z;Courses hippiques (PMU);OK;3,5;3518
20/09/2026 19:25:13;2026-09-20T17:25:13.338Z;Courses de lévriers;OK;3,9;3860
20/09/2026 19:37:28;2026-09-20T17:37:28.979Z;Courses hippiques (PMU);OK;5,5;5513
20/09/2026 19:37:28;2026-09-20T17:37:28.979Z;Courses de lévriers;OK;5,4;5427
20/09/2026 19:49:17;2026-09-20T17:49:17.349Z;Courses hippiques (PMU);OK;5,0;4974
20/09/2026 19:49:17;2026-09-20T17:49:17.349Z;Courses de lévriers;OK;5,5;5536
20/09/2026 20:01:57;2026-09-20T18:01:57.130Z;Courses hippiques (PMU);OK;4,9;4915
20/09/2026 20:01:57;2026-09-20T18:01:57.130Z;Courses de lévriers;OK;5,9;5857
20/09/2026 20:13:21;2026-09-20T18:13:21.423Z;Courses hippiques (PMU);OK;6,1;6139
20/09/2026 20:13:21;2026-09-20T18:13:21.423Z;Courses de lévriers;OK;7,1;7086
20/09/2026 20:25:17;2026-09-20T18:25:17.592Z;Courses hippiques (PMU);OK;4,9;4902
20/09/2026 20:25:17;2026-09-20T18:25:17.592Z;Courses de lévriers;OK;5,5;5466
20/09/2026 20:37:27;2026-09-20T18:37:27.879Z;Courses hippiques (PMU);OK;4,2;4207
20/09/2026 20:37:27;2026-09-20T18:37:27.879Z;Courses de lévriers;OK;5,4;5390
20/09/2026 20:49:17;2026-09-20T18:49:17.103Z;Courses hippiques (PMU);OK;5,0;5039
20/09/2026 20:49:17;2026-09-20T18:49:17.103Z;Courses de lévriers;OK;4,7;4743
20/09/2026 21:01:44;2026-09-20T19:01:44.628Z;Courses hippiques (PMU);OK;4,9;4904
20/09/2026 21:01:44;2026-09-20T19:01:44.628Z;Courses de lévriers;OK;5,6;5552
20/09/2026 21:13:20;2026-09-20T19:13:20.633Z;Courses hippiques (PMU);OK;5,6;5625
20/09/2026 21:13:20;2026-09-20T19:13:20.633Z;Courses de lévriers;OK;6,0;6014
20/09/2026 21:25:19;2026-09-20T19:25:19.639Z;Courses hippiques (PMU);OK;5,5;5523
20/09/2026 21:25:19;2026-09-20T19:25:19.639Z;Courses de lévriers;OK;6,3;6303
20/09/2026 21:37:20;2026-09-20T19:37:20.943Z;Courses hippiques (PMU);OK;5,6;5552
20/09/2026 21:37:20;2026-09-20T19:37:20.943Z;Courses de lévriers;OK;5,6;5639
20/09/2026 21:49:16;2026-09-20T19:49:16.972Z;Courses hippiques (PMU);OK;4,8;4830
20/09/2026 21:49:16;2026-09-20T19:49:16.972Z;Courses de lévriers;OK;5,4;5434
20/09/2026 22:01:49;2026-09-20T20:01:49.106Z;Courses hippiques (PMU);OK;5,2;5249
20/09/2026 22:01:49;2026-09-20T20:01:49.106Z;Courses de lévriers;OK;5,6;5591
20/09/2026 22:13:16;2026-09-20T20:13:16.885Z;Courses hippiques (PMU);OK;5,1;5143
20/09/2026 22:13:16;2026-09-20T20:13:16.885Z;Courses de lévriers;OK;5,1;5126
20/09/2026 22:25:16;2026-09-20T20:25:16.599Z;Courses hippiques (PMU);OK;6,0;6044
20/09/2026 22:25:16;2026-09-20T20:25:16.599Z;Courses de lévriers;OK;5,4;5352
20/09/2026 22:37:33;2026-09-20T20:37:33.749Z;Courses hippiques (PMU);OK;5,2;5205
20/09/2026 22:37:33;2026-09-20T20:37:33.749Z;Courses de lévriers;OK;5,6;5579
20/09/2026 22:49:26;2026-09-20T20:49:26.556Z;Courses hippiques (PMU);OK;4,9;4937
20/09/2026 22:49:26;2026-09-20T20:49:26.556Z;Courses de lévriers;OK;5,7;5696
20/09/2026 22:52:17;2026-09-20T20:52:17.708Z;Courses hippiques (PMU);OK;5,4;5374
20/09/2026 22:52:17;2026-09-20T20:52:17.708Z;Courses de lévriers;OK;5,9;5902
20/09/2026 23:01:47;2026-09-20T21:01:47.864Z;Courses hippiques (PMU);OK;5,4;5418
20/09/2026 23:01:47;2026-09-20T21:01:47.864Z;Courses de lévriers;OK;5,9;5870
20/09/2026 23:13:20;2026-09-20T21:13:20.686Z;Courses hippiques (PMU);OK;5,3;5336
20/09/2026 23:13:20;2026-09-20T21:13:20.686Z;Courses de lévriers;OK;5,6;5572
20/09/2026 23:25:17;2026-09-20T21:25:17.838Z;Courses hippiques (PMU);OK;5,3;5270
20/09/2026 23:25:17;2026-09-20T21:25:17.838Z;Courses de lévriers;OK;4,6;4606
20/09/2026 23:37:17;2026-09-20T21:37:17.368Z;Courses hippiques (PMU);OK;5,3;5255
20/09/2026 23:37:17;2026-09-20T21:37:17.368Z;Courses de lévriers;OK;4,6;4557
20/09/2026 23:49:22;2026-09-20T21:49:22.253Z;Courses hippiques (PMU);OK;5,0;5047
20/09/2026 23:49:22;2026-09-20T21:49:22.253Z;Courses de lévriers;OK;5,6;5616
21/09/2026 01:16:25;2026-09-20T23:16:25.855Z;Courses hippiques (PMU);OK;2,2;2222
21/09/2026 01:16:25;2026-09-20T23:16:25.855Z;Courses de lévriers;OK;1,7;1721
21/09/2026 07:00:38;2026-09-21T05:00:38.693Z;Courses hippiques (PMU);OK;1,9;1851
21/09/2026 07:00:38;2026-09-21T05:00:38.693Z;Courses de lévriers;OK;1,7;1673
21/09/2026 08:01:47;2026-09-21T06:01:47.873Z;Courses hippiques (PMU);OK;3,4;3395
21/09/2026 08:01:47;2026-09-21T06:01:47.873Z;Courses de lévriers;OK;1,8;1781
21/09/2026 08:13:12;2026-09-21T06:13:12.000Z;Courses hippiques (PMU);OK;2,0;2000
21/09/2026 08:13:12;2026-09-21T06:13:12.000Z;Courses de lévriers;OK;2,2;2223
21/09/2026 08:25:18;2026-09-21T06:25:18.437Z;Courses hippiques (PMU);OK;2,2;2225
21/09/2026 08:25:18;2026-09-21T06:25:18.437Z;Courses de lévriers;OK;1,5;1502
21/09/2026 08:37:25;2026-09-21T06:37:25.840Z;Courses hippiques (PMU);OK;5,2;5156
21/09/2026 08:37:25;2026-09-21T06:37:25.840Z;Courses de lévriers;OK;6,5;6498
21/09/2026 08:49:19;2026-09-21T06:49:19.923Z;Courses hippiques (PMU);OK;5,0;4974
21/09/2026 08:49:19;2026-09-21T06:49:19.923Z;Courses de lévriers;OK;5,7;5730
21/09/2026 09:02:02;2026-09-21T07:02:02.512Z;Courses hippiques (PMU);OK;5,1;5106
21/09/2026 09:02:02;2026-09-21T07:02:02.512Z;Courses de lévriers;OK;5,3;5284
21/09/2026 09:13:15;2026-09-21T07:13:15.730Z;Courses hippiques (PMU);OK;4,0;4020
21/09/2026 09:13:15;2026-09-21T07:13:15.730Z;Courses de lévriers;OK;4,7;4720
21/09/2026 09:25:15;2026-09-21T07:25:15.340Z;Courses hippiques (PMU);OK;5,3;5321
21/09/2026 09:25:15;2026-09-21T07:25:15.340Z;Courses de lévriers;OK;3,6;3607
21/09/2026 09:37:31;2026-09-21T07:37:31.987Z;Courses hippiques (PMU);OK;5,0;5038
21/09/2026 09:37:31;2026-09-21T07:37:31.987Z;Courses de lévriers;OK;4,3;4335
21/09/2026 09:49:10;2026-09-21T07:49:10.112Z;Courses hippiques (PMU);OK;5,4;5387
21/09/2026 09:49:10;2026-09-21T07:49:10.112Z;Courses de lévriers;OK;4,0;4020
21/09/2026 10:01:54;2026-09-21T08:01:54.661Z;Courses hippiques (PMU);ECHEC;5,4;5443
21/09/2026 10:01:54;2026-09-21T08:01:54.661Z;Courses de lévriers;OK;5,4;5354
21/09/2026 10:13:23;2026-09-21T08:13:23.132Z;Courses hippiques (PMU);OK;5,1;5124
21/09/2026 10:13:23;2026-09-21T08:13:23.132Z;Courses de lévriers;OK;8,8;8814
21/09/2026 10:25:19;2026-09-21T08:25:19.192Z;Courses hippiques (PMU);OK;5,9;5854
21/09/2026 10:25:19;2026-09-21T08:25:19.192Z;Courses de lévriers;OK;6,0;6039
21/09/2026 10:37:20;2026-09-21T08:37:20.271Z;Courses hippiques (PMU);OK;5,1;5145
21/09/2026 10:37:20;2026-09-21T08:37:20.271Z;Courses de lévriers;OK;6,3;6291
21/09/2026 10:49:18;2026-09-21T08:49:18.829Z;Courses hippiques (PMU);OK;5,5;5452
21/09/2026 10:49:18;2026-09-21T08:49:18.829Z;Courses de lévriers;OK;6,0;6023
21/09/2026 11:01:49;2026-09-21T09:01:49.405Z;Courses hippiques (PMU);OK;5,0;4997
21/09/2026 11:01:49;2026-09-21T09:01:49.405Z;Courses de lévriers;OK;6,7;6704
21/09/2026 11:13:25;2026-09-21T09:13:25.290Z;Courses hippiques (PMU);OK;4,0;3998
21/09/2026 11:13:25;2026-09-21T09:13:25.290Z;Courses de lévriers;OK;4,8;4815
21/09/2026 11:25:16;2026-09-21T09:25:16.219Z;Courses hippiques (PMU);OK;4,2;4218
21/09/2026 11:25:16;2026-09-21T09:25:16.219Z;Courses de lévriers;OK;5,4;5357
21/09/2026 11:37:17;2026-09-21T09:37:17.572Z;Courses hippiques (PMU);ECHEC;3,9;3883
21/09/2026 11:37:17;2026-09-21T09:37:17.572Z;Courses de lévriers;OK;5,9;5857
21/09/2026 11:49:18;2026-09-21T09:49:18.073Z;Courses hippiques (PMU);OK;4,8;4835
21/09/2026 11:49:18;2026-09-21T09:49:18.073Z;Courses de lévriers;OK;5,4;5371
21/09/2026 12:02:03;2026-09-21T10:02:03.551Z;Courses hippiques (PMU);OK;4,7;4656
21/09/2026 12:02:03;2026-09-21T10:02:03.551Z;Courses de lévriers;OK;5,5;5544
21/09/2026 12:13:23;2026-09-21T10:13:23.294Z;Courses hippiques (PMU);OK;4,9;4876
21/09/2026 12:13:23;2026-09-21T10:13:23.294Z;Courses de lévriers;OK;5,5;5485
21/09/2026 12:25:16;2026-09-21T10:25:16.722Z;Courses hippiques (PMU);OK;4,4;4436
21/09/2026 12:25:16;2026-09-21T10:25:16.722Z;Courses de lévriers;OK;5,6;5630
21/09/2026 12:37:26;2026-09-21T10:37:26.348Z;Courses hippiques (PMU);OK;5,3;5321
21/09/2026 12:37:26;2026-09-21T10:37:26.348Z;Courses de lévriers;OK;3,4;3387
21/09/2026 12:49:20;2026-09-21T10:49:20.157Z;Courses hippiques (PMU);OK;3,3;3340
21/09/2026 12:49:20;2026-09-21T10:49:20.157Z;Courses de lévriers;OK;4,8;4828
21/09/2026 13:01:57;2026-09-21T11:01:57.883Z;Courses hippiques (PMU);OK;4,8;4801
21/09/2026 13:01:57;2026-09-21T11:01:57.883Z;Courses de lévriers;OK;6,7;6712
21/09/2026 13:13:18;2026-09-21T11:13:18.417Z;Courses hippiques (PMU);OK;4,0;4033
21/09/2026 13:13:18;2026-09-21T11:13:18.417Z;Courses de lévriers;OK;4,5;4506
21/09/2026 13:25:21;2026-09-21T11:25:21.254Z;Courses hippiques (PMU);OK;5,6;5578
21/09/2026 13:25:21;2026-09-21T11:25:21.254Z;Courses de lévriers;OK;7,2;7163
21/09/2026 13:37:22;2026-09-21T11:37:22.947Z;Courses hippiques (PMU);OK;10,1;10091
21/09/2026 13:37:22;2026-09-21T11:37:22.947Z;Courses de lévriers;OK;5,4;5432
21/09/2026 13:49:23;2026-09-21T11:49:23.314Z;Courses hippiques (PMU);OK;6,5;6501
21/09/2026 13:49:23;2026-09-21T11:49:23.314Z;Courses de lévriers;OK;6,2;6238
21/09/2026 14:01:55;2026-09-21T12:01:55.425Z;Courses hippiques (PMU);OK;4,9;4891
21/09/2026 14:01:55;2026-09-21T12:01:55.425Z;Courses de lévriers;OK;10,6;10614
21/09/2026 14:13:20;2026-09-21T12:13:20.102Z;Courses hippiques (PMU);OK;6,1;6055
21/09/2026 14:13:20;2026-09-21T12:13:20.102Z;Courses de lévriers;OK;5,3;5306
21/09/2026 14:25:22;2026-09-21T12:25:22.446Z;Courses hippiques (PMU);OK;5,5;5496
21/09/2026 14:25:22;2026-09-21T12:25:22.446Z;Courses de lévriers;OK;5,6;5610
21/09/2026 14:37:26;2026-09-21T12:37:26.121Z;Courses hippiques (PMU);ECHEC;4,3;4320
21/09/2026 14:37:26;2026-09-21T12:37:26.121Z;Courses de lévriers;OK;7,1;7124
21/09/2026 14:49:19;2026-09-21T12:49:19.815Z;Courses hippiques (PMU);OK;4,3;4279
21/09/2026 14:49:19;2026-09-21T12:49:19.815Z;Courses de lévriers;OK;5,7;5675
21/09/2026 14:53:47;2026-09-21T12:53:47.085Z;Courses hippiques (PMU);OK;4,1;4138
21/09/2026 14:53:47;2026-09-21T12:53:47.085Z;Courses de lévriers;OK;3,5;3540
21/09/2026 15:01:59;2026-09-21T13:01:59.501Z;Courses hippiques (PMU);ECHEC;4,6;4563
21/09/2026 15:01:59;2026-09-21T13:01:59.501Z;Courses de lévriers;OK;5,3;5329
21/09/2026 15:13:19;2026-09-21T13:13:19.354Z;Courses hippiques (PMU);OK;6,0;5958
21/09/2026 15:13:19;2026-09-21T13:13:19.354Z;Courses de lévriers;OK;6,1;6126
21/09/2026 15:25:16;2026-09-21T13:25:16.680Z;Courses hippiques (PMU);OK;5,0;4979
21/09/2026 15:25:16;2026-09-21T13:25:16.680Z;Courses de lévriers;OK;5,3;5318
21/09/2026 15:37:24;2026-09-21T13:37:24.742Z;Courses hippiques (PMU);OK;5,4;5366
21/09/2026 15:37:24;2026-09-21T13:37:24.742Z;Courses de lévriers;OK;6,8;6756
21/09/2026 15:49:20;2026-09-21T13:49:20.608Z;Courses hippiques (PMU);OK;4,4;4413
21/09/2026 15:49:20;2026-09-21T13:49:20.608Z;Courses de lévriers;OK;6,0;5957
21/09/2026 16:01:59;2026-09-21T14:01:59.591Z;Courses hippiques (PMU);OK;6,6;6605
21/09/2026 16:01:59;2026-09-21T14:01:59.591Z;Courses de lévriers;OK;5,9;5864
21/09/2026 16:13:28;2026-09-21T14:13:28.214Z;Courses hippiques (PMU);OK;5,1;5084
21/09/2026 16:13:28;2026-09-21T14:13:28.214Z;Courses de lévriers;OK;5,7;5671
21/09/2026 16:25:35;2026-09-21T14:25:35.324Z;Courses hippiques (PMU);OK;6,2;6194
21/09/2026 16:25:35;2026-09-21T14:25:35.324Z;Courses de lévriers;OK;7,3;7300
21/09/2026 16:37:31;2026-09-21T14:37:31.456Z;Courses hippiques (PMU);OK;4,7;4680
21/09/2026 16:37:31;2026-09-21T14:37:31.456Z;Courses de lévriers;OK;6,1;6072
21/09/2026 16:49:19;2026-09-21T14:49:19.478Z;Courses hippiques (PMU);OK;5,9;5896
21/09/2026 16:49:19;2026-09-21T14:49:19.478Z;Courses de lévriers;OK;5,9;5865
21/09/2026 17:01:55;2026-09-21T15:01:55.506Z;Courses hippiques (PMU);OK;4,1;4144
21/09/2026 17:01:55;2026-09-21T15:01:55.506Z;Courses de lévriers;OK;6,3;6269
21/09/2026 17:13:29;2026-09-21T15:13:29.276Z;Courses hippiques (PMU);OK;8,0;7966
21/09/2026 17:13:29;2026-09-21T15:13:29.276Z;Courses de lévriers;OK;6,6;6552
21/09/2026 17:25:18;2026-09-21T15:25:18.871Z;Courses hippiques (PMU);ECHEC;4,4;4374
21/09/2026 17:25:18;2026-09-21T15:25:18.871Z;Courses de lévriers;OK;5,8;5814
21/09/2026 17:37:26;2026-09-21T15:37:26.210Z;Courses hippiques (PMU);ECHEC;5,2;5175
21/09/2026 17:37:26;2026-09-21T15:37:26.210Z;Courses de lévriers;OK;8,5;8534
21/09/2026 17:49:20;2026-09-21T15:49:20.055Z;Courses hippiques (PMU);OK;5,1;5083
21/09/2026 17:49:20;2026-09-21T15:49:20.055Z;Courses de lévriers;OK;5,8;5839
21/09/2026 18:02:05;2026-09-21T16:02:05.211Z;Courses hippiques (PMU);OK;7,0;7037
21/09/2026 18:02:05;2026-09-21T16:02:05.211Z;Courses de lévriers;OK;5,8;5813
21/09/2026 18:13:23;2026-09-21T16:13:23.979Z;Courses hippiques (PMU);OK;4,0;4021
21/09/2026 18:13:23;2026-09-21T16:13:23.979Z;Courses de lévriers;OK;6,8;6840
21/09/2026 18:25:17;2026-09-21T16:25:17.644Z;Courses hippiques (PMU);OK;4,8;4831
21/09/2026 18:25:17;2026-09-21T16:25:17.644Z;Courses de lévriers;OK;5,7;5742
21/09/2026 18:37:19;2026-09-21T16:37:19.931Z;Courses hippiques (PMU);OK;4,9;4930
21/09/2026 18:37:19;2026-09-21T16:37:19.931Z;Courses de lévriers;OK;7,2;7241
21/09/2026 18:49:36;2026-09-21T16:49:36.101Z;Courses hippiques (PMU);ECHEC;4,5;4501
21/09/2026 18:49:36;2026-09-21T16:49:36.101Z;Courses de lévriers;OK;6,3;6264
21/09/2026 19:02:01;2026-09-21T17:02:01.022Z;Courses hippiques (PMU);OK;6,7;6664
21/09/2026 19:02:01;2026-09-21T17:02:01.022Z;Courses de lévriers;OK;5,8;5758
21/09/2026 19:13:23;2026-09-21T17:13:23.509Z;Courses hippiques (PMU);OK;6,8;6789
21/09/2026 19:13:23;2026-09-21T17:13:23.509Z;Courses de lévriers;OK;6,0;5969
21/09/2026 19:25:22;2026-09-21T17:25:22.659Z;Courses hippiques (PMU);ECHEC;4,9;4925
21/09/2026 19:25:22;2026-09-21T17:25:22.659Z;Courses de lévriers;OK;7,7;7723
21/09/2026 19:37:22;2026-09-21T17:37:22.594Z;Courses hippiques (PMU);OK;4,7;4719
21/09/2026 19:37:22;2026-09-21T17:37:22.594Z;Courses de lévriers;OK;7,0;7047
21/09/2026 19:49:32;2026-09-21T17:49:32.101Z;Courses hippiques (PMU);OK;5,5;5504
21/09/2026 19:49:32;2026-09-21T17:49:32.101Z;Courses de lévriers;OK;6,5;6544
21/09/2026 20:01:59;2026-09-21T18:01:59.319Z;Courses hippiques (PMU);OK;6,3;6324
21/09/2026 20:01:59;2026-09-21T18:01:59.319Z;Courses de lévriers;OK;5,8;5819
21/09/2026 20:13:21;2026-09-21T18:13:21.027Z;Courses hippiques (PMU);OK;6,4;6431
21/09/2026 20:13:21;2026-09-21T18:13:21.027Z;Courses de lévriers;OK;6,1;6144
21/09/2026 20:25:18;2026-09-21T18:25:18.415Z;Courses hippiques (PMU);OK;5,6;5597
21/09/2026 20:25:18;2026-09-21T18:25:18.415Z;Courses de lévriers;OK;6,2;6211
21/09/2026 20:37:23;2026-09-21T18:37:23.906Z;Courses hippiques (PMU);OK;8,5;8484
21/09/2026 20:37:23;2026-09-21T18:37:23.906Z;Courses de lévriers;OK;6,2;6158
21/09/2026 20:49:26;2026-09-21T18:49:26.066Z;Courses hippiques (PMU);OK;5,9;5853
21/09/2026 20:49:26;2026-09-21T18:49:26.066Z;Courses de lévriers;OK;6,4;6400
21/09/2026 21:02:06;2026-09-21T19:02:06.345Z;Courses hippiques (PMU);OK;5,3;5287
21/09/2026 21:02:06;2026-09-21T19:02:06.345Z;Courses de lévriers;OK;5,9;5915
21/09/2026 21:13:17;2026-09-21T19:13:17.422Z;Courses hippiques (PMU);OK;4,4;4417
21/09/2026 21:13:17;2026-09-21T19:13:17.422Z;Courses de lévriers;OK;5,5;5456
21/09/2026 21:25:19;2026-09-21T19:25:19.712Z;Courses hippiques (PMU);OK;4,6;4560
21/09/2026 21:25:19;2026-09-21T19:25:19.712Z;Courses de lévriers;OK;6,1;6107
21/09/2026 21:37:17;2026-09-21T19:37:17.949Z;Courses hippiques (PMU);OK;5,0;4957
21/09/2026 21:37:17;2026-09-21T19:37:17.949Z;Courses de lévriers;OK;5,3;5324
21/09/2026 21:49:20;2026-09-21T19:49:20.136Z;Courses hippiques (PMU);OK;5,0;5041
21/09/2026 21:49:20;2026-09-21T19:49:20.136Z;Courses de lévriers;OK;5,3;5268
21/09/2026 22:00:18;2026-09-21T20:00:18.599Z;Courses hippiques (PMU);OK;4,8;4770
21/09/2026 22:00:18;2026-09-21T20:00:18.599Z;Courses de lévriers;OK;5,8;5790
21/09/2026 22:02:52;2026-09-21T20:02:52.613Z;Courses hippiques (PMU);OK;5,9;5895
21/09/2026 22:02:52;2026-09-21T20:02:52.613Z;Courses de lévriers;OK;6,7;6666
21/09/2026 22:13:22;2026-09-21T20:13:22.434Z;Courses hippiques (PMU);OK;5,2;5160
21/09/2026 22:13:22;2026-09-21T20:13:22.434Z;Courses de lévriers;OK;6,2;6213
21/09/2026 22:25:21;2026-09-21T20:25:21.735Z;Courses hippiques (PMU);OK;5,0;5005
21/09/2026 22:25:21;2026-09-21T20:25:21.735Z;Courses de lévriers;OK;6,7;6726
21/09/2026 22:37:30;2026-09-21T20:37:30.508Z;Courses hippiques (PMU);OK;6,4;6422
21/09/2026 22:37:30;2026-09-21T20:37:30.508Z;Courses de lévriers;OK;5,1;5113
21/09/2026 22:49:32;2026-09-21T20:49:32.674Z;Courses hippiques (PMU);OK;6,4;6426
21/09/2026 22:49:32;2026-09-21T20:49:32.674Z;Courses de lévriers;OK;5,4;5428
21/09/2026 23:02:00;2026-09-21T21:02:00.612Z;Courses hippiques (PMU);OK;4,8;4845
21/09/2026 23:02:00;2026-09-21T21:02:00.612Z;Courses de lévriers;OK;6,2;6169
21/09/2026 23:13:24;2026-09-21T21:13:24.595Z;Courses hippiques (PMU);OK;4,2;4234
21/09/2026 23:13:24;2026-09-21T21:13:24.595Z;Courses de lévriers;OK;5,4;5402
21/09/2026 23:25:38;2026-09-21T21:25:38.120Z;Courses hippiques (PMU);OK;5,6;5616
21/09/2026 23:25:38;2026-09-21T21:25:38.120Z;Courses de lévriers;OK;6,1;6086
21/09/2026 23:37:18;2026-09-21T21:37:18.436Z;Courses hippiques (PMU);OK;6,5;6532
21/09/2026 23:37:18;2026-09-21T21:37:18.436Z;Courses de lévriers;OK;5,4;5364
21/09/2026 23:49:20;2026-09-21T21:49:20.224Z;Courses hippiques (PMU);OK;4,9;4910
21/09/2026 23:49:20;2026-09-21T21:49:20.224Z;Courses de lévriers;OK;5,7;5671
22/09/2026 02:09:22;2026-09-22T00:09:22.016Z;Courses hippiques (PMU);OK;2,3;2302
22/09/2026 02:09:22;2026-09-22T00:09:22.016Z;Courses de lévriers;OK;2,7;2712
22/09/2026 07:01:31;2026-09-22T05:01:31.792Z;Courses hippiques (PMU);OK;2,0;2013
22/09/2026 07:01:31;2026-09-22T05:01:31.792Z;Courses de lévriers;OK;1,6;1632
22/09/2026 08:01:46;2026-09-22T06:01:46.932Z;Courses hippiques (PMU);OK;2,1;2098
22/09/2026 08:01:46;2026-09-22T06:01:46.932Z;Courses de lévriers;OK;1,4;1424
22/09/2026 08:13:16;2026-09-22T06:13:16.472Z;Courses hippiques (PMU);OK;2,1;2088
22/09/2026 08:13:16;2026-09-22T06:13:16.472Z;Courses de lévriers;OK;2,0;2023
22/09/2026 08:25:13;2026-09-22T06:25:13.954Z;Courses hippiques (PMU);OK;1,8;1824
22/09/2026 08:25:13;2026-09-22T06:25:13.954Z;Courses de lévriers;OK;1,6;1575
22/09/2026 08:37:30;2026-09-22T06:37:30.728Z;Courses hippiques (PMU);OK;5,6;5617
22/09/2026 08:37:30;2026-09-22T06:37:30.728Z;Courses de lévriers;OK;5,1;5054
22/09/2026 08:49:32;2026-09-22T06:49:32.821Z;Courses hippiques (PMU);OK;4,6;4595
22/09/2026 08:49:32;2026-09-22T06:49:32.821Z;Courses de lévriers;OK;4,0;4027
22/09/2026 09:01:52;2026-09-22T07:01:52.456Z;Courses hippiques (PMU);OK;6,0;6043
22/09/2026 09:01:52;2026-09-22T07:01:52.456Z;Courses de lévriers;OK;5,4;5352
22/09/2026 09:13:21;2026-09-22T07:13:21.679Z;Courses hippiques (PMU);ECHEC;5,2;5156
22/09/2026 09:13:21;2026-09-22T07:13:21.679Z;Courses de lévriers;OK;4,3;4276
22/09/2026 09:25:16;2026-09-22T07:25:16.260Z;Courses hippiques (PMU);OK;4,6;4645
22/09/2026 09:25:16;2026-09-22T07:25:16.260Z;Courses de lévriers;OK;4,8;4778
22/09/2026 09:37:20;2026-09-22T07:37:20.940Z;Courses hippiques (PMU);ECHEC;5,2;5238
22/09/2026 09:37:20;2026-09-22T07:37:20.940Z;Courses de lévriers;OK;5,8;5778
22/09/2026 09:49:19;2026-09-22T07:49:19.134Z;Courses hippiques (PMU);OK;5,7;5656
22/09/2026 09:49:19;2026-09-22T07:49:19.134Z;Courses de lévriers;OK;6,6;6595
22/09/2026 10:01:56;2026-09-22T08:01:56.011Z;Courses hippiques (PMU);OK;6,6;6569
22/09/2026 10:01:56;2026-09-22T08:01:56.011Z;Courses de lévriers;OK;5,5;5461
22/09/2026 10:13:21;2026-09-22T08:13:21.390Z;Courses hippiques (PMU);OK;5,1;5119
22/09/2026 10:13:21;2026-09-22T08:13:21.390Z;Courses de lévriers;OK;6,0;5955
22/09/2026 10:25:19;2026-09-22T08:25:19.714Z;Courses hippiques (PMU);OK;4,2;4230
22/09/2026 10:25:19;2026-09-22T08:25:19.714Z;Courses de lévriers;OK;5,1;5106
22/09/2026 10:37:17;2026-09-22T08:37:17.785Z;Courses hippiques (PMU);OK;6,0;5965
22/09/2026 10:37:17;2026-09-22T08:37:17.785Z;Courses de lévriers;OK;4,3;4321
22/09/2026 10:49:36;2026-09-22T08:49:36.136Z;Courses hippiques (PMU);OK;6,3;6262
22/09/2026 10:49:36;2026-09-22T08:49:36.136Z;Courses de lévriers;OK;5,6;5632
22/09/2026 11:01:48;2026-09-22T09:01:48.061Z;Courses hippiques (PMU);OK;5,3;5301
22/09/2026 11:01:48;2026-09-22T09:01:48.061Z;Courses de lévriers;OK;4,3;4326
22/09/2026 11:13:18;2026-09-22T09:13:18.271Z;Courses hippiques (PMU);OK;4,7;4743
22/09/2026 11:13:18;2026-09-22T09:13:18.271Z;Courses de lévriers;OK;4,7;4717
22/09/2026 11:25:27;2026-09-22T09:25:27.205Z;Courses hippiques (PMU);OK;6,0;6018
22/09/2026 11:25:27;2026-09-22T09:25:27.205Z;Courses de lévriers;OK;5,3;5257
22/09/2026 11:37:32;2026-09-22T09:37:32.504Z;Courses hippiques (PMU);OK;6,3;6290
22/09/2026 11:37:32;2026-09-22T09:37:32.504Z;Courses de lévriers;OK;5,5;5496
22/09/2026 11:49:27;2026-09-22T09:49:27.497Z;Courses hippiques (PMU);ECHEC;5,3;5318
22/09/2026 11:49:27;2026-09-22T09:49:27.497Z;Courses de lévriers;OK;12,8;12797
22/09/2026 12:02:17;2026-09-22T10:02:17.014Z;Courses hippiques (PMU);OK;5,9;5855
22/09/2026 12:02:17;2026-09-22T10:02:17.014Z;Courses de lévriers;OK;5,7;5715
22/09/2026 12:13:20;2026-09-22T10:13:20.581Z;Courses hippiques (PMU);OK;5,1;5135
22/09/2026 12:13:20;2026-09-22T10:13:20.581Z;Courses de lévriers;OK;5,6;5598
22/09/2026 12:25:19;2026-09-22T10:25:19.846Z;Courses hippiques (PMU);OK;5,3;5319
22/09/2026 12:25:19;2026-09-22T10:25:19.846Z;Courses de lévriers;OK;6,0;6017
22/09/2026 12:37:33;2026-09-22T10:37:33.612Z;Courses hippiques (PMU);OK;5,9;5872
22/09/2026 12:37:33;2026-09-22T10:37:33.612Z;Courses de lévriers;OK;4,8;4768
22/09/2026 12:49:34;2026-09-22T10:49:34.401Z;Courses hippiques (PMU);OK;5,8;5754
22/09/2026 12:49:34;2026-09-22T10:49:34.401Z;Courses de lévriers;OK;4,7;4703
22/09/2026 13:02:17;2026-09-22T11:02:17.067Z;Courses hippiques (PMU);OK;5,0;5030
22/09/2026 13:02:17;2026-09-22T11:02:17.067Z;Courses de lévriers;OK;3,9;3900
22/09/2026 13:13:16;2026-09-22T11:13:16.403Z;Courses hippiques (PMU);OK;5,3;5298
22/09/2026 13:13:16;2026-09-22T11:13:16.403Z;Courses de lévriers;OK;4,9;4913
22/09/2026 13:25:20;2026-09-22T11:25:20.275Z;Courses hippiques (PMU);OK;5,2;5207
22/09/2026 13:25:20;2026-09-22T11:25:20.275Z;Courses de lévriers;OK;4,3;4313
22/09/2026 13:37:25;2026-09-22T11:37:25.911Z;Courses hippiques (PMU);OK;5,6;5607
22/09/2026 13:37:25;2026-09-22T11:37:25.911Z;Courses de lévriers;OK;7,3;7264
22/09/2026 13:43:30;2026-09-22T11:43:30.854Z;Courses hippiques (PMU);OK;4,4;4352
22/09/2026 13:43:30;2026-09-22T11:43:30.854Z;Courses de lévriers;OK;3,9;3869
22/09/2026 13:49:22;2026-09-22T11:49:22.318Z;Courses hippiques (PMU);OK;4,4;4430
22/09/2026 13:49:22;2026-09-22T11:49:22.318Z;Courses de lévriers;OK;4,4;4392
22/09/2026 14:02:12;2026-09-22T12:02:12.633Z;Courses hippiques (PMU);OK;5,2;5221
22/09/2026 14:02:12;2026-09-22T12:02:12.633Z;Courses de lévriers;OK;6,4;6365
22/09/2026 14:14:08;2026-09-22T12:14:08.431Z;Courses hippiques (PMU);ECHEC;6,9;6938
22/09/2026 14:14:08;2026-09-22T12:14:08.431Z;Courses de lévriers;OK;5,8;5769
22/09/2026 14:25:13;2026-09-22T12:25:13.281Z;Courses hippiques (PMU);OK;5,4;5398
22/09/2026 14:25:13;2026-09-22T12:25:13.281Z;Courses de lévriers;OK;6,9;6906
22/09/2026 14:37:18;2026-09-22T12:37:18.934Z;Courses hippiques (PMU);ECHEC;5,0;4974
22/09/2026 14:37:18;2026-09-22T12:37:18.934Z;Courses de lévriers;OK;5,9;5943
22/09/2026 14:49:19;2026-09-22T12:49:19.551Z;Courses hippiques (PMU);OK;5,0;5012
22/09/2026 14:49:19;2026-09-22T12:49:19.551Z;Courses de lévriers;OK;4,9;4914
22/09/2026 15:02:00;2026-09-22T13:02:00.418Z;Courses hippiques (PMU);OK;5,6;5571
22/09/2026 15:02:00;2026-09-22T13:02:00.418Z;Courses de lévriers;OK;6,9;6933
22/09/2026 15:13:24;2026-09-22T13:13:24.573Z;Courses hippiques (PMU);OK;5,1;5071
22/09/2026 15:13:24;2026-09-22T13:13:24.573Z;Courses de lévriers;OK;5,0;5016
22/09/2026 15:25:21;2026-09-22T13:25:21.195Z;Courses hippiques (PMU);OK;5,5;5462
22/09/2026 15:25:21;2026-09-22T13:25:21.195Z;Courses de lévriers;OK;5,2;5160
22/09/2026 15:37:26;2026-09-22T13:37:26.791Z;Courses hippiques (PMU);OK;5,9;5885
22/09/2026 15:37:26;2026-09-22T13:37:26.791Z;Courses de lévriers;OK;7,2;7171
22/09/2026 15:49:23;2026-09-22T13:49:23.689Z;Courses hippiques (PMU);OK;6,3;6303
22/09/2026 15:49:23;2026-09-22T13:49:23.689Z;Courses de lévriers;OK;5,7;5735
22/09/2026 16:01:54;2026-09-22T14:01:54.297Z;Courses hippiques (PMU);OK;5,0;5045
22/09/2026 16:01:54;2026-09-22T14:01:54.297Z;Courses de lévriers;OK;5,5;5505
22/09/2026 16:13:36;2026-09-22T14:13:36.906Z;Courses hippiques (PMU);OK;4,3;4284
22/09/2026 16:13:36;2026-09-22T14:13:36.906Z;Courses de lévriers;OK;6,9;6869
22/09/2026 16:25:23;2026-09-22T14:25:23.916Z;Courses hippiques (PMU);OK;5,9;5877
22/09/2026 16:25:23;2026-09-22T14:25:23.916Z;Courses de lévriers;OK;5,5;5521
22/09/2026 16:37:30;2026-09-22T14:37:30.005Z;Courses hippiques (PMU);OK;5,5;5485
22/09/2026 16:37:30;2026-09-22T14:37:30.005Z;Courses de lévriers;OK;7,1;7081
22/09/2026 16:49:26;2026-09-22T14:49:26.497Z;Courses hippiques (PMU);ECHEC;5,3;5340
22/09/2026 16:49:26;2026-09-22T14:49:26.497Z;Courses de lévriers;OK;7,7;7706
22/09/2026 17:02:05;2026-09-22T15:02:05.641Z;Courses hippiques (PMU);OK;8,5;8511
22/09/2026 17:02:05;2026-09-22T15:02:05.641Z;Courses de lévriers;OK;6,1;6100
22/09/2026 17:13:56;2026-09-22T15:13:56.836Z;Courses hippiques (PMU);OK;4,8;4849
22/09/2026 17:13:56;2026-09-22T15:13:56.836Z;Courses de lévriers;OK;4,4;4447
22/09/2026 17:25:32;2026-09-22T15:25:32.980Z;Courses hippiques (PMU);OK;6,0;5952
22/09/2026 17:25:32;2026-09-22T15:25:32.980Z;Courses de lévriers;OK;5,2;5171
22/09/2026 17:37:29;2026-09-22T15:37:29.791Z;Courses hippiques (PMU);OK;5,0;5015
22/09/2026 17:37:29;2026-09-22T15:37:29.791Z;Courses de lévriers;OK;6,9;6922
22/09/2026 17:49:20;2026-09-22T15:49:20.432Z;Courses hippiques (PMU);OK;5,2;5208
22/09/2026 17:49:20;2026-09-22T15:49:20.432Z;Courses de lévriers;OK;4,7;4746
22/09/2026 18:02:07;2026-09-22T16:02:07.066Z;Courses hippiques (PMU);OK;5,6;5579
22/09/2026 18:02:07;2026-09-22T16:02:07.066Z;Courses de lévriers;OK;6,0;5951
22/09/2026 18:13:21;2026-09-22T16:13:21.777Z;Courses hippiques (PMU);OK;5,9;5869
22/09/2026 18:13:21;2026-09-22T16:13:21.777Z;Courses de lévriers;OK;5,0;5017
22/09/2026 18:25:24;2026-09-22T16:25:24.033Z;Courses hippiques (PMU);OK;5,6;5558
22/09/2026 18:25:24;2026-09-22T16:25:24.033Z;Courses de lévriers;OK;6,4;6352
22/09/2026 18:37:18;2026-09-22T16:37:18.367Z;Courses hippiques (PMU);OK;4,6;4635
22/09/2026 18:37:18;2026-09-22T16:37:18.367Z;Courses de lévriers;OK;4,7;4715
22/09/2026 18:49:53;2026-09-22T16:49:53.969Z;Courses hippiques (PMU);ECHEC;30,0;30001
22/09/2026 18:49:53;2026-09-22T16:49:53.969Z;Courses de lévriers;OK;4,8;4838
22/09/2026 19:00:13;2026-09-22T17:00:13.768Z;Courses hippiques (PMU);OK;5,0;4962
22/09/2026 19:00:13;2026-09-22T17:00:13.768Z;Courses de lévriers;OK;5,4;5391
22/09/2026 19:01:58;2026-09-22T17:01:58.330Z;Courses hippiques (PMU);OK;5,2;5184
22/09/2026 19:01:58;2026-09-22T17:01:58.330Z;Courses de lévriers;OK;5,6;5554
22/09/2026 19:13:31;2026-09-22T17:13:31.159Z;Courses hippiques (PMU);OK;5,1;5134
22/09/2026 19:13:31;2026-09-22T17:13:31.159Z;Courses de lévriers;OK;4,5;4481
22/09/2026 19:25:23;2026-09-22T17:25:23.597Z;Courses hippiques (PMU);OK;5,1;5055
22/09/2026 19:25:23;2026-09-22T17:25:23.597Z;Courses de lévriers;OK;4,6;4611
22/09/2026 19:37:49;2026-09-22T17:37:49.156Z;Courses hippiques (PMU);OK;6,8;6762
22/09/2026 19:37:49;2026-09-22T17:37:49.156Z;Courses de lévriers;OK;5,7;5693
22/09/2026 19:49:26;2026-09-22T17:49:26.934Z;Courses hippiques (PMU);OK;4,2;4241
22/09/2026 19:49:26;2026-09-22T17:49:26.934Z;Courses de lévriers;OK;4,7;4718
22/09/2026 20:01:54;2026-09-22T18:01:54.839Z;Courses hippiques (PMU);OK;5,0;4986
22/09/2026 20:01:54;2026-09-22T18:01:54.839Z;Courses de lévriers;OK;5,0;4960
22/09/2026 20:13:17;2026-09-22T18:13:17.986Z;Courses hippiques (PMU);OK;4,9;4945
22/09/2026 20:13:17;2026-09-22T18:13:17.986Z;Courses de lévriers;OK;4,8;4777
22/09/2026 20:25:25;2026-09-22T18:25:25.145Z;Courses hippiques (PMU);OK;5,6;5552
22/09/2026 20:25:25;2026-09-22T18:25:25.145Z;Courses de lévriers;OK;5,4;5372
22/09/2026 20:37:15;2026-09-22T18:37:15.999Z;Courses hippiques (PMU);ECHEC;4,1;4117
22/09/2026 20:37:15;2026-09-22T18:37:15.999Z;Courses de lévriers;OK;5,0;5047
22/09/2026 20:49:17;2026-09-22T18:49:17.294Z;Courses hippiques (PMU);OK;6,0;6048
22/09/2026 20:49:17;2026-09-22T18:49:17.294Z;Courses de lévriers;OK;5,1;5117
22/09/2026 21:01:54;2026-09-22T19:01:54.388Z;Courses hippiques (PMU);OK;4,8;4844
22/09/2026 21:01:54;2026-09-22T19:01:54.388Z;Courses de lévriers;OK;4,8;4771
22/09/2026 21:13:31;2026-09-22T19:13:31.722Z;Courses hippiques (PMU);OK;5,4;5444
22/09/2026 21:13:31;2026-09-22T19:13:31.722Z;Courses de lévriers;OK;6,0;5993
22/09/2026 21:25:17;2026-09-22T19:25:17.122Z;Courses hippiques (PMU);OK;4,1;4136
22/09/2026 21:25:17;2026-09-22T19:25:17.122Z;Courses de lévriers;OK;4,4;4436
22/09/2026 21:37:28;2026-09-22T19:37:28.972Z;Courses hippiques (PMU);OK;4,9;4894
22/09/2026 21:37:28;2026-09-22T19:37:28.972Z;Courses de lévriers;OK;5,4;5417
22/09/2026 21:49:26;2026-09-22T19:49:26.238Z;Courses hippiques (PMU);OK;6,0;6021
22/09/2026 21:49:26;2026-09-22T19:49:26.238Z;Courses de lévriers;OK;4,7;4706
22/09/2026 22:01:57;2026-09-22T20:01:57.464Z;Courses hippiques (PMU);OK;5,8;5786
22/09/2026 22:01:57;2026-09-22T20:01:57.464Z;Courses de lévriers;OK;5,8;5763
22/09/2026 22:13:23;2026-09-22T20:13:23.021Z;Courses hippiques (PMU);OK;6,0;5994
22/09/2026 22:13:23;2026-09-22T20:13:23.021Z;Courses de lévriers;OK;4,6;4589
22/09/2026 22:25:16;2026-09-22T20:25:16.562Z;Courses hippiques (PMU);OK;5,0;5046
22/09/2026 22:25:16;2026-09-22T20:25:16.562Z;Courses de lévriers;OK;5,9;5888
22/09/2026 22:37:22;2026-09-22T20:37:22.721Z;Courses hippiques (PMU);OK;5,4;5355
22/09/2026 22:37:22;2026-09-22T20:37:22.721Z;Courses de lévriers;OK;6,9;6861
22/09/2026 22:49:18;2026-09-22T20:49:18.222Z;Courses hippiques (PMU);OK;5,3;5278
22/09/2026 22:49:18;2026-09-22T20:49:18.222Z;Courses de lévriers;OK;5,5;5481
22/09/2026 23:02:06;2026-09-22T21:02:06.756Z;Courses hippiques (PMU);OK;5,1;5069
22/09/2026 23:02:06;2026-09-22T21:02:06.756Z;Courses de lévriers;OK;5,8;5818
22/09/2026 23:13:25;2026-09-22T21:13:25.395Z;Courses hippiques (PMU);OK;5,9;5884
22/09/2026 23:13:25;2026-09-22T21:13:25.395Z;Courses de lévriers;OK;5,8;5829
22/09/2026 23:22:30;2026-09-22T21:22:30.348Z;Courses hippiques (PMU);OK;5,5;5522
22/09/2026 23:22:30;2026-09-22T21:22:30.348Z;Courses de lévriers;OK;4,7;4711
22/09/2026 23:25:18;2026-09-22T21:25:18.522Z;Courses hippiques (PMU);OK;5,2;5249
22/09/2026 23:25:18;2026-09-22T21:25:18.522Z;Courses de lévriers;OK;5,4;5358
22/09/2026 23:37:17;2026-09-22T21:37:17.105Z;Courses hippiques (PMU);OK;5,1;5092
22/09/2026 23:37:17;2026-09-22T21:37:17.105Z;Courses de lévriers;OK;5,6;5637
22/09/2026 23:49:22;2026-09-22T21:49:22.697Z;Courses hippiques (PMU);OK;6,4;6383
22/09/2026 23:49:22;2026-09-22T21:49:22.697Z;Courses de lévriers;OK;6,1;6073
23/09/2026 06:48:55;2026-09-23T04:48:55.648Z;Courses hippiques (PMU);OK;3,7;3739
23/09/2026 06:48:55;2026-09-23T04:48:55.648Z;Courses de lévriers;OK;3,4;3395
23/09/2026 08:02:15;2026-09-23T06:02:15.815Z;Courses hippiques (PMU);OK;2,4;2351
23/09/2026 08:02:15;2026-09-23T06:02:15.815Z;Courses de lévriers;OK;1,5;1537
23/09/2026 08:13:27;2026-09-23T06:13:27.014Z;Courses hippiques (PMU);OK;2,4;2410
23/09/2026 08:13:27;2026-09-23T06:13:27.014Z;Courses de lévriers;OK;1,6;1632
23/09/2026 08:25:23;2026-09-23T06:25:23.841Z;Courses hippiques (PMU);OK;3,1;3081
23/09/2026 08:25:23;2026-09-23T06:25:23.841Z;Courses de lévriers;OK;2,1;2077
23/09/2026 08:37:27;2026-09-23T06:37:27.720Z;Courses hippiques (PMU);OK;4,9;4888
23/09/2026 08:37:27;2026-09-23T06:37:27.720Z;Courses de lévriers;OK;7,3;7336
23/09/2026 08:49:18;2026-09-23T06:49:18.822Z;Courses hippiques (PMU);OK;3,5;3534
23/09/2026 08:49:18;2026-09-23T06:49:18.822Z;Courses de lévriers;OK;3,6;3605
23/09/2026 09:01:59;2026-09-23T07:01:59.610Z;Courses hippiques (PMU);OK;5,3;5345
23/09/2026 09:01:59;2026-09-23T07:01:59.610Z;Courses de lévriers;OK;5,4;5362
23/09/2026 09:13:25;2026-09-23T07:13:25.645Z;Courses hippiques (PMU);OK;5,1;5066
23/09/2026 09:13:25;2026-09-23T07:13:25.645Z;Courses de lévriers;OK;3,4;3407
23/09/2026 09:25:15;2026-09-23T07:25:15.593Z;Courses hippiques (PMU);OK;3,4;3427
23/09/2026 09:25:15;2026-09-23T07:25:15.593Z;Courses de lévriers;OK;5,6;5584
23/09/2026 09:37:16;2026-09-23T07:37:16.668Z;Courses hippiques (PMU);OK;3,9;3909
23/09/2026 09:37:16;2026-09-23T07:37:16.668Z;Courses de lévriers;OK;3,8;3791
23/09/2026 09:49:18;2026-09-23T07:49:18.837Z;Courses hippiques (PMU);OK;5,1;5111
23/09/2026 09:49:18;2026-09-23T07:49:18.837Z;Courses de lévriers;OK;4,7;4719
23/09/2026 10:01:49;2026-09-23T08:01:49.999Z;Courses hippiques (PMU);ECHEC;3,6;3608
23/09/2026 10:01:49;2026-09-23T08:01:49.999Z;Courses de lévriers;OK;4,1;4087
23/09/2026 10:13:15;2026-09-23T08:13:15.734Z;Courses hippiques (PMU);ECHEC;3,3;3299
23/09/2026 10:13:15;2026-09-23T08:13:15.734Z;Courses de lévriers;OK;3,3;3336
23/09/2026 10:25:24;2026-09-23T08:25:24.466Z;Courses hippiques (PMU);OK;9,6;9611
23/09/2026 10:25:24;2026-09-23T08:25:24.466Z;Courses de lévriers;OK;5,9;5942
23/09/2026 10:37:14;2026-09-23T08:37:14.515Z;Courses hippiques (PMU);OK;5,0;4979
23/09/2026 10:37:14;2026-09-23T08:37:14.515Z;Courses de lévriers;OK;4,4;4409
23/09/2026 10:49:18;2026-09-23T08:49:18.631Z;Courses hippiques (PMU);OK;5,2;5156
23/09/2026 10:49:18;2026-09-23T08:49:18.631Z;Courses de lévriers;OK;5,5;5502
23/09/2026 11:01:53;2026-09-23T09:01:53.295Z;Courses hippiques (PMU);OK;5,6;5559
23/09/2026 11:01:53;2026-09-23T09:01:53.295Z;Courses de lévriers;OK;5,5;5469
23/09/2026 11:13:18;2026-09-23T09:13:18.881Z;Courses hippiques (PMU);OK;5,0;5021
23/09/2026 11:13:18;2026-09-23T09:13:18.881Z;Courses de lévriers;OK;4,7;4722
23/09/2026 11:25:21;2026-09-23T09:25:21.645Z;Courses hippiques (PMU);OK;3,6;3569
23/09/2026 11:25:21;2026-09-23T09:25:21.645Z;Courses de lévriers;OK;3,5;3520
23/09/2026 11:37:20;2026-09-23T09:37:20.318Z;Courses hippiques (PMU);OK;6,5;6480
23/09/2026 11:37:20;2026-09-23T09:37:20.318Z;Courses de lévriers;OK;5,6;5579
23/09/2026 11:49:25;2026-09-23T09:49:25.492Z;Courses hippiques (PMU);OK;6,5;6464
23/09/2026 11:49:25;2026-09-23T09:49:25.492Z;Courses de lévriers;OK;5,7;5735
23/09/2026 12:01:57;2026-09-23T10:01:57.612Z;Courses hippiques (PMU);OK;5,2;5184
23/09/2026 12:01:57;2026-09-23T10:01:57.612Z;Courses de lévriers;OK;5,8;5753
23/09/2026 12:13:18;2026-09-23T10:13:18.584Z;Courses hippiques (PMU);ECHEC;5,1;5053
23/09/2026 12:13:18;2026-09-23T10:13:18.584Z;Courses de lévriers;OK;5,7;5727
23/09/2026 12:25:22;2026-09-23T10:25:22.776Z;Courses hippiques (PMU);OK;5,2;5222
23/09/2026 12:25:22;2026-09-23T10:25:22.776Z;Courses de lévriers;OK;6,9;6859
23/09/2026 12:37:26;2026-09-23T10:37:26.809Z;Courses hippiques (PMU);OK;8,3;8340
23/09/2026 12:37:26;2026-09-23T10:37:26.809Z;Courses de lévriers;OK;5,9;5868
23/09/2026 12:49:16;2026-09-23T10:49:16.924Z;Courses hippiques (PMU);OK;5,5;5492
23/09/2026 12:49:16;2026-09-23T10:49:16.924Z;Courses de lévriers;OK;4,6;4638
23/09/2026 13:01:59;2026-09-23T11:01:59.858Z;Courses hippiques (PMU);OK;5,4;5410
23/09/2026 13:01:59;2026-09-23T11:01:59.858Z;Courses de lévriers;OK;5,7;5664
23/09/2026 13:13:09;2026-09-23T11:13:09.835Z;Courses hippiques (PMU);OK;4,6;4612
23/09/2026 13:13:09;2026-09-23T11:13:09.835Z;Courses de lévriers;OK;3,2;3236
23/09/2026 13:25:20;2026-09-23T11:25:20.731Z;Courses hippiques (PMU);OK;5,3;5320
23/09/2026 13:25:20;2026-09-23T11:25:20.731Z;Courses de lévriers;OK;4,7;4677
23/09/2026 13:37:32;2026-09-23T11:37:32.273Z;Courses hippiques (PMU);OK;5,3;5278
23/09/2026 13:37:32;2026-09-23T11:37:32.273Z;Courses de lévriers;OK;5,6;5630
23/09/2026 13:42:34;2026-09-23T11:42:34.610Z;Courses hippiques (PMU);OK;5,0;4956
23/09/2026 13:42:34;2026-09-23T11:42:34.610Z;Courses de lévriers;OK;7,0;6963
23/09/2026 13:49:19;2026-09-23T11:49:19.828Z;Courses hippiques (PMU);OK;5,1;5079
23/09/2026 13:49:19;2026-09-23T11:49:19.828Z;Courses de lévriers;OK;4,9;4864
23/09/2026 14:01:56;2026-09-23T12:01:56.846Z;Courses hippiques (PMU);OK;5,3;5287
23/09/2026 14:01:56;2026-09-23T12:01:56.846Z;Courses de lévriers;OK;7,8;7822
23/09/2026 14:13:23;2026-09-23T12:13:23.946Z;Courses hippiques (PMU);OK;6,1;6052
23/09/2026 14:13:23;2026-09-23T12:13:23.946Z;Courses de lévriers;OK;6,9;6937
23/09/2026 14:25:17;2026-09-23T12:25:17.052Z;Courses hippiques (PMU);OK;4,5;4542
23/09/2026 14:25:17;2026-09-23T12:25:17.052Z;Courses de lévriers;OK;6,6;6628
23/09/2026 14:37:31;2026-09-23T12:37:31.364Z;Courses hippiques (PMU);OK;5,0;5049
23/09/2026 14:37:31;2026-09-23T12:37:31.364Z;Courses de lévriers;OK;6,1;6071
23/09/2026 14:49:47;2026-09-23T12:49:47.575Z;Courses hippiques (PMU);OK;5,5;5537
23/09/2026 14:49:47;2026-09-23T12:49:47.575Z;Courses de lévriers;OK;8,1;8089
23/09/2026 15:02:02;2026-09-23T13:02:02.407Z;Courses hippiques (PMU);OK;9,6;9590
23/09/2026 15:02:02;2026-09-23T13:02:02.407Z;Courses de lévriers;OK;6,1;6055
23/09/2026 15:13:25;2026-09-23T13:13:25.578Z;Courses hippiques (PMU);OK;4,7;4715
23/09/2026 15:13:25;2026-09-23T13:13:25.578Z;Courses de lévriers;OK;4,2;4231
23/09/2026 15:25:27;2026-09-23T13:25:27.129Z;Courses hippiques (PMU);OK;6,4;6441
23/09/2026 15:25:27;2026-09-23T13:25:27.129Z;Courses de lévriers;OK;6,3;6275
23/09/2026 15:37:31;2026-09-23T13:37:31.089Z;Courses hippiques (PMU);OK;5,7;5746
23/09/2026 15:37:31;2026-09-23T13:37:31.089Z;Courses de lévriers;OK;6,2;6206
23/09/2026 15:49:41;2026-09-23T13:49:41.458Z;Courses hippiques (PMU);OK;6,5;6509
23/09/2026 15:49:41;2026-09-23T13:49:41.458Z;Courses de lévriers;OK;6,7;6658
23/09/2026 16:02:03;2026-09-23T14:02:03.137Z;Courses hippiques (PMU);OK;6,5;6543
23/09/2026 16:02:03;2026-09-23T14:02:03.137Z;Courses de lévriers;OK;6,2;6179
23/09/2026 16:13:25;2026-09-23T14:13:25.734Z;Courses hippiques (PMU);OK;5,8;5770
23/09/2026 16:13:25;2026-09-23T14:13:25.734Z;Courses de lévriers;OK;6,3;6315
23/09/2026 16:25:17;2026-09-23T14:25:17.475Z;Courses hippiques (PMU);OK;5,0;5000
23/09/2026 16:25:17;2026-09-23T14:25:17.475Z;Courses de lévriers;OK;5,1;5089
23/09/2026 16:37:39;2026-09-23T14:37:39.776Z;Courses hippiques (PMU);OK;5,9;5904
23/09/2026 16:37:39;2026-09-23T14:37:39.776Z;Courses de lévriers;OK;7,3;7299
23/09/2026 16:49:30;2026-09-23T14:49:30.261Z;Courses hippiques (PMU);OK;6,1;6092
23/09/2026 16:49:30;2026-09-23T14:49:30.261Z;Courses de lévriers;OK;6,9;6890
23/09/2026 17:01:59;2026-09-23T15:01:59.759Z;Courses hippiques (PMU);ECHEC;4,9;4864
23/09/2026 17:01:59;2026-09-23T15:01:59.759Z;Courses de lévriers;OK;6,3;6260
23/09/2026 17:13:27;2026-09-23T15:13:27.248Z;Courses hippiques (PMU);OK;6,9;6915
23/09/2026 17:13:27;2026-09-23T15:13:27.248Z;Courses de lévriers;OK;5,6;5556
23/09/2026 17:26:03;2026-09-23T15:26:03.298Z;Courses hippiques (PMU);OK;5,1;5055
23/09/2026 17:26:03;2026-09-23T15:26:03.298Z;Courses de lévriers;OK;7,0;7032
23/09/2026 17:37:18;2026-09-23T15:37:18.586Z;Courses hippiques (PMU);OK;5,9;5948
23/09/2026 17:37:18;2026-09-23T15:37:18.586Z;Courses de lévriers;OK;6,7;6717
23/09/2026 17:49:23;2026-09-23T15:49:23.497Z;Courses hippiques (PMU);OK;5,5;5523
23/09/2026 17:49:23;2026-09-23T15:49:23.497Z;Courses de lévriers;OK;5,9;5922
23/09/2026 18:01:54;2026-09-23T16:01:54.201Z;Courses hippiques (PMU);ECHEC;4,8;4806
23/09/2026 18:01:54;2026-09-23T16:01:54.201Z;Courses de lévriers;OK;6,1;6057
23/09/2026 18:13:23;2026-09-23T16:13:23.014Z;Courses hippiques (PMU);ECHEC;5,1;5139
23/09/2026 18:13:23;2026-09-23T16:13:23.014Z;Courses de lévriers;OK;6,8;6841
23/09/2026 18:25:43;2026-09-23T16:25:43.935Z;Courses hippiques (PMU);OK;6,0;6030
23/09/2026 18:25:43;2026-09-23T16:25:43.935Z;Courses de lévriers;OK;8,5;8509
23/09/2026 18:37:18;2026-09-23T16:37:18.632Z;Courses hippiques (PMU);OK;5,9;5860
23/09/2026 18:37:18;2026-09-23T16:37:18.632Z;Courses de lévriers;OK;5,8;5806
23/09/2026 18:49:17;2026-09-23T16:49:17.033Z;Courses hippiques (PMU);OK;5,3;5350
23/09/2026 18:49:17;2026-09-23T16:49:17.033Z;Courses de lévriers;OK;4,0;3997
23/09/2026 19:02:06;2026-09-23T17:02:06.665Z;Courses hippiques (PMU);OK;5,9;5892
23/09/2026 19:02:06;2026-09-23T17:02:06.665Z;Courses de lévriers;OK;7,4;7363
23/09/2026 19:05:53;2026-09-23T17:05:53.638Z;Courses hippiques (PMU);OK;5,4;5399
23/09/2026 19:05:53;2026-09-23T17:05:53.638Z;Courses de lévriers;OK;6,1;6110
23/09/2026 19:13:22;2026-09-23T17:13:22.369Z;Courses hippiques (PMU);OK;5,4;5437
23/09/2026 19:13:22;2026-09-23T17:13:22.369Z;Courses de lévriers;OK;6,0;6007
23/09/2026 19:25:34;2026-09-23T17:25:34.009Z;Courses hippiques (PMU);OK;6,1;6111
23/09/2026 19:25:34;2026-09-23T17:25:34.009Z;Courses de lévriers;OK;5,7;5683
23/09/2026 19:37:22;2026-09-23T17:37:22.405Z;Courses hippiques (PMU);OK;6,0;5954
23/09/2026 19:37:22;2026-09-23T17:37:22.405Z;Courses de lévriers;OK;6,1;6146
23/09/2026 19:49:25;2026-09-23T17:49:25.078Z;Courses hippiques (PMU);OK;5,7;5656
23/09/2026 19:49:25;2026-09-23T17:49:25.078Z;Courses de lévriers;OK;6,9;6947
23/09/2026 20:01:55;2026-09-23T18:01:55.764Z;Courses hippiques (PMU);OK;5,2;5205
23/09/2026 20:01:55;2026-09-23T18:01:55.764Z;Courses de lévriers;OK;5,9;5872
23/09/2026 20:13:26;2026-09-23T18:13:26.613Z;Courses hippiques (PMU);OK;7,8;7758
23/09/2026 20:13:26;2026-09-23T18:13:26.613Z;Courses de lévriers;OK;6,1;6074
23/09/2026 20:25:25;2026-09-23T18:25:25.214Z;Courses hippiques (PMU);OK;5,4;5418
23/09/2026 20:25:25;2026-09-23T18:25:25.214Z;Courses de lévriers;OK;5,8;5768
23/09/2026 20:37:29;2026-09-23T18:37:29.181Z;Courses hippiques (PMU);OK;4,9;4884
23/09/2026 20:37:29;2026-09-23T18:37:29.181Z;Courses de lévriers;OK;6,7;6724
23/09/2026 20:49:27;2026-09-23T18:49:27.401Z;Courses hippiques (PMU);OK;5,6;5565
23/09/2026 20:49:27;2026-09-23T18:49:27.401Z;Courses de lévriers;OK;7,0;6977
23/09/2026 21:02:04;2026-09-23T19:02:04.817Z;Courses hippiques (PMU);OK;5,5;5453
23/09/2026 21:02:04;2026-09-23T19:02:04.817Z;Courses de lévriers;OK;6,7;6737
23/09/2026 21:13:40;2026-09-23T19:13:40.751Z;Courses hippiques (PMU);OK;7,1;7067
23/09/2026 21:13:40;2026-09-23T19:13:40.751Z;Courses de lévriers;OK;6,3;6285
23/09/2026 21:25:28;2026-09-23T19:25:28.506Z;Courses hippiques (PMU);OK;6,2;6209
23/09/2026 21:25:28;2026-09-23T19:25:28.506Z;Courses de lévriers;OK;5,9;5855
23/09/2026 21:37:24;2026-09-23T19:37:24.142Z;Courses hippiques (PMU);OK;7,0;6950
23/09/2026 21:37:24;2026-09-23T19:37:24.142Z;Courses de lévriers;OK;4,9;4912
23/09/2026 21:49:19;2026-09-23T19:49:19.211Z;Courses hippiques (PMU);OK;4,5;4450
23/09/2026 21:49:19;2026-09-23T19:49:19.211Z;Courses de lévriers;OK;5,4;5355
23/09/2026 22:02:05;2026-09-23T20:02:05.213Z;Courses hippiques (PMU);OK;7,1;7088
23/09/2026 22:02:05;2026-09-23T20:02:05.213Z;Courses de lévriers;OK;5,7;5695
23/09/2026 22:13:20;2026-09-23T20:13:20.657Z;Courses hippiques (PMU);OK;7,3;7285
23/09/2026 22:13:20;2026-09-23T20:13:20.657Z;Courses de lévriers;OK;6,5;6487
23/09/2026 22:25:22;2026-09-23T20:25:22.939Z;Courses hippiques (PMU);OK;5,2;5193
23/09/2026 22:25:22;2026-09-23T20:25:22.939Z;Courses de lévriers;OK;6,0;6009
23/09/2026 22:37:20;2026-09-23T20:37:20.149Z;Courses hippiques (PMU);OK;5,2;5231
23/09/2026 22:37:20;2026-09-23T20:37:20.149Z;Courses de lévriers;OK;4,9;4929
23/09/2026 22:49:41;2026-09-23T20:49:41.120Z;Courses hippiques (PMU);OK;5,2;5160
23/09/2026 22:49:41;2026-09-23T20:49:41.120Z;Courses de lévriers;OK;6,4;6402
23/09/2026 23:02:16;2026-09-23T21:02:16.025Z;Courses hippiques (PMU);OK;5,3;5263
23/09/2026 23:02:16;2026-09-23T21:02:16.025Z;Courses de lévriers;OK;6,5;6517
23/09/2026 23:13:43;2026-09-23T21:13:43.660Z;Courses hippiques (PMU);OK;5,4;5388
23/09/2026 23:13:43;2026-09-23T21:13:43.660Z;Courses de lévriers;OK;6,2;6179
23/09/2026 23:25:19;2026-09-23T21:25:19.127Z;Courses hippiques (PMU);OK;5,1;5076
23/09/2026 23:25:19;2026-09-23T21:25:19.127Z;Courses de lévriers;OK;5,4;5412
23/09/2026 23:33:06;2026-09-23T21:33:06.915Z;Courses hippiques (PMU);OK;5,1;5100
23/09/2026 23:33:06;2026-09-23T21:33:06.915Z;Courses de lévriers;OK;7,0;6996
23/09/2026 23:37:29;2026-09-23T21:37:29.955Z;Courses hippiques (PMU);OK;5,4;5425
23/09/2026 23:37:29;2026-09-23T21:37:29.955Z;Courses de lévriers;OK;7,1;7085
23/09/2026 23:49:18;2026-09-23T21:49:18.737Z;Courses hippiques (PMU);OK;4,3;4346
23/09/2026 23:49:18;2026-09-23T21:49:18.737Z;Courses de lévriers;OK;6,0;5970
24/09/2026 06:56:16;2026-09-24T04:56:16.942Z;Courses hippiques (PMU);OK;1,7;1729
24/09/2026 06:56:16;2026-09-24T04:56:16.942Z;Courses de lévriers;OK;1,2;1196
24/09/2026 08:01:46;2026-09-24T06:01:46.409Z;Courses hippiques (PMU);OK;3,4;3397
24/09/2026 08:01:46;2026-09-24T06:01:46.409Z;Courses de lévriers;OK;2,1;2051
24/09/2026 08:13:28;2026-09-24T06:13:28.646Z;Courses hippiques (PMU);OK;2,5;2469
24/09/2026 08:13:28;2026-09-24T06:13:28.646Z;Courses de lévriers;OK;1,5;1476
24/09/2026 08:25:12;2026-09-24T06:25:12.841Z;Courses hippiques (PMU);OK;2,1;2139
24/09/2026 08:25:12;2026-09-24T06:25:12.841Z;Courses de lévriers;OK;1,7;1696
24/09/2026 08:37:17;2026-09-24T06:37:17.426Z;Courses hippiques (PMU);OK;4,0;4001
24/09/2026 08:37:17;2026-09-24T06:37:17.426Z;Courses de lévriers;OK;5,6;5576
24/09/2026 08:49:18;2026-09-24T06:49:18.214Z;Courses hippiques (PMU);OK;5,0;5037
24/09/2026 08:49:18;2026-09-24T06:49:18.214Z;Courses de lévriers;OK;4,4;4385
24/09/2026 09:03:08;2026-09-24T07:03:08.954Z;Courses hippiques (PMU);OK;5,8;5835
24/09/2026 09:03:08;2026-09-24T07:03:08.954Z;Courses de lévriers;OK;5,8;5780
24/09/2026 09:13:20;2026-09-24T07:13:20.610Z;Courses hippiques (PMU);OK;5,0;4991
24/09/2026 09:13:20;2026-09-24T07:13:20.610Z;Courses de lévriers;ECHEC;5,0;5020
24/09/2026 09:25:26;2026-09-24T07:25:26.449Z;Courses hippiques (PMU);OK;5,0;4952
24/09/2026 09:25:26;2026-09-24T07:25:26.449Z;Courses de lévriers;OK;5,4;5363
24/09/2026 09:37:19;2026-09-24T07:37:19.310Z;Courses hippiques (PMU);OK;5,4;5387
24/09/2026 09:37:19;2026-09-24T07:37:19.310Z;Courses de lévriers;OK;5,6;5572
24/09/2026 09:49:27;2026-09-24T07:49:27.534Z;Courses hippiques (PMU);OK;5,1;5129
24/09/2026 09:49:27;2026-09-24T07:49:27.534Z;Courses de lévriers;OK;4,6;4623
24/09/2026 10:01:55;2026-09-24T08:01:55.696Z;Courses hippiques (PMU);OK;6,2;6163
24/09/2026 10:01:55;2026-09-24T08:01:55.696Z;Courses de lévriers;OK;5,6;5557
24/09/2026 10:13:20;2026-09-24T08:13:20.457Z;Courses hippiques (PMU);OK;5,7;5718
24/09/2026 10:13:20;2026-09-24T08:13:20.457Z;Courses de lévriers;OK;5,2;5153
24/09/2026 10:25:55;2026-09-24T08:25:55.658Z;Courses hippiques (PMU);OK;4,1;4102
24/09/2026 10:25:55;2026-09-24T08:25:55.658Z;Courses de lévriers;OK;4,7;4732
24/09/2026 10:37:20;2026-09-24T08:37:20.366Z;Courses hippiques (PMU);OK;5,8;5816
24/09/2026 10:37:20;2026-09-24T08:37:20.366Z;Courses de lévriers;OK;5,5;5472
24/09/2026 10:49:21;2026-09-24T08:49:21.190Z;Courses hippiques (PMU);OK;5,6;5554
24/09/2026 10:49:21;2026-09-24T08:49:21.190Z;Courses de lévriers;OK;5,1;5055
24/09/2026 11:01:58;2026-09-24T09:01:58.289Z;Courses hippiques (PMU);OK;8,2;8196
24/09/2026 11:01:58;2026-09-24T09:01:58.289Z;Courses de lévriers;OK;5,2;5152
24/09/2026 11:13:24;2026-09-24T09:13:24.655Z;Courses hippiques (PMU);OK;5,4;5422
24/09/2026 11:13:24;2026-09-24T09:13:24.655Z;Courses de lévriers;OK;5,5;5465
24/09/2026 11:25:18;2026-09-24T09:25:18.114Z;Courses hippiques (PMU);OK;4,9;4918
24/09/2026 11:25:18;2026-09-24T09:25:18.114Z;Courses de lévriers;OK;5,0;4994
24/09/2026 11:37:44;2026-09-24T09:37:44.556Z;Courses hippiques (PMU);OK;5,2;5220
24/09/2026 11:37:44;2026-09-24T09:37:44.556Z;Courses de lévriers;OK;5,5;5530
24/09/2026 11:49:18;2026-09-24T09:49:18.733Z;Courses hippiques (PMU);OK;5,2;5167
24/09/2026 11:49:18;2026-09-24T09:49:18.733Z;Courses de lévriers;OK;5,0;4965
24/09/2026 12:01:58;2026-09-24T10:01:58.092Z;Courses hippiques (PMU);OK;5,5;5509
24/09/2026 12:01:58;2026-09-24T10:01:58.092Z;Courses de lévriers;OK;6,1;6071
24/09/2026 12:13:19;2026-09-24T10:13:19.700Z;Courses hippiques (PMU);OK;6,2;6223
24/09/2026 12:13:19;2026-09-24T10:13:19.700Z;Courses de lévriers;OK;5,6;5576
24/09/2026 12:25:29;2026-09-24T10:25:29.221Z;Courses hippiques (PMU);ECHEC;5,3;5263
24/09/2026 12:25:29;2026-09-24T10:25:29.221Z;Courses de lévriers;OK;5,6;5624
24/09/2026 12:37:23;2026-09-24T10:37:23.293Z;Courses hippiques (PMU);OK;5,1;5096
24/09/2026 12:37:23;2026-09-24T10:37:23.293Z;Courses de lévriers;OK;4,8;4820
24/09/2026 12:49:18;2026-09-24T10:49:18.684Z;Courses hippiques (PMU);OK;5,0;4980
24/09/2026 12:49:18;2026-09-24T10:49:18.684Z;Courses de lévriers;OK;4,6;4592
24/09/2026 13:01:59;2026-09-24T11:01:59.029Z;Courses hippiques (PMU);OK;6,3;6294
24/09/2026 13:01:59;2026-09-24T11:01:59.029Z;Courses de lévriers;OK;5,6;5622
24/09/2026 13:13:20;2026-09-24T11:13:20.250Z;Courses hippiques (PMU);OK;6,0;5966
24/09/2026 13:13:20;2026-09-24T11:13:20.250Z;Courses de lévriers;OK;5,4;5424
24/09/2026 13:25:38;2026-09-24T11:25:38.546Z;Courses hippiques (PMU);ECHEC;10,7;10673
24/09/2026 13:25:38;2026-09-24T11:25:38.546Z;Courses de lévriers;OK;5,9;5923
24/09/2026 13:37:36;2026-09-24T11:37:36.185Z;Courses hippiques (PMU);OK;5,7;5687
24/09/2026 13:37:36;2026-09-24T11:37:36.185Z;Courses de lévriers;OK;5,9;5933
24/09/2026 13:49:45;2026-09-24T11:49:45.056Z;Courses hippiques (PMU);OK;6,0;6006
24/09/2026 13:49:45;2026-09-24T11:49:45.056Z;Courses de lévriers;OK;6,8;6798
24/09/2026 13:50:45;2026-09-24T11:50:45.209Z;Courses hippiques (PMU);OK;5,1;5061
24/09/2026 13:50:45;2026-09-24T11:50:45.209Z;Courses de lévriers;OK;4,8;4770
24/09/2026 14:02:10;2026-09-24T12:02:10.324Z;Courses hippiques (PMU);OK;5,4;5445
24/09/2026 14:02:10;2026-09-24T12:02:10.324Z;Courses de lévriers;OK;5,9;5904
24/09/2026 14:13:26;2026-09-24T12:13:26.750Z;Courses hippiques (PMU);OK;6,4;6379
24/09/2026 14:13:26;2026-09-24T12:13:26.750Z;Courses de lévriers;OK;6,4;6419
24/09/2026 14:25:26;2026-09-24T12:25:26.112Z;Courses hippiques (PMU);OK;5,0;4992
24/09/2026 14:25:26;2026-09-24T12:25:26.112Z;Courses de lévriers;OK;5,8;5755
24/09/2026 14:37:33;2026-09-24T12:37:33.764Z;Courses hippiques (PMU);OK;7,3;7303
24/09/2026 14:37:33;2026-09-24T12:37:33.764Z;Courses de lévriers;OK;5,5;5476
24/09/2026 14:49:38;2026-09-24T12:49:38.407Z;Courses hippiques (PMU);ECHEC;17,3;17286
24/09/2026 14:49:38;2026-09-24T12:49:38.407Z;Courses de lévriers;OK;5,0;5021
24/09/2026 15:01:57;2026-09-24T13:01:57.901Z;Courses hippiques (PMU);OK;6,9;6871
24/09/2026 15:01:57;2026-09-24T13:01:57.901Z;Courses de lévriers;OK;7,0;7047
24/09/2026 15:13:27;2026-09-24T13:13:27.629Z;Courses hippiques (PMU);ECHEC;5,9;5899
24/09/2026 15:13:27;2026-09-24T13:13:27.629Z;Courses de lévriers;OK;5,3;5328
24/09/2026 15:25:30;2026-09-24T13:25:30.823Z;Courses hippiques (PMU);OK;5,5;5504
24/09/2026 15:25:30;2026-09-24T13:25:30.823Z;Courses de lévriers;OK;6,7;6668
24/09/2026 15:38:06;2026-09-24T13:38:06.454Z;Courses hippiques (PMU);OK;8,4;8420
24/09/2026 15:38:06;2026-09-24T13:38:06.454Z;Courses de lévriers;OK;5,8;5798
24/09/2026 15:49:23;2026-09-24T13:49:23.326Z;Courses hippiques (PMU);OK;5,5;5501
24/09/2026 15:49:23;2026-09-24T13:49:23.326Z;Courses de lévriers;OK;5,9;5945
24/09/2026 16:02:01;2026-09-24T14:02:01.456Z;Courses hippiques (PMU);OK;9,0;9015
24/09/2026 16:02:01;2026-09-24T14:02:01.456Z;Courses de lévriers;OK;5,8;5835
24/09/2026 16:13:32;2026-09-24T14:13:32.021Z;Courses hippiques (PMU);OK;5,3;5282
24/09/2026 16:13:32;2026-09-24T14:13:32.021Z;Courses de lévriers;OK;6,1;6110
24/09/2026 16:25:32;2026-09-24T14:25:32.344Z;Courses hippiques (PMU);ECHEC;5,4;5427
24/09/2026 16:25:32;2026-09-24T14:25:32.344Z;Courses de lévriers;OK;5,2;5234
24/09/2026 16:37:23;2026-09-24T14:37:23.999Z;Courses hippiques (PMU);OK;6,9;6913
24/09/2026 16:37:23;2026-09-24T14:37:23.999Z;Courses de lévriers;OK;6,4;6368
24/09/2026 16:49:23;2026-09-24T14:49:23.316Z;Courses hippiques (PMU);OK;7,6;7574
24/09/2026 16:49:23;2026-09-24T14:49:23.316Z;Courses de lévriers;OK;6,2;6152
24/09/2026 17:02:13;2026-09-24T15:02:13.764Z;Courses hippiques (PMU);OK;6,4;6360
24/09/2026 17:02:13;2026-09-24T15:02:13.764Z;Courses de lévriers;OK;5,8;5753
24/09/2026 17:13:26;2026-09-24T15:13:26.668Z;Courses hippiques (PMU);OK;8,3;8288
24/09/2026 17:13:26;2026-09-24T15:13:26.668Z;Courses de lévriers;OK;6,6;6555
24/09/2026 17:25:25;2026-09-24T15:25:25.511Z;Courses hippiques (PMU);OK;5,4;5439
24/09/2026 17:25:25;2026-09-24T15:25:25.511Z;Courses de lévriers;OK;5,8;5801
24/09/2026 17:37:17;2026-09-24T15:37:17.054Z;Courses hippiques (PMU);ECHEC;4,7;4699
24/09/2026 17:37:17;2026-09-24T15:37:17.054Z;Courses de lévriers;OK;5,3;5333
24/09/2026 17:49:24;2026-09-24T15:49:24.590Z;Courses hippiques (PMU);OK;5,1;5064
24/09/2026 17:49:24;2026-09-24T15:49:24.590Z;Courses de lévriers;OK;7,5;7470
24/09/2026 18:01:58;2026-09-24T16:01:58.115Z;Courses hippiques (PMU);OK;5,5;5470
24/09/2026 18:01:58;2026-09-24T16:01:58.115Z;Courses de lévriers;OK;7,8;7818
24/09/2026 18:13:24;2026-09-24T16:13:24.343Z;Courses hippiques (PMU);OK;5,0;4981
24/09/2026 18:13:24;2026-09-24T16:13:24.343Z;Courses de lévriers;OK;7,4;7365
24/09/2026 18:25:21;2026-09-24T16:25:21.392Z;Courses hippiques (PMU);OK;6,8;6838
24/09/2026 18:25:21;2026-09-24T16:25:21.392Z;Courses de lévriers;OK;5,4;5363
24/09/2026 18:37:30;2026-09-24T16:37:30.639Z;Courses hippiques (PMU);OK;6,0;5971
24/09/2026 18:37:30;2026-09-24T16:37:30.639Z;Courses de lévriers;OK;6,4;6431
24/09/2026 18:49:31;2026-09-24T16:49:31.813Z;Courses hippiques (PMU);OK;6,0;6049
24/09/2026 18:49:31;2026-09-24T16:49:31.813Z;Courses de lévriers;OK;7,0;7017
24/09/2026 19:02:20;2026-09-24T17:02:20.936Z;Courses hippiques (PMU);OK;5,9;5913
24/09/2026 19:02:20;2026-09-24T17:02:20.936Z;Courses de lévriers;OK;6,8;6845
24/09/2026 19:13:25;2026-09-24T17:13:25.264Z;Courses hippiques (PMU);OK;5,0;5043
24/09/2026 19:13:25;2026-09-24T17:13:25.264Z;Courses de lévriers;OK;4,7;4739
24/09/2026 19:15:02;2026-09-24T17:15:02.549Z;Courses hippiques (PMU);OK;5,0;5023
24/09/2026 19:15:02;2026-09-24T17:15:02.549Z;Courses de lévriers;OK;5,5;5468
24/09/2026 19:25:20;2026-09-24T17:25:20.772Z;Courses hippiques (PMU);OK;8,0;7968
24/09/2026 19:25:20;2026-09-24T17:25:20.772Z;Courses de lévriers;OK;6,0;5994
24/09/2026 19:37:45;2026-09-24T17:37:45.859Z;Courses hippiques (PMU);OK;7,3;7348
24/09/2026 19:37:45;2026-09-24T17:37:45.859Z;Courses de lévriers;OK;5,6;5640
24/09/2026 19:49:26;2026-09-24T17:49:26.132Z;Courses hippiques (PMU);OK;6,0;6016
24/09/2026 19:49:26;2026-09-24T17:49:26.132Z;Courses de lévriers;OK;8,1;8056
24/09/2026 20:02:00;2026-09-24T18:02:00.785Z;Courses hippiques (PMU);OK;6,5;6468
24/09/2026 20:02:00;2026-09-24T18:02:00.785Z;Courses de lévriers;OK;4,9;4940
24/09/2026 20:13:19;2026-09-24T18:13:19.178Z;Courses hippiques (PMU);OK;5,2;5183
24/09/2026 20:13:19;2026-09-24T18:13:19.178Z;Courses de lévriers;OK;5,3;5301
24/09/2026 20:25:20;2026-09-24T18:25:20.048Z;Courses hippiques (PMU);OK;5,7;5741
24/09/2026 20:25:20;2026-09-24T18:25:20.048Z;Courses de lévriers;OK;4,6;4593
24/09/2026 20:37:23;2026-09-24T18:37:23.358Z;Courses hippiques (PMU);OK;4,4;4355
24/09/2026 20:37:23;2026-09-24T18:37:23.358Z;Courses de lévriers;OK;3,6;3621
24/09/2026 20:49:38;2026-09-24T18:49:38.371Z;Courses hippiques (PMU);OK;7,8;7770
24/09/2026 20:49:38;2026-09-24T18:49:38.371Z;Courses de lévriers;OK;7,8;7777
24/09/2026 21:01:55;2026-09-24T19:01:55.983Z;Courses hippiques (PMU);OK;5,1;5093
24/09/2026 21:01:55;2026-09-24T19:01:55.983Z;Courses de lévriers;OK;4,9;4931
24/09/2026 21:13:25;2026-09-24T19:13:25.731Z;Courses hippiques (PMU);OK;6,1;6062
24/09/2026 21:13:25;2026-09-24T19:13:25.731Z;Courses de lévriers;OK;6,3;6280
24/09/2026 21:25:17;2026-09-24T19:25:17.161Z;Courses hippiques (PMU);OK;3,9;3922
24/09/2026 21:25:17;2026-09-24T19:25:17.161Z;Courses de lévriers;OK;7,3;7275
24/09/2026 21:37:19;2026-09-24T19:37:19.392Z;Courses hippiques (PMU);OK;5,0;5022
24/09/2026 21:37:19;2026-09-24T19:37:19.392Z;Courses de lévriers;OK;4,8;4768
24/09/2026 21:49:21;2026-09-24T19:49:21.411Z;Courses hippiques (PMU);OK;5,3;5330
24/09/2026 21:49:21;2026-09-24T19:49:21.411Z;Courses de lévriers;OK;5,9;5886
24/09/2026 22:01:55;2026-09-24T20:01:55.224Z;Courses hippiques (PMU);OK;5,0;5040
24/09/2026 22:01:55;2026-09-24T20:01:55.224Z;Courses de lévriers;OK;6,4;6374
24/09/2026 22:13:24;2026-09-24T20:13:24.110Z;Courses hippiques (PMU);OK;6,1;6107
24/09/2026 22:13:24;2026-09-24T20:13:24.110Z;Courses de lévriers;OK;4,8;4761
24/09/2026 22:25:18;2026-09-24T20:25:18.860Z;Courses hippiques (PMU);OK;5,2;5164
24/09/2026 22:25:18;2026-09-24T20:25:18.860Z;Courses de lévriers;OK;5,6;5647
24/09/2026 22:37:22;2026-09-24T20:37:22.592Z;Courses hippiques (PMU);OK;5,8;5782
24/09/2026 22:37:22;2026-09-24T20:37:22.592Z;Courses de lévriers;OK;6,8;6767
24/09/2026 22:49:29;2026-09-24T20:49:29.925Z;Courses hippiques (PMU);OK;6,0;5970
24/09/2026 22:49:29;2026-09-24T20:49:29.925Z;Courses de lévriers;OK;5,5;5454
24/09/2026 23:02:00;2026-09-24T21:02:00.839Z;Courses hippiques (PMU);OK;6,4;6387
24/09/2026 23:02:00;2026-09-24T21:02:00.839Z;Courses de lévriers;OK;5,8;5798
24/09/2026 23:13:39;2026-09-24T21:13:39.507Z;Courses hippiques (PMU);OK;6,3;6264
24/09/2026 23:13:39;2026-09-24T21:13:39.507Z;Courses de lévriers;OK;5,7;5748
24/09/2026 23:25:30;2026-09-24T21:25:30.730Z;Courses hippiques (PMU);OK;5,0;5022
24/09/2026 23:25:30;2026-09-24T21:25:30.730Z;Courses de lévriers;OK;5,5;5458
24/09/2026 23:33:41;2026-09-24T21:33:41.948Z;Courses hippiques (PMU);OK;6,5;6502
24/09/2026 23:33:41;2026-09-24T21:33:41.948Z;Courses de lévriers;OK;6,5;6502
24/09/2026 23:37:21;2026-09-24T21:37:21.138Z;Courses hippiques (PMU);OK;5,1;5096
24/09/2026 23:37:21;2026-09-24T21:37:21.138Z;Courses de lévriers;OK;5,3;5291
24/09/2026 23:49:24;2026-09-24T21:49:24.730Z;Courses hippiques (PMU);OK;7,5;7462
24/09/2026 23:49:24;2026-09-24T21:49:24.730Z;Courses de lévriers;OK;6,0;5965
25/09/2026 07:01:19;2026-09-25T05:01:19.690Z;Courses hippiques (PMU);OK;1,5;1458
25/09/2026 07:01:19;2026-09-25T05:01:19.690Z;Courses de lévriers;OK;1,3;1257
25/09/2026 08:01:45;2026-09-25T06:01:45.933Z;Courses hippiques (PMU);OK;2,8;2834
25/09/2026 08:01:45;2026-09-25T06:01:45.933Z;Courses de lévriers;OK;1,5;1532
25/09/2026 08:13:12;2026-09-25T06:13:12.406Z;Courses hippiques (PMU);OK;2,2;2159
25/09/2026 08:13:12;2026-09-25T06:13:12.406Z;Courses de lévriers;OK;1,3;1275
25/09/2026 08:25:13;2026-09-25T06:25:13.170Z;Courses hippiques (PMU);OK;2,2;2195
25/09/2026 08:25:13;2026-09-25T06:25:13.170Z;Courses de lévriers;OK;1,3;1322
25/09/2026 08:37:25;2026-09-25T06:37:25.046Z;Courses hippiques (PMU);OK;5,3;5285
25/09/2026 08:37:25;2026-09-25T06:37:25.046Z;Courses de lévriers;OK;5,6;5610
25/09/2026 08:49:15;2026-09-25T06:49:15.955Z;Courses hippiques (PMU);OK;4,7;4683
25/09/2026 08:49:15;2026-09-25T06:49:15.955Z;Courses de lévriers;OK;4,6;4572
25/09/2026 09:01:57;2026-09-25T07:01:57.443Z;Courses hippiques (PMU);OK;4,8;4822
25/09/2026 09:01:57;2026-09-25T07:01:57.443Z;Courses de lévriers;OK;3,7;3699
25/09/2026 09:13:20;2026-09-25T07:13:20.252Z;Courses hippiques (PMU);OK;5,3;5275
25/09/2026 09:13:20;2026-09-25T07:13:20.252Z;Courses de lévriers;OK;5,0;5044
25/09/2026 09:25:33;2026-09-25T07:25:33.140Z;Courses hippiques (PMU);OK;5,0;5011
25/09/2026 09:25:33;2026-09-25T07:25:33.140Z;Courses de lévriers;OK;5,3;5277
25/09/2026 09:37:22;2026-09-25T07:37:22.453Z;Courses hippiques (PMU);OK;5,0;4973
25/09/2026 09:37:22;2026-09-25T07:37:22.453Z;Courses de lévriers;OK;5,3;5328
25/09/2026 09:49:23;2026-09-25T07:49:23.101Z;Courses hippiques (PMU);OK;6,5;6516
25/09/2026 09:49:23;2026-09-25T07:49:23.101Z;Courses de lévriers;OK;5,7;5679
25/09/2026 10:02:22;2026-09-25T08:02:22.685Z;Courses hippiques (PMU);OK;4,9;4948
25/09/2026 10:02:22;2026-09-25T08:02:22.685Z;Courses de lévriers;OK;3,7;3736
25/09/2026 10:13:27;2026-09-25T08:13:27.133Z;Courses hippiques (PMU);OK;5,6;5577
25/09/2026 10:13:27;2026-09-25T08:13:27.133Z;Courses de lévriers;OK;5,5;5463
25/09/2026 10:25:18;2026-09-25T08:25:18.014Z;Courses hippiques (PMU);OK;5,0;5020
25/09/2026 10:25:18;2026-09-25T08:25:18.014Z;Courses de lévriers;OK;4,6;4618
25/09/2026 10:37:21;2026-09-25T08:37:21.568Z;Courses hippiques (PMU);OK;6,4;6403
25/09/2026 10:37:21;2026-09-25T08:37:21.568Z;Courses de lévriers;OK;5,6;5563
25/09/2026 10:49:14;2026-09-25T08:49:14.183Z;Courses hippiques (PMU);OK;4,0;3991
25/09/2026 10:49:14;2026-09-25T08:49:14.183Z;Courses de lévriers;OK;3,6;3625
25/09/2026 11:01:53;2026-09-25T09:01:53.885Z;Courses hippiques (PMU);OK;7,6;7557
25/09/2026 11:01:53;2026-09-25T09:01:53.885Z;Courses de lévriers;OK;5,6;5603
25/09/2026 11:13:36;2026-09-25T09:13:36.303Z;Courses hippiques (PMU);OK;5,8;5775
25/09/2026 11:13:36;2026-09-25T09:13:36.303Z;Courses de lévriers;OK;4,8;4782
25/09/2026 11:25:21;2026-09-25T09:25:21.907Z;Courses hippiques (PMU);OK;6,4;6437
25/09/2026 11:25:21;2026-09-25T09:25:21.907Z;Courses de lévriers;OK;5,1;5084
25/09/2026 11:37:15;2026-09-25T09:37:15.035Z;Courses hippiques (PMU);OK;4,6;4641
25/09/2026 11:37:15;2026-09-25T09:37:15.035Z;Courses de lévriers;OK;4,7;4694
25/09/2026 11:49:23;2026-09-25T09:49:23.410Z;Courses hippiques (PMU);OK;5,5;5516
25/09/2026 11:49:23;2026-09-25T09:49:23.410Z;Courses de lévriers;OK;5,9;5858
25/09/2026 12:01:55;2026-09-25T10:01:55.320Z;Courses hippiques (PMU);OK;7,3;7272
25/09/2026 12:01:55;2026-09-25T10:01:55.320Z;Courses de lévriers;OK;5,7;5696
25/09/2026 12:13:13;2026-09-25T10:13:13.031Z;Courses hippiques (PMU);OK;3,9;3938
25/09/2026 12:13:13;2026-09-25T10:13:13.031Z;Courses de lévriers;OK;4,6;4564
25/09/2026 12:25:28;2026-09-25T10:25:28.401Z;Courses hippiques (PMU);OK;6,0;6019
25/09/2026 12:25:28;2026-09-25T10:25:28.401Z;Courses de lévriers;OK;7,0;7013
25/09/2026 12:37:39;2026-09-25T10:37:39.935Z;Courses hippiques (PMU);OK;5,3;5314
25/09/2026 12:37:39;2026-09-25T10:37:39.935Z;Courses de lévriers;OK;3,5;3509
25/09/2026 12:49:24;2026-09-25T10:49:24.518Z;Courses hippiques (PMU);OK;9,1;9093
25/09/2026 12:49:24;2026-09-25T10:49:24.518Z;Courses de lévriers;OK;7,5;7524
25/09/2026 13:01:58;2026-09-25T11:01:58.721Z;Courses hippiques (PMU);OK;7,4;7358
25/09/2026 13:01:58;2026-09-25T11:01:58.721Z;Courses de lévriers;OK;5,8;5803
25/09/2026 13:13:25;2026-09-25T11:13:25.671Z;Courses hippiques (PMU);OK;5,7;5686
25/09/2026 13:13:25;2026-09-25T11:13:25.671Z;Courses de lévriers;OK;5,2;5230
25/09/2026 13:25:20;2026-09-25T11:25:20.431Z;Courses hippiques (PMU);OK;6,1;6083
25/09/2026 13:25:20;2026-09-25T11:25:20.431Z;Courses de lévriers;OK;6,3;6348
25/09/2026 13:37:25;2026-09-25T11:37:25.015Z;Courses hippiques (PMU);OK;4,8;4775
25/09/2026 13:37:25;2026-09-25T11:37:25.015Z;Courses de lévriers;OK;5,3;5257
25/09/2026 13:49:31;2026-09-25T11:49:31.228Z;Courses hippiques (PMU);OK;5,3;5300
25/09/2026 13:49:31;2026-09-25T11:49:31.228Z;Courses de lévriers;OK;5,9;5861
25/09/2026 13:54:51;2026-09-25T11:54:51.854Z;Courses hippiques (PMU);OK;5,3;5288
25/09/2026 13:54:51;2026-09-25T11:54:51.854Z;Courses de lévriers;OK;6,0;6027
25/09/2026 14:01:54;2026-09-25T12:01:54.485Z;Courses hippiques (PMU);OK;5,3;5324
25/09/2026 14:01:54;2026-09-25T12:01:54.485Z;Courses de lévriers;OK;5,1;5132
25/09/2026 14:13:24;2026-09-25T12:13:24.457Z;Courses hippiques (PMU);OK;7,6;7635
25/09/2026 14:13:24;2026-09-25T12:13:24.457Z;Courses de lévriers;OK;6,5;6460
25/09/2026 14:25:35;2026-09-25T12:25:35.031Z;Courses hippiques (PMU);OK;4,2;4232
25/09/2026 14:25:35;2026-09-25T12:25:35.031Z;Courses de lévriers;OK;7,9;7945
25/09/2026 14:37:22;2026-09-25T12:37:22.342Z;Courses hippiques (PMU);ECHEC;5,7;5705
25/09/2026 14:37:22;2026-09-25T12:37:22.342Z;Courses de lévriers;OK;6,2;6186
25/09/2026 14:49:24;2026-09-25T12:49:24.971Z;Courses hippiques (PMU);OK;7,2;7240
25/09/2026 14:49:24;2026-09-25T12:49:24.971Z;Courses de lévriers;OK;8,0;8020
25/09/2026 15:01:54;2026-09-25T13:01:54.268Z;Courses hippiques (PMU);OK;7,8;7811
25/09/2026 15:01:54;2026-09-25T13:01:54.268Z;Courses de lévriers;OK;3,7;3710
25/09/2026 15:13:21;2026-09-25T13:13:21.620Z;Courses hippiques (PMU);OK;6,0;6035
25/09/2026 15:13:21;2026-09-25T13:13:21.620Z;Courses de lévriers;OK;5,8;5805
25/09/2026 15:25:25;2026-09-25T13:25:25.827Z;Courses hippiques (PMU);OK;6,0;6019
25/09/2026 15:25:25;2026-09-25T13:25:25.827Z;Courses de lévriers;OK;5,6;5600
25/09/2026 15:37:24;2026-09-25T13:37:24.573Z;Courses hippiques (PMU);OK;6,4;6403
25/09/2026 15:37:24;2026-09-25T13:37:24.573Z;Courses de lévriers;OK;7,3;7298
25/09/2026 15:49:30;2026-09-25T13:49:30.270Z;Courses hippiques (PMU);OK;11,6;11557
25/09/2026 15:49:30;2026-09-25T13:49:30.270Z;Courses de lévriers;OK;7,5;7481
25/09/2026 16:02:25;2026-09-25T14:02:25.016Z;Courses hippiques (PMU);OK;6,3;6298
25/09/2026 16:02:25;2026-09-25T14:02:25.016Z;Courses de lévriers;ECHEC;20,8;20798
25/09/2026 16:13:40;2026-09-25T14:13:40.239Z;Courses hippiques (PMU);OK;8,1;8068
25/09/2026 16:13:40;2026-09-25T14:13:40.239Z;Courses de lévriers;ECHEC;20,8;20763
25/09/2026 16:25:50;2026-09-25T14:25:50.125Z;Courses hippiques (PMU);ECHEC;15,5;15520
25/09/2026 16:25:50;2026-09-25T14:25:50.125Z;Courses de lévriers;ECHEC;20,7;20726
25/09/2026 16:37:22;2026-09-25T14:37:22.349Z;Courses hippiques (PMU);OK;6,0;6003
25/09/2026 16:37:22;2026-09-25T14:37:22.349Z;Courses de lévriers;OK;6,0;6045
25/09/2026 16:49:24;2026-09-25T14:49:24.860Z;Courses hippiques (PMU);OK;5,4;5397
25/09/2026 16:49:24;2026-09-25T14:49:24.860Z;Courses de lévriers;OK;6,3;6325
25/09/2026 17:01:54;2026-09-25T15:01:54.580Z;Courses hippiques (PMU);OK;6,8;6791
25/09/2026 17:01:54;2026-09-25T15:01:54.580Z;Courses de lévriers;OK;7,3;7314
25/09/2026 17:13:20;2026-09-25T15:13:20.716Z;Courses hippiques (PMU);OK;6,4;6448
25/09/2026 17:13:20;2026-09-25T15:13:20.716Z;Courses de lévriers;OK;4,0;3976
25/09/2026 17:25:20;2026-09-25T15:25:20.567Z;Courses hippiques (PMU);OK;4,9;4949
25/09/2026 17:25:20;2026-09-25T15:25:20.567Z;Courses de lévriers;OK;7,1;7141
25/09/2026 17:37:45;2026-09-25T15:37:45.870Z;Courses hippiques (PMU);ECHEC;30,0;30007
25/09/2026 17:37:45;2026-09-25T15:37:45.870Z;Courses de lévriers;OK;5,9;5939
25/09/2026 17:49:23;2026-09-25T15:49:23.855Z;Courses hippiques (PMU);OK;6,5;6451
25/09/2026 17:49:23;2026-09-25T15:49:23.855Z;Courses de lévriers;OK;5,9;5867
25/09/2026 18:02:08;2026-09-25T16:02:08.403Z;Courses hippiques (PMU);ECHEC;5,5;5525
25/09/2026 18:02:08;2026-09-25T16:02:08.403Z;Courses de lévriers;OK;5,2;5215
25/09/2026 18:13:27;2026-09-25T16:13:27.553Z;Courses hippiques (PMU);OK;4,2;4212
25/09/2026 18:13:27;2026-09-25T16:13:27.553Z;Courses de lévriers;OK;6,2;6232
25/09/2026 18:26:10;2026-09-25T16:26:10.505Z;Courses hippiques (PMU);OK;6,0;5993
25/09/2026 18:26:10;2026-09-25T16:26:10.505Z;Courses de lévriers;OK;6,5;6485
25/09/2026 18:37:29;2026-09-25T16:37:29.480Z;Courses hippiques (PMU);OK;7,0;6974
25/09/2026 18:37:29;2026-09-25T16:37:29.480Z;Courses de lévriers;OK;6,0;6015
25/09/2026 18:50:13;2026-09-25T16:50:13.721Z;Courses hippiques (PMU);ECHEC;8,2;8245
25/09/2026 18:50:13;2026-09-25T16:50:13.721Z;Courses de lévriers;OK;7,9;7903
25/09/2026 19:02:20;2026-09-25T17:02:20.300Z;Courses hippiques (PMU);OK;12,8;12845
25/09/2026 19:02:20;2026-09-25T17:02:20.300Z;Courses de lévriers;OK;5,3;5306
25/09/2026 19:13:23;2026-09-25T17:13:23.596Z;Courses hippiques (PMU);OK;6,2;6224
25/09/2026 19:13:23;2026-09-25T17:13:23.596Z;Courses de lévriers;OK;6,4;6387
25/09/2026 19:15:27;2026-09-25T17:15:27.821Z;Courses hippiques (PMU);OK;6,9;6900
25/09/2026 19:15:27;2026-09-25T17:15:27.821Z;Courses de lévriers;OK;6,8;6793
25/09/2026 19:25:23;2026-09-25T17:25:23.445Z;Courses hippiques (PMU);OK;5,3;5267
25/09/2026 19:25:23;2026-09-25T17:25:23.445Z;Courses de lévriers;OK;6,0;5950
25/09/2026 19:37:23;2026-09-25T17:37:23.274Z;Courses hippiques (PMU);OK;6,4;6376
25/09/2026 19:37:23;2026-09-25T17:37:23.274Z;Courses de lévriers;OK;7,5;7527
25/09/2026 19:49:25;2026-09-25T17:49:25.208Z;Courses hippiques (PMU);ECHEC;5,1;5065
25/09/2026 19:49:25;2026-09-25T17:49:25.208Z;Courses de lévriers;OK;5,9;5914
25/09/2026 20:02:08;2026-09-25T18:02:08.957Z;Courses hippiques (PMU);OK;6,2;6181
25/09/2026 20:02:08;2026-09-25T18:02:08.957Z;Courses de lévriers;OK;10,5;10516
25/09/2026 20:13:24;2026-09-25T18:13:24.310Z;Courses hippiques (PMU);OK;7,4;7402
25/09/2026 20:13:24;2026-09-25T18:13:24.310Z;Courses de lévriers;OK;6,9;6852
25/09/2026 20:25:19;2026-09-25T18:25:19.322Z;Courses hippiques (PMU);OK;4,9;4916
25/09/2026 20:25:19;2026-09-25T18:25:19.322Z;Courses de lévriers;OK;5,2;5175
25/09/2026 20:37:19;2026-09-25T18:37:19.428Z;Courses hippiques (PMU);OK;5,6;5566
25/09/2026 20:37:19;2026-09-25T18:37:19.428Z;Courses de lévriers;OK;6,9;6894
25/09/2026 20:49:26;2026-09-25T18:49:26.026Z;Courses hippiques (PMU);OK;5,0;5000
25/09/2026 20:49:26;2026-09-25T18:49:26.026Z;Courses de lévriers;OK;5,8;5766
25/09/2026 21:01:51;2026-09-25T19:01:51.870Z;Courses hippiques (PMU);OK;4,9;4914
25/09/2026 21:01:51;2026-09-25T19:01:51.870Z;Courses de lévriers;OK;5,8;5846
25/09/2026 21:13:27;2026-09-25T19:13:27.664Z;Courses hippiques (PMU);ECHEC;5,3;5344
25/09/2026 21:13:27;2026-09-25T19:13:27.664Z;Courses de lévriers;OK;6,8;6751
25/09/2026 21:25:20;2026-09-25T19:25:20.188Z;Courses hippiques (PMU);OK;5,0;5026
25/09/2026 21:25:20;2026-09-25T19:25:20.188Z;Courses de lévriers;OK;7,1;7060
25/09/2026 21:37:32;2026-09-25T19:37:32.239Z;Courses hippiques (PMU);OK;6,2;6165
25/09/2026 21:37:32;2026-09-25T19:37:32.239Z;Courses de lévriers;OK;5,8;5840
25/09/2026 21:49:30;2026-09-25T19:49:30.011Z;Courses hippiques (PMU);OK;5,2;5210
25/09/2026 21:49:30;2026-09-25T19:49:30.011Z;Courses de lévriers;OK;5,3;5268
25/09/2026 22:01:55;2026-09-25T20:01:55.159Z;Courses hippiques (PMU);ECHEC;6,6;6644
25/09/2026 22:01:55;2026-09-25T20:01:55.159Z;Courses de lévriers;OK;5,6;5610
25/09/2026 22:13:24;2026-09-25T20:13:24.377Z;Courses hippiques (PMU);OK;6,2;6185
25/09/2026 22:13:24;2026-09-25T20:13:24.377Z;Courses de lévriers;OK;7,6;7551
25/09/2026 22:25:24;2026-09-25T20:25:24.332Z;Courses hippiques (PMU);OK;5,4;5382
25/09/2026 22:25:24;2026-09-25T20:25:24.332Z;Courses de lévriers;OK;5,8;5844
25/09/2026 22:37:19;2026-09-25T20:37:19.307Z;Courses hippiques (PMU);ECHEC;5,4;5427
25/09/2026 22:37:19;2026-09-25T20:37:19.307Z;Courses de lévriers;OK;7,0;7030
25/09/2026 22:49:17;2026-09-25T20:49:17.741Z;Courses hippiques (PMU);OK;4,9;4905
25/09/2026 22:49:17;2026-09-25T20:49:17.741Z;Courses de lévriers;OK;5,9;5895
25/09/2026 23:01:53;2026-09-25T21:01:53.196Z;Courses hippiques (PMU);OK;6,3;6271
25/09/2026 23:01:53;2026-09-25T21:01:53.196Z;Courses de lévriers;OK;6,0;6023
25/09/2026 23:13:23;2026-09-25T21:13:23.068Z;Courses hippiques (PMU);OK;5,1;5086
25/09/2026 23:13:23;2026-09-25T21:13:23.068Z;Courses de lévriers;OK;6,2;6194
25/09/2026 23:25:28;2026-09-25T21:25:28.745Z;Courses hippiques (PMU);OK;6,6;6624
25/09/2026 23:25:28;2026-09-25T21:25:28.745Z;Courses de lévriers;OK;6,2;6199
25/09/2026 23:37:22;2026-09-25T21:37:22.102Z;Courses hippiques (PMU);OK;6,6;6593
25/09/2026 23:37:22;2026-09-25T21:37:22.102Z;Courses de lévriers;OK;6,4;6434
25/09/2026 23:49:32;2026-09-25T21:49:32.851Z;Courses hippiques (PMU);OK;6,7;6669
25/09/2026 23:49:32;2026-09-25T21:49:32.851Z;Courses de lévriers;OK;5,9;5853
26/09/2026 07:03:39;2026-09-26T05:03:39.211Z;Courses hippiques (PMU);OK;3,0;2959
26/09/2026 07:03:39;2026-09-26T05:03:39.211Z;Courses de lévriers;OK;3,0;3014
26/09/2026 08:01:46;2026-09-26T06:01:46.134Z;Courses hippiques (PMU);OK;2,4;2405
26/09/2026 08:01:46;2026-09-26T06:01:46.134Z;Courses de lévriers;OK;2,0;1984
26/09/2026 08:13:13;2026-09-26T06:13:13.673Z;Courses hippiques (PMU);OK;2,5;2533
26/09/2026 08:13:13;2026-09-26T06:13:13.673Z;Courses de lévriers;OK;1,9;1901
26/09/2026 08:25:15;2026-09-26T06:25:15.503Z;Courses hippiques (PMU);OK;4,3;4310
26/09/2026 08:25:15;2026-09-26T06:25:15.503Z;Courses de lévriers;OK;2,7;2678
26/09/2026 08:37:19;2026-09-26T06:37:19.387Z;Courses hippiques (PMU);OK;5,7;5670
26/09/2026 08:37:19;2026-09-26T06:37:19.387Z;Courses de lévriers;OK;6,2;6237
26/09/2026 08:49:14;2026-09-26T06:49:14.616Z;Courses hippiques (PMU);OK;5,0;4979
26/09/2026 08:49:14;2026-09-26T06:49:14.616Z;Courses de lévriers;OK;3,8;3770
26/09/2026 09:01:51;2026-09-26T07:01:51.582Z;Courses hippiques (PMU);OK;5,3;5273
26/09/2026 09:01:51;2026-09-26T07:01:51.582Z;Courses de lévriers;OK;6,1;6126
26/09/2026 09:13:35;2026-09-26T07:13:35.497Z;Courses hippiques (PMU);OK;6,9;6926
26/09/2026 09:13:35;2026-09-26T07:13:35.497Z;Courses de lévriers;OK;7,0;6972
26/09/2026 09:25:12;2026-09-26T07:25:12.341Z;Courses hippiques (PMU);OK;3,9;3949
26/09/2026 09:25:12;2026-09-26T07:25:12.341Z;Courses de lévriers;OK;3,8;3832
26/09/2026 09:37:22;2026-09-26T07:37:22.288Z;Courses hippiques (PMU);OK;5,3;5320
26/09/2026 09:37:22;2026-09-26T07:37:22.288Z;Courses de lévriers;OK;5,0;5032
26/09/2026 09:49:18;2026-09-26T07:49:18.030Z;Courses hippiques (PMU);OK;6,4;6377
26/09/2026 09:49:18;2026-09-26T07:49:18.030Z;Courses de lévriers;OK;5,1;5067
26/09/2026 10:01:53;2026-09-26T08:01:53.229Z;Courses hippiques (PMU);OK;4,3;4252
26/09/2026 10:01:53;2026-09-26T08:01:53.229Z;Courses de lévriers;OK;4,2;4163
26/09/2026 10:13:31;2026-09-26T08:13:31.114Z;Courses hippiques (PMU);OK;5,4;5409
26/09/2026 10:13:31;2026-09-26T08:13:31.114Z;Courses de lévriers;OK;7,5;7537
26/09/2026 10:25:27;2026-09-26T08:25:27.656Z;Courses hippiques (PMU);OK;6,0;6009
26/09/2026 10:25:27;2026-09-26T08:25:27.656Z;Courses de lévriers;OK;5,6;5551
26/09/2026 10:37:25;2026-09-26T08:37:25.028Z;Courses hippiques (PMU);OK;6,6;6566
26/09/2026 10:37:25;2026-09-26T08:37:25.028Z;Courses de lévriers;OK;5,0;4976
26/09/2026 10:49:17;2026-09-26T08:49:17.428Z;Courses hippiques (PMU);ECHEC;5,6;5640
26/09/2026 10:49:17;2026-09-26T08:49:17.428Z;Courses de lévriers;OK;5,3;5319
26/09/2026 11:01:47;2026-09-26T09:01:47.765Z;Courses hippiques (PMU);OK;6,2;6246
26/09/2026 11:01:47;2026-09-26T09:01:47.765Z;Courses de lévriers;OK;5,2;5235
26/09/2026 11:13:29;2026-09-26T09:13:29.931Z;Courses hippiques (PMU);OK;5,0;5026
26/09/2026 11:13:29;2026-09-26T09:13:29.931Z;Courses de lévriers;OK;5,1;5116
26/09/2026 11:25:11;2026-09-26T09:25:11.794Z;Courses hippiques (PMU);OK;5,1;5126
26/09/2026 11:25:11;2026-09-26T09:25:11.794Z;Courses de lévriers;OK;3,8;3775
26/09/2026 11:37:23;2026-09-26T09:37:23.625Z;Courses hippiques (PMU);OK;5,8;5759
26/09/2026 11:37:23;2026-09-26T09:37:23.625Z;Courses de lévriers;OK;5,8;5781
26/09/2026 11:49:16;2026-09-26T09:49:16.774Z;Courses hippiques (PMU);OK;4,9;4867
26/09/2026 11:49:16;2026-09-26T09:49:16.774Z;Courses de lévriers;OK;5,2;5242
26/09/2026 12:01:48;2026-09-26T10:01:48.194Z;Courses hippiques (PMU);OK;4,8;4818
26/09/2026 12:01:48;2026-09-26T10:01:48.194Z;Courses de lévriers;OK;5,5;5460
26/09/2026 12:13:28;2026-09-26T10:13:28.865Z;Courses hippiques (PMU);OK;4,4;4387
26/09/2026 12:13:28;2026-09-26T10:13:28.865Z;Courses de lévriers;OK;4,7;4748
26/09/2026 12:25:29;2026-09-26T10:25:29.724Z;Courses hippiques (PMU);OK;7,5;7460
26/09/2026 12:25:29;2026-09-26T10:25:29.724Z;Courses de lévriers;OK;6,1;6092
26/09/2026 12:37:42;2026-09-26T10:37:42.012Z;Courses hippiques (PMU);OK;9,3;9292
26/09/2026 12:37:42;2026-09-26T10:37:42.012Z;Courses de lévriers;OK;4,8;4811
26/09/2026 12:49:21;2026-09-26T10:49:21.970Z;Courses hippiques (PMU);OK;5,7;5710
26/09/2026 12:49:21;2026-09-26T10:49:21.970Z;Courses de lévriers;OK;6,6;6584
26/09/2026 13:01:55;2026-09-26T11:01:55.734Z;Courses hippiques (PMU);OK;5,0;5029
26/09/2026 13:01:55;2026-09-26T11:01:55.734Z;Courses de lévriers;OK;3,3;3277
26/09/2026 13:13:15;2026-09-26T11:13:15.169Z;Courses hippiques (PMU);OK;4,9;4902
26/09/2026 13:13:15;2026-09-26T11:13:15.169Z;Courses de lévriers;ECHEC;6,7;6742
26/09/2026 13:25:26;2026-09-26T11:25:26.864Z;Courses hippiques (PMU);OK;5,9;5919
26/09/2026 13:25:26;2026-09-26T11:25:26.864Z;Courses de lévriers;OK;4,7;4703
26/09/2026 13:29:22;2026-09-26T11:29:22.916Z;Courses hippiques (PMU);OK;4,1;4145
26/09/2026 13:29:22;2026-09-26T11:29:22.916Z;Courses de lévriers;OK;3,7;3654
26/09/2026 13:37:17;2026-09-26T11:37:17.943Z;Courses hippiques (PMU);OK;5,1;5142
26/09/2026 13:37:17;2026-09-26T11:37:17.943Z;Courses de lévriers;OK;4,5;4488
26/09/2026 13:49:19;2026-09-26T11:49:19.325Z;Courses hippiques (PMU);OK;5,8;5826
26/09/2026 13:49:19;2026-09-26T11:49:19.325Z;Courses de lévriers;OK;5,2;5159
26/09/2026 14:01:50;2026-09-26T12:01:50.287Z;Courses hippiques (PMU);OK;6,0;6045
26/09/2026 14:01:50;2026-09-26T12:01:50.287Z;Courses de lévriers;OK;5,5;5490
26/09/2026 14:13:20;2026-09-26T12:13:20.497Z;Courses hippiques (PMU);OK;3,9;3930
26/09/2026 14:13:20;2026-09-26T12:13:20.497Z;Courses de lévriers;OK;4,9;4883
26/09/2026 14:25:21;2026-09-26T12:25:21.694Z;Courses hippiques (PMU);OK;7,6;7649
26/09/2026 14:25:21;2026-09-26T12:25:21.694Z;Courses de lévriers;OK;7,1;7078
26/09/2026 14:37:27;2026-09-26T12:37:27.361Z;Courses hippiques (PMU);OK;5,1;5131
26/09/2026 14:37:27;2026-09-26T12:37:27.361Z;Courses de lévriers;OK;7,0;6994
26/09/2026 14:49:28;2026-09-26T12:49:28.534Z;Courses hippiques (PMU);OK;5,4;5433
26/09/2026 14:49:28;2026-09-26T12:49:28.534Z;Courses de lévriers;OK;6,2;6236
26/09/2026 15:02:04;2026-09-26T13:02:04.688Z;Courses hippiques (PMU);OK;5,9;5921
26/09/2026 15:02:04;2026-09-26T13:02:04.688Z;Courses de lévriers;OK;6,3;6298
26/09/2026 15:13:23;2026-09-26T13:13:23.297Z;Courses hippiques (PMU);OK;5,6;5619
26/09/2026 15:13:23;2026-09-26T13:13:23.297Z;Courses de lévriers;OK;7,0;6957
26/09/2026 15:25:21;2026-09-26T13:25:21.565Z;Courses hippiques (PMU);OK;7,9;7854
26/09/2026 15:25:21;2026-09-26T13:25:21.565Z;Courses de lévriers;OK;4,3;4334
26/09/2026 15:37:21;2026-09-26T13:37:21.924Z;Courses hippiques (PMU);OK;6,1;6141
26/09/2026 15:37:21;2026-09-26T13:37:21.924Z;Courses de lévriers;OK;5,0;5042
26/09/2026 15:49:29;2026-09-26T13:49:29.882Z;Courses hippiques (PMU);OK;4,9;4939
26/09/2026 15:49:29;2026-09-26T13:49:29.882Z;Courses de lévriers;OK;4,5;4496
26/09/2026 16:01:48;2026-09-26T14:01:48.854Z;Courses hippiques (PMU);OK;5,1;5127
26/09/2026 16:01:48;2026-09-26T14:01:48.854Z;Courses de lévriers;OK;4,5;4505
26/09/2026 16:13:22;2026-09-26T14:13:22.336Z;Courses hippiques (PMU);OK;7,3;7273
26/09/2026 16:13:22;2026-09-26T14:13:22.336Z;Courses de lévriers;OK;5,7;5734
26/09/2026 16:25:15;2026-09-26T14:25:15.903Z;Courses hippiques (PMU);OK;5,1;5099
26/09/2026 16:25:15;2026-09-26T14:25:15.903Z;Courses de lévriers;OK;4,6;4630
26/09/2026 16:37:29;2026-09-26T14:37:29.363Z;Courses hippiques (PMU);OK;5,1;5127
26/09/2026 16:37:29;2026-09-26T14:37:29.363Z;Courses de lévriers;OK;5,5;5538
26/09/2026 16:49:26;2026-09-26T14:49:26.370Z;Courses hippiques (PMU);OK;5,0;5042
26/09/2026 16:49:26;2026-09-26T14:49:26.370Z;Courses de lévriers;OK;5,6;5595
26/09/2026 17:01:43;2026-09-26T15:01:43.823Z;Courses hippiques (PMU);OK;3,6;3626
26/09/2026 17:01:43;2026-09-26T15:01:43.823Z;Courses de lévriers;OK;3,3;3279
26/09/2026 17:13:26;2026-09-26T15:13:26.734Z;Courses hippiques (PMU);OK;5,9;5915
26/09/2026 17:13:26;2026-09-26T15:13:26.734Z;Courses de lévriers;OK;7,4;7418
26/09/2026 17:25:19;2026-09-26T15:25:19.895Z;Courses hippiques (PMU);OK;5,0;4980
26/09/2026 17:25:19;2026-09-26T15:25:19.895Z;Courses de lévriers;OK;6,3;6263
26/09/2026 17:37:21;2026-09-26T15:37:21.719Z;Courses hippiques (PMU);OK;6,5;6538
26/09/2026 17:37:21;2026-09-26T15:37:21.719Z;Courses de lévriers;OK;5,8;5750
26/09/2026 17:49:17;2026-09-26T15:49:17.048Z;Courses hippiques (PMU);OK;4,8;4756
26/09/2026 17:49:17;2026-09-26T15:49:17.048Z;Courses de lévriers;OK;4,4;4437
26/09/2026 18:01:49;2026-09-26T16:01:49.056Z;Courses hippiques (PMU);OK;5,4;5404
26/09/2026 18:01:49;2026-09-26T16:01:49.056Z;Courses de lévriers;OK;4,6;4551
26/09/2026 18:13:16;2026-09-26T16:13:16.296Z;Courses hippiques (PMU);OK;4,9;4910
26/09/2026 18:13:16;2026-09-26T16:13:16.296Z;Courses de lévriers;OK;4,5;4513
26/09/2026 18:25:22;2026-09-26T16:25:22.585Z;Courses hippiques (PMU);OK;5,0;5004
26/09/2026 18:25:22;2026-09-26T16:25:22.585Z;Courses de lévriers;OK;5,8;5792
26/09/2026 18:27:08;2026-09-26T16:27:08.751Z;Courses hippiques (PMU);OK;5,0;4989
26/09/2026 18:27:08;2026-09-26T16:27:08.751Z;Courses de lévriers;OK;12,4;12372
26/09/2026 18:37:20;2026-09-26T16:37:20.231Z;Courses hippiques (PMU);OK;5,7;5657
26/09/2026 18:37:20;2026-09-26T16:37:20.231Z;Courses de lévriers;OK;4,5;4489
26/09/2026 18:49:18;2026-09-26T16:49:18.719Z;Courses hippiques (PMU);OK;4,9;4901
26/09/2026 18:49:18;2026-09-26T16:49:18.719Z;Courses de lévriers;OK;4,6;4586
26/09/2026 19:01:47;2026-09-26T17:01:47.862Z;Courses hippiques (PMU);OK;4,7;4730
26/09/2026 19:01:47;2026-09-26T17:01:47.862Z;Courses de lévriers;OK;4,9;4877
26/09/2026 19:13:21;2026-09-26T17:13:21.092Z;Courses hippiques (PMU);OK;6,7;6654
26/09/2026 19:13:21;2026-09-26T17:13:21.092Z;Courses de lévriers;OK;5,8;5799
26/09/2026 19:25:16;2026-09-26T17:25:16.031Z;Courses hippiques (PMU);OK;4,9;4890
26/09/2026 19:25:16;2026-09-26T17:25:16.031Z;Courses de lévriers;OK;4,6;4582
26/09/2026 19:37:18;2026-09-26T17:37:18.566Z;Courses hippiques (PMU);OK;5,9;5860
26/09/2026 19:37:18;2026-09-26T17:37:18.566Z;Courses de lévriers;OK;4,5;4480
26/09/2026 19:49:26;2026-09-26T17:49:26.407Z;Courses hippiques (PMU);OK;5,7;5710
26/09/2026 19:49:26;2026-09-26T17:49:26.407Z;Courses de lévriers;OK;5,5;5501
26/09/2026 20:01:55;2026-09-26T18:01:55.080Z;Courses hippiques (PMU);OK;6,1;6092
26/09/2026 20:01:55;2026-09-26T18:01:55.080Z;Courses de lévriers;OK;5,6;5620
26/09/2026 20:13:27;2026-09-26T18:13:27.289Z;Courses hippiques (PMU);OK;6,6;6568
26/09/2026 20:13:27;2026-09-26T18:13:27.289Z;Courses de lévriers;OK;8,3;8260
26/09/2026 20:25:18;2026-09-26T18:25:18.398Z;Courses hippiques (PMU);OK;5,8;5756
26/09/2026 20:25:18;2026-09-26T18:25:18.398Z;Courses de lévriers;OK;6,4;6406
26/09/2026 20:37:20;2026-09-26T18:37:20.791Z;Courses hippiques (PMU);OK;5,0;5029
26/09/2026 20:37:20;2026-09-26T18:37:20.791Z;Courses de lévriers;OK;5,4;5434
26/09/2026 20:49:24;2026-09-26T18:49:24.050Z;Courses hippiques (PMU);OK;5,2;5192
26/09/2026 20:49:24;2026-09-26T18:49:24.050Z;Courses de lévriers;OK;7,6;7649
26/09/2026 21:01:49;2026-09-26T19:01:49.488Z;Courses hippiques (PMU);OK;5,2;5241
26/09/2026 21:01:49;2026-09-26T19:01:49.488Z;Courses de lévriers;OK;7,5;7455
26/09/2026 21:13:18;2026-09-26T19:13:18.712Z;Courses hippiques (PMU);OK;5,1;5146
26/09/2026 21:13:18;2026-09-26T19:13:18.712Z;Courses de lévriers;OK;4,5;4457
26/09/2026 21:25:16;2026-09-26T19:25:16.410Z;Courses hippiques (PMU);OK;4,6;4565
26/09/2026 21:25:16;2026-09-26T19:25:16.410Z;Courses de lévriers;OK;4,1;4058
26/09/2026 21:37:21;2026-09-26T19:37:21.837Z;Courses hippiques (PMU);OK;5,6;5617
26/09/2026 21:37:21;2026-09-26T19:37:21.837Z;Courses de lévriers;OK;5,7;5679
26/09/2026 21:49:28;2026-09-26T19:49:28.853Z;Courses hippiques (PMU);OK;4,9;4934
26/09/2026 21:49:28;2026-09-26T19:49:28.853Z;Courses de lévriers;OK;4,8;4781
26/09/2026 22:02:01;2026-09-26T20:02:01.589Z;Courses hippiques (PMU);OK;5,5;5523
26/09/2026 22:02:01;2026-09-26T20:02:01.589Z;Courses de lévriers;OK;5,9;5944
26/09/2026 22:13:16;2026-09-26T20:13:16.261Z;Courses hippiques (PMU);OK;4,1;4111
26/09/2026 22:13:16;2026-09-26T20:13:16.261Z;Courses de lévriers;OK;4,4;4447
26/09/2026 22:25:15;2026-09-26T20:25:15.818Z;Courses hippiques (PMU);OK;4,9;4917
26/09/2026 22:25:15;2026-09-26T20:25:15.818Z;Courses de lévriers;OK;5,1;5148
26/09/2026 22:37:18;2026-09-26T20:37:18.774Z;Courses hippiques (PMU);OK;5,2;5184
26/09/2026 22:37:18;2026-09-26T20:37:18.774Z;Courses de lévriers;OK;5,5;5511
26/09/2026 22:49:27;2026-09-26T20:49:27.536Z;Courses hippiques (PMU);OK;4,1;4107
26/09/2026 22:49:27;2026-09-26T20:49:27.536Z;Courses de lévriers;OK;4,7;4740
26/09/2026 23:01:51;2026-09-26T21:01:51.915Z;Courses hippiques (PMU);OK;6,1;6121
26/09/2026 23:01:51;2026-09-26T21:01:51.915Z;Courses de lévriers;OK;5,7;5669
26/09/2026 23:13:32;2026-09-26T21:13:32.607Z;Courses hippiques (PMU);OK;6,5;6543
26/09/2026 23:13:32;2026-09-26T21:13:32.607Z;Courses de lévriers;OK;5,8;5782
26/09/2026 23:25:54;2026-09-26T21:25:54.872Z;Courses hippiques (PMU);OK;5,1;5139
26/09/2026 23:25:54;2026-09-26T21:25:54.872Z;Courses de lévriers;OK;3,6;3585
26/09/2026 23:37:20;2026-09-26T21:37:20.731Z;Courses hippiques (PMU);OK;5,2;5225
26/09/2026 23:37:20;2026-09-26T21:37:20.731Z;Courses de lévriers;OK;5,6;5629
26/09/2026 23:49:15;2026-09-26T21:49:15.765Z;Courses hippiques (PMU);OK;4,2;4157
26/09/2026 23:49:15;2026-09-26T21:49:15.765Z;Courses de lévriers;OK;5,8;5808
27/09/2026 01:39:49;2026-09-26T23:39:49.873Z;Courses hippiques (PMU);OK;3,4;3409
27/09/2026 01:39:49;2026-09-26T23:39:49.873Z;Courses de lévriers;OK;1,7;1657
27/09/2026 07:22:23;2026-09-27T05:22:23.471Z;Courses hippiques (PMU);OK;2,3;2340
27/09/2026 07:22:23;2026-09-27T05:22:23.471Z;Courses de lévriers;OK;2,2;2171
27/09/2026 08:01:42;2026-09-27T06:01:42.090Z;Courses hippiques (PMU);OK;2,9;2894
27/09/2026 08:01:42;2026-09-27T06:01:42.090Z;Courses de lévriers;OK;1,6;1650
27/09/2026 08:13:16;2026-09-27T06:13:16.948Z;Courses hippiques (PMU);OK;2,0;2044
27/09/2026 08:13:16;2026-09-27T06:13:16.948Z;Courses de lévriers;OK;1,8;1772
27/09/2026 08:25:11;2026-09-27T06:25:11.386Z;Courses hippiques (PMU);OK;2,0;1966
27/09/2026 08:25:11;2026-09-27T06:25:11.386Z;Courses de lévriers;OK;1,5;1504
27/09/2026 08:37:15;2026-09-27T06:37:15.083Z;Courses hippiques (PMU);OK;4,5;4525
27/09/2026 08:37:15;2026-09-27T06:37:15.083Z;Courses de lévriers;OK;4,6;4617
27/09/2026 08:49:16;2026-09-27T06:49:16.138Z;Courses hippiques (PMU);OK;5,1;5066
27/09/2026 08:49:16;2026-09-27T06:49:16.138Z;Courses de lévriers;OK;4,6;4560
27/09/2026 09:01:45;2026-09-27T07:01:45.245Z;Courses hippiques (PMU);OK;4,9;4922
27/09/2026 09:01:45;2026-09-27T07:01:45.245Z;Courses de lévriers;OK;4,7;4710
27/09/2026 09:13:15;2026-09-27T07:13:15.692Z;Courses hippiques (PMU);OK;4,9;4866
27/09/2026 09:13:15;2026-09-27T07:13:15.692Z;Courses de lévriers;OK;4,4;4420
27/09/2026 09:25:26;2026-09-27T07:25:26.536Z;Courses hippiques (PMU);OK;5,1;5071
27/09/2026 09:25:26;2026-09-27T07:25:26.536Z;Courses de lévriers;OK;6,3;6350
27/09/2026 09:37:17;2026-09-27T07:37:17.851Z;Courses hippiques (PMU);OK;5,2;5245
27/09/2026 09:37:17;2026-09-27T07:37:17.851Z;Courses de lévriers;OK;4,9;4897
27/09/2026 09:49:23;2026-09-27T07:49:23.947Z;Courses hippiques (PMU);OK;6,9;6853
27/09/2026 09:49:23;2026-09-27T07:49:23.947Z;Courses de lévriers;OK;5,8;5831
27/09/2026 10:01:44;2026-09-27T08:01:44.546Z;Courses hippiques (PMU);OK;5,3;5262
27/09/2026 10:01:44;2026-09-27T08:01:44.546Z;Courses de lévriers;OK;4,5;4460
27/09/2026 10:13:30;2026-09-27T08:13:30.258Z;Courses hippiques (PMU);OK;5,4;5426
27/09/2026 10:13:30;2026-09-27T08:13:30.258Z;Courses de lévriers;OK;5,6;5603
27/09/2026 10:25:17;2026-09-27T08:25:17.856Z;Courses hippiques (PMU);OK;3,7;3724
27/09/2026 10:25:17;2026-09-27T08:25:17.856Z;Courses de lévriers;OK;3,4;3392
27/09/2026 10:37:20;2026-09-27T08:37:20.219Z;Courses hippiques (PMU);ECHEC;5,4;5398
27/09/2026 10:37:20;2026-09-27T08:37:20.219Z;Courses de lévriers;OK;5,0;4977
27/09/2026 10:49:54;2026-09-27T08:49:54.813Z;Courses hippiques (PMU);OK;5,9;5899
27/09/2026 10:49:54;2026-09-27T08:49:54.813Z;Courses de lévriers;OK;6,6;6637
27/09/2026 11:01:51;2026-09-27T09:01:51.627Z;Courses hippiques (PMU);OK;4,4;4363
27/09/2026 11:01:51;2026-09-27T09:01:51.627Z;Courses de lévriers;OK;4,6;4581
27/09/2026 11:13:23;2026-09-27T09:13:23.432Z;Courses hippiques (PMU);ECHEC;4,7;4659
27/09/2026 11:13:23;2026-09-27T09:13:23.432Z;Courses de lévriers;OK;5,7;5711
27/09/2026 11:25:37;2026-09-27T09:25:37.633Z;Courses hippiques (PMU);OK;5,1;5080
27/09/2026 11:25:37;2026-09-27T09:25:37.633Z;Courses de lévriers;OK;4,5;4464
27/09/2026 11:37:21;2026-09-27T09:37:21.424Z;Courses hippiques (PMU);OK;6,1;6142
27/09/2026 11:37:21;2026-09-27T09:37:21.424Z;Courses de lévriers;OK;5,6;5595
27/09/2026 11:49:18;2026-09-27T09:49:18.688Z;Courses hippiques (PMU);ECHEC;5,0;4977
27/09/2026 11:49:18;2026-09-27T09:49:18.688Z;Courses de lévriers;OK;3,5;3505
27/09/2026 12:01:46;2026-09-27T10:01:46.224Z;Courses hippiques (PMU);OK;5,3;5273
27/09/2026 12:01:46;2026-09-27T10:01:46.224Z;Courses de lévriers;OK;4,5;4465
27/09/2026 12:13:17;2026-09-27T10:13:17.171Z;Courses hippiques (PMU);ECHEC;4,2;4203
27/09/2026 12:13:17;2026-09-27T10:13:17.171Z;Courses de lévriers;OK;4,4;4447
27/09/2026 12:25:31;2026-09-27T10:25:31.226Z;Courses hippiques (PMU);OK;5,2;5183
27/09/2026 12:25:31;2026-09-27T10:25:31.226Z;Courses de lévriers;OK;5,6;5625
27/09/2026 12:37:26;2026-09-27T10:37:26.217Z;Courses hippiques (PMU);OK;4,3;4263
27/09/2026 12:37:26;2026-09-27T10:37:26.217Z;Courses de lévriers;OK;3,2;3201
27/09/2026 12:49:30;2026-09-27T10:49:30.295Z;Courses hippiques (PMU);ECHEC;4,9;4947
27/09/2026 12:49:30;2026-09-27T10:49:30.295Z;Courses de lévriers;OK;8,1;8102
27/09/2026 13:01:51;2026-09-27T11:01:51.833Z;Courses hippiques (PMU);OK;5,6;5570
27/09/2026 13:01:51;2026-09-27T11:01:51.833Z;Courses de lévriers;OK;5,7;5667
27/09/2026 13:13:23;2026-09-27T11:13:23.393Z;Courses hippiques (PMU);OK;4,9;4872
27/09/2026 13:13:23;2026-09-27T11:13:23.393Z;Courses de lévriers;OK;5,3;5299
27/09/2026 13:25:18;2026-09-27T11:25:18.222Z;Courses hippiques (PMU);OK;5,7;5724
27/09/2026 13:25:18;2026-09-27T11:25:18.222Z;Courses de lévriers;OK;5,4;5444
27/09/2026 13:37:16;2026-09-27T11:37:16.238Z;Courses hippiques (PMU);OK;5,3;5339
27/09/2026 13:37:16;2026-09-27T11:37:16.238Z;Courses de lévriers;OK;4,8;4760
27/09/2026 13:49:17;2026-09-27T11:49:17.549Z;Courses hippiques (PMU);OK;5,1;5057
27/09/2026 13:49:17;2026-09-27T11:49:17.549Z;Courses de lévriers;OK;4,5;4544
27/09/2026 14:01:56;2026-09-27T12:01:56.058Z;Courses hippiques (PMU);OK;5,4;5378
27/09/2026 14:01:56;2026-09-27T12:01:56.058Z;Courses de lévriers;OK;10,5;10474
27/09/2026 14:07:16;2026-09-27T12:07:16.387Z;Courses hippiques (PMU);OK;4,3;4305
27/09/2026 14:07:16;2026-09-27T12:07:16.387Z;Courses de lévriers;OK;3,4;3405
27/09/2026 14:13:19;2026-09-27T12:13:19.511Z;Courses hippiques (PMU);ECHEC;4,5;4498
27/09/2026 14:13:19;2026-09-27T12:13:19.511Z;Courses de lévriers;OK;4,6;4597
27/09/2026 14:25:21;2026-09-27T12:25:21.454Z;Courses hippiques (PMU);OK;5,4;5438
27/09/2026 14:25:21;2026-09-27T12:25:21.454Z;Courses de lévriers;OK;5,6;5635
27/09/2026 14:37:17;2026-09-27T12:37:17.960Z;Courses hippiques (PMU);OK;5,0;5007
27/09/2026 14:37:17;2026-09-27T12:37:17.960Z;Courses de lévriers;OK;5,6;5570
27/09/2026 14:49:24;2026-09-27T12:49:24.343Z;Courses hippiques (PMU);ECHEC;4,6;4644
27/09/2026 14:49:24;2026-09-27T12:49:24.343Z;Courses de lévriers;OK;5,2;5179
27/09/2026 15:02:05;2026-09-27T13:02:05.009Z;Courses hippiques (PMU);OK;5,1;5129
27/09/2026 15:02:05;2026-09-27T13:02:05.009Z;Courses de lévriers;OK;7,3;7272
27/09/2026 15:13:29;2026-09-27T13:13:29.915Z;Courses hippiques (PMU);OK;5,1;5102
27/09/2026 15:13:29;2026-09-27T13:13:29.915Z;Courses de lévriers;OK;5,9;5921
27/09/2026 15:25:25;2026-09-27T13:25:25.840Z;Courses hippiques (PMU);OK;8,4;8450
27/09/2026 15:25:25;2026-09-27T13:25:25.840Z;Courses de lévriers;OK;8,4;8405
27/09/2026 15:37:22;2026-09-27T13:37:22.992Z;Courses hippiques (PMU);OK;7,3;7258
27/09/2026 15:37:22;2026-09-27T13:37:22.992Z;Courses de lévriers;ECHEC;7,0;7033
27/09/2026 15:49:23;2026-09-27T13:49:23.928Z;Courses hippiques (PMU);OK;6,7;6708
27/09/2026 15:49:23;2026-09-27T13:49:23.928Z;Courses de lévriers;OK;9,7;9708
27/09/2026 16:01:51;2026-09-27T14:01:51.979Z;Courses hippiques (PMU);OK;5,0;4978
27/09/2026 16:01:51;2026-09-27T14:01:51.979Z;Courses de lévriers;OK;6,6;6569
27/09/2026 16:13:28;2026-09-27T14:13:28.224Z;Courses hippiques (PMU);OK;5,6;5616
27/09/2026 16:13:28;2026-09-27T14:13:28.224Z;Courses de lévriers;OK;7,2;7187
27/09/2026 16:25:26;2026-09-27T14:25:26.282Z;Courses hippiques (PMU);OK;4,9;4884
27/09/2026 16:25:26;2026-09-27T14:25:26.282Z;Courses de lévriers;OK;6,2;6162
27/09/2026 16:37:30;2026-09-27T14:37:30.780Z;Courses hippiques (PMU);OK;4,7;4674
27/09/2026 16:37:30;2026-09-27T14:37:30.780Z;Courses de lévriers;OK;5,4;5415
27/09/2026 16:49:22;2026-09-27T14:49:22.547Z;Courses hippiques (PMU);OK;5,4;5436
27/09/2026 16:49:22;2026-09-27T14:49:22.547Z;Courses de lévriers;OK;6,0;6016
27/09/2026 17:01:49;2026-09-27T15:01:49.431Z;Courses hippiques (PMU);ECHEC;3,3;3334
27/09/2026 17:01:49;2026-09-27T15:01:49.431Z;Courses de lévriers;OK;4,7;4707
27/09/2026 17:13:22;2026-09-27T15:13:22.670Z;Courses hippiques (PMU);ECHEC;5,2;5238
27/09/2026 17:13:22;2026-09-27T15:13:22.670Z;Courses de lévriers;OK;5,8;5786
27/09/2026 17:25:17;2026-09-27T15:25:17.573Z;Courses hippiques (PMU);OK;4,6;4622
27/09/2026 17:25:17;2026-09-27T15:25:17.573Z;Courses de lévriers;OK;5,1;5063
27/09/2026 17:37:22;2026-09-27T15:37:22.206Z;Courses hippiques (PMU);OK;7,6;7638
27/09/2026 17:37:22;2026-09-27T15:37:22.206Z;Courses de lévriers;OK;6,8;6837
27/09/2026 17:49:25;2026-09-27T15:49:25.497Z;Courses hippiques (PMU);OK;5,6;5633
27/09/2026 17:49:25;2026-09-27T15:49:25.497Z;Courses de lévriers;OK;5,3;5288
27/09/2026 18:01:53;2026-09-27T16:01:53.735Z;Courses hippiques (PMU);OK;4,9;4908
27/09/2026 18:01:53;2026-09-27T16:01:53.735Z;Courses de lévriers;OK;5,5;5545
27/09/2026 18:13:19;2026-09-27T16:13:19.447Z;Courses hippiques (PMU);OK;5,3;5271
27/09/2026 18:13:19;2026-09-27T16:13:19.447Z;Courses de lévriers;OK;6,5;6522
27/09/2026 18:25:26;2026-09-27T16:25:26.562Z;Courses hippiques (PMU);OK;5,6;5569
27/09/2026 18:25:26;2026-09-27T16:25:26.562Z;Courses de lévriers;OK;5,2;5234
27/09/2026 18:37:28;2026-09-27T16:37:28.918Z;Courses hippiques (PMU);OK;3,9;3932
27/09/2026 18:37:28;2026-09-27T16:37:28.918Z;Courses de lévriers;OK;4,5;4463
27/09/2026 18:49:16;2026-09-27T16:49:16.574Z;Courses hippiques (PMU);OK;4,8;4788
27/09/2026 18:49:16;2026-09-27T16:49:16.574Z;Courses de lévriers;OK;4,6;4580
27/09/2026 19:00:58;2026-09-27T17:00:58.457Z;Courses hippiques (PMU);ECHEC;4,0;4043
27/09/2026 19:00:58;2026-09-27T17:00:58.457Z;Courses de lévriers;OK;4,7;4700
27/09/2026 19:01:52;2026-09-27T17:01:52.579Z;Courses hippiques (PMU);OK;5,4;5388
27/09/2026 19:01:52;2026-09-27T17:01:52.579Z;Courses de lévriers;OK;5,9;5867
27/09/2026 19:14:06;2026-09-27T17:14:06.099Z;Courses hippiques (PMU);OK;4,9;4939
27/09/2026 19:14:06;2026-09-27T17:14:06.099Z;Courses de lévriers;OK;5,5;5482
27/09/2026 19:25:23;2026-09-27T17:25:23.930Z;Courses hippiques (PMU);OK;6,7;6658
27/09/2026 19:25:23;2026-09-27T17:25:23.930Z;Courses de lévriers;OK;5,2;5238
27/09/2026 19:37:11;2026-09-27T17:37:11.917Z;Courses hippiques (PMU);OK;4,7;4732
27/09/2026 19:37:11;2026-09-27T17:37:11.917Z;Courses de lévriers;OK;3,5;3541
27/09/2026 19:49:28;2026-09-27T17:49:28.275Z;Courses hippiques (PMU);OK;6,8;6827
27/09/2026 19:49:28;2026-09-27T17:49:28.275Z;Courses de lévriers;OK;5,6;5561
27/09/2026 20:01:43;2026-09-27T18:01:43.299Z;Courses hippiques (PMU);OK;4,9;4948
27/09/2026 20:01:43;2026-09-27T18:01:43.299Z;Courses de lévriers;OK;4,4;4417
27/09/2026 20:13:28;2026-09-27T18:13:28.892Z;Courses hippiques (PMU);OK;7,2;7177
27/09/2026 20:13:28;2026-09-27T18:13:28.892Z;Courses de lévriers;OK;6,4;6355
27/09/2026 20:25:20;2026-09-27T18:25:20.149Z;Courses hippiques (PMU);OK;6,1;6056
27/09/2026 20:25:20;2026-09-27T18:25:20.149Z;Courses de lévriers;OK;4,4;4449
27/09/2026 20:37:20;2026-09-27T18:37:20.137Z;Courses hippiques (PMU);OK;5,9;5890
27/09/2026 20:37:20;2026-09-27T18:37:20.137Z;Courses de lévriers;OK;4,8;4790
27/09/2026 20:49:28;2026-09-27T18:49:28.635Z;Courses hippiques (PMU);OK;5,1;5121
27/09/2026 20:49:28;2026-09-27T18:49:28.635Z;Courses de lévriers;OK;6,4;6373
27/09/2026 21:01:51;2026-09-27T19:01:51.950Z;Courses hippiques (PMU);OK;5,6;5580
27/09/2026 21:01:51;2026-09-27T19:01:51.950Z;Courses de lévriers;OK;4,7;4731
27/09/2026 21:13:23;2026-09-27T19:13:23.416Z;Courses hippiques (PMU);OK;5,3;5262
27/09/2026 21:13:23;2026-09-27T19:13:23.416Z;Courses de lévriers;OK;5,3;5318
27/09/2026 21:25:21;2026-09-27T19:25:21.999Z;Courses hippiques (PMU);OK;5,4;5438
27/09/2026 21:25:21;2026-09-27T19:25:21.999Z;Courses de lévriers;OK;6,1;6142
27/09/2026 21:37:22;2026-09-27T19:37:22.804Z;Courses hippiques (PMU);OK;5,8;5822
27/09/2026 21:37:22;2026-09-27T19:37:22.804Z;Courses de lévriers;OK;6,2;6196
27/09/2026 21:49:21;2026-09-27T19:49:21.542Z;Courses hippiques (PMU);OK;5,8;5798
27/09/2026 21:49:21;2026-09-27T19:49:21.542Z;Courses de lévriers;OK;6,0;5997
27/09/2026 22:01:48;2026-09-27T20:01:48.475Z;Courses hippiques (PMU);OK;5,8;5815
27/09/2026 22:01:48;2026-09-27T20:01:48.475Z;Courses de lévriers;OK;6,0;6032
27/09/2026 22:13:16;2026-09-27T20:13:16.439Z;Courses hippiques (PMU);OK;5,0;4972
27/09/2026 22:13:16;2026-09-27T20:13:16.439Z;Courses de lévriers;OK;4,6;4647
27/09/2026 22:25:23;2026-09-27T20:25:23.826Z;Courses hippiques (PMU);OK;4,9;4929
27/09/2026 22:25:23;2026-09-27T20:25:23.826Z;Courses de lévriers;OK;7,2;7185
27/09/2026 22:37:18;2026-09-27T20:37:18.560Z;Courses hippiques (PMU);OK;4,8;4828
27/09/2026 22:37:18;2026-09-27T20:37:18.560Z;Courses de lévriers;OK;5,5;5496
27/09/2026 22:49:17;2026-09-27T20:49:17.919Z;Courses hippiques (PMU);OK;4,2;4245
27/09/2026 22:49:17;2026-09-27T20:49:17.919Z;Courses de lévriers;OK;5,3;5348
27/09/2026 23:01:52;2026-09-27T21:01:52.561Z;Courses hippiques (PMU);OK;5,0;5021
27/09/2026 23:01:52;2026-09-27T21:01:52.561Z;Courses de lévriers;OK;4,6;4558
27/09/2026 23:13:17;2026-09-27T21:13:17.458Z;Courses hippiques (PMU);OK;4,8;4795
27/09/2026 23:13:17;2026-09-27T21:13:17.458Z;Courses de lévriers;OK;4,7;4711
27/09/2026 23:23:55;2026-09-27T21:23:55.917Z;Courses hippiques (PMU);OK;5,0;4992
27/09/2026 23:23:55;2026-09-27T21:23:55.917Z;Courses de lévriers;OK;5,4;5360
27/09/2026 23:25:53;2026-09-27T21:25:53.201Z;Courses hippiques (PMU);OK;4,0;4010
27/09/2026 23:25:53;2026-09-27T21:25:53.201Z;Courses de lévriers;OK;5,4;5413
27/09/2026 23:37:37;2026-09-27T21:37:37.309Z;Courses hippiques (PMU);OK;6,4;6361
27/09/2026 23:37:37;2026-09-27T21:37:37.309Z;Courses de lévriers;OK;6,8;6769
27/09/2026 23:49:33;2026-09-27T21:49:33.267Z;Courses hippiques (PMU);OK;5,0;5044
27/09/2026 23:49:33;2026-09-27T21:49:33.267Z;Courses de lévriers;OK;5,5;5517
28/09/2026 07:28:37;2026-09-28T05:28:37.766Z;Courses hippiques (PMU);OK;3,1;3113
28/09/2026 07:28:37;2026-09-28T05:28:37.766Z;Courses de lévriers;OK;1,3;1319
28/09/2026 08:01:38;2026-09-28T06:01:38.247Z;Courses hippiques (PMU);OK;2,0;2040
28/09/2026 08:01:38;2026-09-28T06:01:38.247Z;Courses de lévriers;OK;1,3;1330
28/09/2026 08:13:16;2026-09-28T06:13:16.409Z;Courses hippiques (PMU);OK;2,7;2717
28/09/2026 08:13:16;2026-09-28T06:13:16.409Z;Courses de lévriers;OK;3,2;3174
28/09/2026 08:25:21;2026-09-28T06:25:21.218Z;Courses hippiques (PMU);OK;2,1;2143
28/09/2026 08:25:21;2026-09-28T06:25:21.218Z;Courses de lévriers;OK;1,8;1758
28/09/2026 08:37:25;2026-09-28T06:37:25.602Z;Courses hippiques (PMU);OK;7,0;7029
28/09/2026 08:37:25;2026-09-28T06:37:25.602Z;Courses de lévriers;OK;5,8;5776
28/09/2026 08:49:22;2026-09-28T06:49:22.713Z;Courses hippiques (PMU);OK;5,7;5650
28/09/2026 08:49:22;2026-09-28T06:49:22.713Z;Courses de lévriers;OK;6,2;6201
28/09/2026 09:01:51;2026-09-28T07:01:51.832Z;Courses hippiques (PMU);OK;5,6;5552
28/09/2026 09:01:51;2026-09-28T07:01:51.832Z;Courses de lévriers;OK;4,7;4663
28/09/2026 09:13:20;2026-09-28T07:13:20.536Z;Courses hippiques (PMU);OK;5,1;5088
28/09/2026 09:13:20;2026-09-28T07:13:20.536Z;Courses de lévriers;OK;4,5;4507
28/09/2026 09:25:17;2026-09-28T07:25:17.684Z;Courses hippiques (PMU);OK;5,3;5315
28/09/2026 09:25:17;2026-09-28T07:25:17.684Z;Courses de lévriers;OK;5,4;5363
28/09/2026 09:37:27;2026-09-28T07:37:27.987Z;Courses hippiques (PMU);OK;5,3;5255
28/09/2026 09:37:27;2026-09-28T07:37:27.987Z;Courses de lévriers;OK;5,9;5874
28/09/2026 09:49:29;2026-09-28T07:49:29.367Z;Courses hippiques (PMU);OK;5,6;5627
28/09/2026 09:49:29;2026-09-28T07:49:29.367Z;Courses de lévriers;OK;5,6;5630
28/09/2026 10:01:50;2026-09-28T08:01:50.057Z;Courses hippiques (PMU);OK;5,0;4999
28/09/2026 10:01:50;2026-09-28T08:01:50.057Z;Courses de lévriers;OK;5,4;5446
28/09/2026 10:13:31;2026-09-28T08:13:31.424Z;Courses hippiques (PMU);OK;5,7;5683
28/09/2026 10:13:31;2026-09-28T08:13:31.424Z;Courses de lévriers;OK;6,6;6614
28/09/2026 10:25:32;2026-09-28T08:25:32.616Z;Courses hippiques (PMU);OK;5,2;5177
28/09/2026 10:25:32;2026-09-28T08:25:32.616Z;Courses de lévriers;OK;5,9;5920
28/09/2026 10:37:20;2026-09-28T08:37:20.597Z;Courses hippiques (PMU);OK;5,2;5199
28/09/2026 10:37:20;2026-09-28T08:37:20.597Z;Courses de lévriers;OK;6,0;6017
28/09/2026 10:49:30;2026-09-28T08:49:30.316Z;Courses hippiques (PMU);OK;5,0;4983
28/09/2026 10:49:30;2026-09-28T08:49:30.316Z;Courses de lévriers;OK;6,3;6335
28/09/2026 11:01:52;2026-09-28T09:01:52.926Z;Courses hippiques (PMU);OK;4,5;4525
28/09/2026 11:01:52;2026-09-28T09:01:52.926Z;Courses de lévriers;OK;4,1;4071
28/09/2026 11:13:24;2026-09-28T09:13:24.724Z;Courses hippiques (PMU);OK;5,2;5249
28/09/2026 11:13:24;2026-09-28T09:13:24.724Z;Courses de lévriers;OK;6,5;6518
28/09/2026 11:25:30;2026-09-28T09:25:30.721Z;Courses hippiques (PMU);OK;5,5;5478
28/09/2026 11:25:30;2026-09-28T09:25:30.721Z;Courses de lévriers;OK;4,3;4287
28/09/2026 11:37:21;2026-09-28T09:37:21.920Z;Courses hippiques (PMU);OK;4,8;4843
28/09/2026 11:37:21;2026-09-28T09:37:21.920Z;Courses de lévriers;OK;4,9;4861
28/09/2026 11:49:19;2026-09-28T09:49:19.333Z;Courses hippiques (PMU);OK;4,7;4725
28/09/2026 11:49:19;2026-09-28T09:49:19.333Z;Courses de lévriers;OK;6,0;6029
28/09/2026 12:01:54;2026-09-28T10:01:54.482Z;Courses hippiques (PMU);OK;5,6;5591
28/09/2026 12:01:54;2026-09-28T10:01:54.482Z;Courses de lévriers;OK;6,2;6211
28/09/2026 12:13:40;2026-09-28T10:13:40.089Z;Courses hippiques (PMU);ECHEC;8,7;8744
28/09/2026 12:13:40;2026-09-28T10:13:40.089Z;Courses de lévriers;OK;6,3;6258
28/09/2026 12:25:28;2026-09-28T10:25:28.971Z;Courses hippiques (PMU);OK;5,3;5281
28/09/2026 12:25:28;2026-09-28T10:25:28.971Z;Courses de lévriers;OK;14,0;13991
28/09/2026 12:37:25;2026-09-28T10:37:25.550Z;Courses hippiques (PMU);OK;5,9;5935
28/09/2026 12:37:25;2026-09-28T10:37:25.550Z;Courses de lévriers;OK;8,1;8128
28/09/2026 12:49:22;2026-09-28T10:49:22.547Z;Courses hippiques (PMU);OK;5,1;5082
28/09/2026 12:49:22;2026-09-28T10:49:22.547Z;Courses de lévriers;OK;5,6;5587
28/09/2026 13:01:54;2026-09-28T11:01:54.782Z;Courses hippiques (PMU);OK;5,4;5399
28/09/2026 13:01:54;2026-09-28T11:01:54.782Z;Courses de lévriers;OK;7,7;7724
28/09/2026 13:13:20;2026-09-28T11:13:20.583Z;Courses hippiques (PMU);OK;5,0;4962
28/09/2026 13:13:20;2026-09-28T11:13:20.583Z;Courses de lévriers;OK;5,5;5454
28/09/2026 13:25:24;2026-09-28T11:25:24.079Z;Courses hippiques (PMU);OK;6,9;6881
28/09/2026 13:25:24;2026-09-28T11:25:24.079Z;Courses de lévriers;OK;5,3;5272
28/09/2026 13:37:20;2026-09-28T11:37:20.638Z;Courses hippiques (PMU);OK;4,9;4896
28/09/2026 13:37:20;2026-09-28T11:37:20.638Z;Courses de lévriers;OK;5,5;5515
28/09/2026 13:49:26;2026-09-28T11:49:26.278Z;Courses hippiques (PMU);OK;5,9;5939
28/09/2026 13:49:26;2026-09-28T11:49:26.278Z;Courses de lévriers;OK;6,3;6265
28/09/2026 14:01:48;2026-09-28T12:01:48.860Z;Courses hippiques (PMU);OK;4,6;4641
28/09/2026 14:01:48;2026-09-28T12:01:48.860Z;Courses de lévriers;OK;5,4;5436
28/09/2026 14:13:31;2026-09-28T12:13:31.413Z;Courses hippiques (PMU);OK;5,8;5847
28/09/2026 14:13:31;2026-09-28T12:13:31.413Z;Courses de lévriers;OK;6,2;6162
28/09/2026 14:25:35;2026-09-28T12:25:35.984Z;Courses hippiques (PMU);OK;9,4;9397
28/09/2026 14:25:35;2026-09-28T12:25:35.984Z;Courses de lévriers;OK;6,2;6163
28/09/2026 14:37:28;2026-09-28T12:37:28.917Z;Courses hippiques (PMU);OK;6,8;6804
28/09/2026 14:37:28;2026-09-28T12:37:28.917Z;Courses de lévriers;ECHEC;9,6;9560
28/09/2026 14:49:20;2026-09-28T12:49:20.170Z;Courses hippiques (PMU);OK;4,8;4825
28/09/2026 14:49:20;2026-09-28T12:49:20.170Z;Courses de lévriers;OK;5,6;5582
28/09/2026 15:02:03;2026-09-28T13:02:03.199Z;Courses hippiques (PMU);OK;5,6;5645
28/09/2026 15:02:03;2026-09-28T13:02:03.199Z;Courses de lévriers;OK;6,1;6130
28/09/2026 15:13:23;2026-09-28T13:13:23.958Z;Courses hippiques (PMU);OK;5,2;5181
28/09/2026 15:13:23;2026-09-28T13:13:23.958Z;Courses de lévriers;OK;4,9;4907
28/09/2026 15:25:28;2026-09-28T13:25:28.899Z;Courses hippiques (PMU);OK;6,0;5972
28/09/2026 15:25:28;2026-09-28T13:25:28.899Z;Courses de lévriers;OK;4,8;4815
28/09/2026 15:37:31;2026-09-28T13:37:31.683Z;Courses hippiques (PMU);OK;6,6;6645
28/09/2026 15:37:31;2026-09-28T13:37:31.683Z;Courses de lévriers;OK;5,9;5869
28/09/2026 15:49:23;2026-09-28T13:49:23.552Z;Courses hippiques (PMU);OK;4,8;4786
28/09/2026 15:49:23;2026-09-28T13:49:23.552Z;Courses de lévriers;OK;5,4;5376
28/09/2026 16:01:42;2026-09-28T14:01:42.865Z;Courses hippiques (PMU);ECHEC;5,7;5681
28/09/2026 16:01:42;2026-09-28T14:01:42.865Z;Courses de lévriers;OK;7,4;7432
28/09/2026 16:13:56;2026-09-28T14:13:56.998Z;Courses hippiques (PMU);OK;5,4;5395
28/09/2026 16:13:56;2026-09-28T14:13:56.998Z;Courses de lévriers;OK;5,4;5416
28/09/2026 16:25:27;2026-09-28T14:25:27.209Z;Courses hippiques (PMU);OK;6,9;6932
28/09/2026 16:25:27;2026-09-28T14:25:27.209Z;Courses de lévriers;OK;5,3;5256
28/09/2026 16:37:23;2026-09-28T14:37:23.157Z;Courses hippiques (PMU);OK;5,1;5060
28/09/2026 16:37:23;2026-09-28T14:37:23.157Z;Courses de lévriers;OK;4,9;4858
28/09/2026 16:49:38;2026-09-28T14:49:38.105Z;Courses hippiques (PMU);OK;5,2;5182
28/09/2026 16:49:38;2026-09-28T14:49:38.105Z;Courses de lévriers;OK;6,8;6802
28/09/2026 17:01:56;2026-09-28T15:01:56.425Z;Courses hippiques (PMU);OK;5,1;5136
28/09/2026 17:01:56;2026-09-28T15:01:56.425Z;Courses de lévriers;OK;5,4;5426
28/09/2026 17:13:25;2026-09-28T15:13:25.658Z;Courses hippiques (PMU);OK;5,0;4974
28/09/2026 17:13:25;2026-09-28T15:13:25.658Z;Courses de lévriers;OK;5,1;5078
28/09/2026 17:25:27;2026-09-28T15:25:27.263Z;Courses hippiques (PMU);OK;5,1;5122
28/09/2026 17:25:27;2026-09-28T15:25:27.263Z;Courses de lévriers;OK;4,5;4501
28/09/2026 17:37:36;2026-09-28T15:37:36.891Z;Courses hippiques (PMU);OK;5,3;5269
28/09/2026 17:37:36;2026-09-28T15:37:36.891Z;Courses de lévriers;OK;6,1;6132
28/09/2026 17:49:32;2026-09-28T15:49:32.298Z;Courses hippiques (PMU);OK;4,9;4855
28/09/2026 17:49:32;2026-09-28T15:49:32.298Z;Courses de lévriers;OK;5,5;5500
28/09/2026 18:01:50;2026-09-28T16:01:50.969Z;Courses hippiques (PMU);ECHEC;4,3;4328
28/09/2026 18:01:50;2026-09-28T16:01:50.969Z;Courses de lévriers;OK;3,6;3582
28/09/2026 18:13:28;2026-09-28T16:13:28.702Z;Courses hippiques (PMU);ECHEC;5,6;5608
28/09/2026 18:13:28;2026-09-28T16:13:28.702Z;Courses de lévriers;OK;5,8;5776
28/09/2026 18:25:24;2026-09-28T16:25:24.540Z;Courses hippiques (PMU);OK;8,3;8277
28/09/2026 18:25:24;2026-09-28T16:25:24.540Z;Courses de lévriers;OK;5,4;5401
28/09/2026 18:37:29;2026-09-28T16:37:29.512Z;Courses hippiques (PMU);ECHEC;8,6;8585
28/09/2026 18:37:29;2026-09-28T16:37:29.512Z;Courses de lévriers;ECHEC;5,7;5731
28/09/2026 18:49:44;2026-09-28T16:49:44.720Z;Courses hippiques (PMU);OK;4,3;4287
28/09/2026 18:49:44;2026-09-28T16:49:44.720Z;Courses de lévriers;OK;5,5;5465
28/09/2026 19:01:56;2026-09-28T17:01:56.220Z;Courses hippiques (PMU);OK;5,0;5011
28/09/2026 19:01:56;2026-09-28T17:01:56.220Z;Courses de lévriers;OK;6,6;6620
28/09/2026 19:13:18;2026-09-28T17:13:18.872Z;Courses hippiques (PMU);OK;5,0;5019
28/09/2026 19:13:18;2026-09-28T17:13:18.872Z;Courses de lévriers;OK;5,5;5520
28/09/2026 19:25:28;2026-09-28T17:25:28.756Z;Courses hippiques (PMU);OK;5,5;5509
28/09/2026 19:25:28;2026-09-28T17:25:28.756Z;Courses de lévriers;OK;4,6;4612
28/09/2026 19:37:37;2026-09-28T17:37:37.354Z;Courses hippiques (PMU);OK;5,3;5252
28/09/2026 19:37:37;2026-09-28T17:37:37.354Z;Courses de lévriers;OK;5,9;5912
28/09/2026 19:49:26;2026-09-28T17:49:26.514Z;Courses hippiques (PMU);OK;5,8;5770
28/09/2026 19:49:26;2026-09-28T17:49:26.514Z;Courses de lévriers;OK;7,6;7619
28/09/2026 20:02:11;2026-09-28T18:02:11.870Z;Courses hippiques (PMU);ECHEC;4,7;4706
28/09/2026 20:02:11;2026-09-28T18:02:11.870Z;Courses de lévriers;OK;3,6;3634
28/09/2026 20:13:18;2026-09-28T18:13:18.127Z;Courses hippiques (PMU);OK;4,6;4639
28/09/2026 20:13:18;2026-09-28T18:13:18.127Z;Courses de lévriers;OK;5,5;5467
28/09/2026 20:25:20;2026-09-28T18:25:20.517Z;Courses hippiques (PMU);OK;5,1;5060
28/09/2026 20:25:20;2026-09-28T18:25:20.517Z;Courses de lévriers;OK;5,4;5419
28/09/2026 20:37:26;2026-09-28T18:37:26.888Z;Courses hippiques (PMU);OK;6,1;6054
28/09/2026 20:37:26;2026-09-28T18:37:26.888Z;Courses de lévriers;OK;6,7;6691
28/09/2026 20:49:19;2026-09-28T18:49:19.958Z;Courses hippiques (PMU);OK;5,0;4999
28/09/2026 20:49:19;2026-09-28T18:49:19.958Z;Courses de lévriers;OK;5,4;5354
28/09/2026 21:02:05;2026-09-28T19:02:05.207Z;Courses hippiques (PMU);OK;5,5;5550
28/09/2026 21:02:05;2026-09-28T19:02:05.207Z;Courses de lévriers;OK;5,9;5928
28/09/2026 21:13:16;2026-09-28T19:13:16.027Z;Courses hippiques (PMU);OK;5,0;4995
28/09/2026 21:13:16;2026-09-28T19:13:16.027Z;Courses de lévriers;OK;5,4;5385
28/09/2026 21:25:21;2026-09-28T19:25:21.768Z;Courses hippiques (PMU);ECHEC;7,1;7140
28/09/2026 21:25:21;2026-09-28T19:25:21.768Z;Courses de lévriers;OK;5,7;5717
28/09/2026 21:37:18;2026-09-28T19:37:18.553Z;Courses hippiques (PMU);OK;4,4;4392
28/09/2026 21:37:18;2026-09-28T19:37:18.553Z;Courses de lévriers;OK;5,6;5644
28/09/2026 21:49:34;2026-09-28T19:49:34.694Z;Courses hippiques (PMU);OK;5,0;4974
28/09/2026 21:49:34;2026-09-28T19:49:34.694Z;Courses de lévriers;OK;3,8;3832
28/09/2026 22:02:11;2026-09-28T20:02:11.923Z;Courses hippiques (PMU);OK;7,7;7687
28/09/2026 22:02:11;2026-09-28T20:02:11.923Z;Courses de lévriers;OK;5,6;5577
28/09/2026 22:13:23;2026-09-28T20:13:23.136Z;Courses hippiques (PMU);OK;6,6;6583
28/09/2026 22:13:23;2026-09-28T20:13:23.136Z;Courses de lévriers;OK;5,4;5444
28/09/2026 22:25:21;2026-09-28T20:25:21.643Z;Courses hippiques (PMU);OK;5,0;5034
28/09/2026 22:25:21;2026-09-28T20:25:21.643Z;Courses de lévriers;OK;6,0;5958
28/09/2026 22:37:34;2026-09-28T20:37:34.582Z;Courses hippiques (PMU);OK;5,8;5802
28/09/2026 22:37:34;2026-09-28T20:37:34.582Z;Courses de lévriers;OK;6,2;6235
28/09/2026 22:49:20;2026-09-28T20:49:20.213Z;Courses hippiques (PMU);OK;4,9;4899
28/09/2026 22:49:20;2026-09-28T20:49:20.213Z;Courses de lévriers;OK;5,6;5620
28/09/2026 23:01:54;2026-09-28T21:01:54.187Z;Courses hippiques (PMU);OK;6,1;6095
28/09/2026 23:01:54;2026-09-28T21:01:54.187Z;Courses de lévriers;OK;7,2;7172
28/09/2026 23:13:46;2026-09-28T21:13:46.716Z;Courses hippiques (PMU);OK;11,2;11163
28/09/2026 23:13:46;2026-09-28T21:13:46.716Z;Courses de lévriers;ECHEC;16,0;15998
28/09/2026 23:15:31;2026-09-28T21:15:31.465Z;Courses hippiques (PMU);ECHEC;9,3;9300
28/09/2026 23:15:31;2026-09-28T21:15:31.465Z;Courses de lévriers;OK;5,4;5434
28/09/2026 23:25:39;2026-09-28T21:25:39.436Z;Courses hippiques (PMU);OK;5,4;5367
28/09/2026 23:25:39;2026-09-28T21:25:39.436Z;Courses de lévriers;OK;6,7;6711
28/09/2026 23:37:35;2026-09-28T21:37:35.314Z;Courses hippiques (PMU);OK;5,2;5210
28/09/2026 23:37:35;2026-09-28T21:37:35.314Z;Courses de lévriers;OK;5,5;5489
28/09/2026 23:49:29;2026-09-28T21:49:29.155Z;Courses hippiques (PMU);OK;4,9;4904
28/09/2026 23:49:29;2026-09-28T21:49:29.155Z;Courses de lévriers;OK;5,2;5162
29/09/2026 03:02:59;2026-09-29T01:02:59.055Z;Courses hippiques (PMU);OK;1,8;1839
29/09/2026 03:02:59;2026-09-29T01:02:59.055Z;Courses de lévriers;OK;1,6;1561
29/09/2026 08:01:43;2026-09-29T06:01:43.386Z;Courses hippiques (PMU);OK;2,2;2162
29/09/2026 08:01:43;2026-09-29T06:01:43.386Z;Courses de lévriers;OK;1,4;1371
29/09/2026 08:13:09;2026-09-29T06:13:09.202Z;Courses hippiques (PMU);OK;3,0;2981
29/09/2026 08:13:09;2026-09-29T06:13:09.202Z;Courses de lévriers;OK;1,4;1388
29/09/2026 08:25:27;2026-09-29T06:25:27.552Z;Courses hippiques (PMU);OK;2,5;2479
29/09/2026 08:25:27;2026-09-29T06:25:27.552Z;Courses de lévriers;OK;2,7;2670
29/09/2026 08:37:21;2026-09-29T06:37:21.536Z;Courses hippiques (PMU);OK;5,5;5499
29/09/2026 08:37:21;2026-09-29T06:37:21.536Z;Courses de lévriers;OK;5,2;5152
29/09/2026 08:49:22;2026-09-29T06:49:22.451Z;Courses hippiques (PMU);OK;5,9;5911
29/09/2026 08:49:22;2026-09-29T06:49:22.451Z;Courses de lévriers;OK;5,8;5765
29/09/2026 09:01:49;2026-09-29T07:01:49.526Z;Courses hippiques (PMU);OK;4,4;4427
29/09/2026 09:01:49;2026-09-29T07:01:49.526Z;Courses de lévriers;OK;3,7;3717
29/09/2026 09:13:32;2026-09-29T07:13:32.254Z;Courses hippiques (PMU);OK;5,7;5729
29/09/2026 09:13:32;2026-09-29T07:13:32.254Z;Courses de lévriers;OK;5,8;5800
29/09/2026 09:25:23;2026-09-29T07:25:23.981Z;Courses hippiques (PMU);OK;6,4;6373
29/09/2026 09:25:23;2026-09-29T07:25:23.981Z;Courses de lévriers;OK;5,6;5595
29/09/2026 09:37:24;2026-09-29T07:37:24.133Z;Courses hippiques (PMU);OK;6,0;6014
29/09/2026 09:37:24;2026-09-29T07:37:24.133Z;Courses de lévriers;OK;6,0;5994
29/09/2026 09:49:26;2026-09-29T07:49:26.297Z;Courses hippiques (PMU);OK;5,9;5865
29/09/2026 09:49:26;2026-09-29T07:49:26.297Z;Courses de lévriers;OK;5,3;5316
29/09/2026 10:02:01;2026-09-29T08:02:01.539Z;Courses hippiques (PMU);OK;6,5;6478
29/09/2026 10:02:01;2026-09-29T08:02:01.539Z;Courses de lévriers;OK;6,1;6105
29/09/2026 10:13:26;2026-09-29T08:13:26.613Z;Courses hippiques (PMU);OK;5,1;5095
29/09/2026 10:13:26;2026-09-29T08:13:26.613Z;Courses de lévriers;OK;3,7;3714
29/09/2026 10:25:26;2026-09-29T08:25:26.602Z;Courses hippiques (PMU);OK;5,0;4964
29/09/2026 10:25:26;2026-09-29T08:25:26.602Z;Courses de lévriers;OK;4,7;4704
29/09/2026 10:37:30;2026-09-29T08:37:30.957Z;Courses hippiques (PMU);OK;5,1;5066
29/09/2026 10:37:30;2026-09-29T08:37:30.957Z;Courses de lévriers;OK;5,7;5748
29/09/2026 10:49:20;2026-09-29T08:49:20.211Z;Courses hippiques (PMU);OK;5,2;5158
29/09/2026 10:49:20;2026-09-29T08:49:20.211Z;Courses de lévriers;OK;7,6;7587
29/09/2026 11:01:53;2026-09-29T09:01:53.438Z;Courses hippiques (PMU);OK;6,6;6631
29/09/2026 11:01:53;2026-09-29T09:01:53.438Z;Courses de lévriers;OK;7,2;7196
29/09/2026 11:13:38;2026-09-29T09:13:38.436Z;Courses hippiques (PMU);OK;6,4;6432
29/09/2026 11:13:38;2026-09-29T09:13:38.436Z;Courses de lévriers;OK;5,1;5087
29/09/2026 11:25:16;2026-09-29T09:25:16.862Z;Courses hippiques (PMU);OK;5,3;5268
29/09/2026 11:25:16;2026-09-29T09:25:16.862Z;Courses de lévriers;OK;4,8;4772
29/09/2026 11:37:51;2026-09-29T09:37:51.262Z;Courses hippiques (PMU);OK;5,3;5338
29/09/2026 11:37:51;2026-09-29T09:37:51.262Z;Courses de lévriers;OK;6,5;6472
29/09/2026 11:49:31;2026-09-29T09:49:31.224Z;Courses hippiques (PMU);OK;4,6;4645
29/09/2026 11:49:31;2026-09-29T09:49:31.224Z;Courses de lévriers;OK;5,0;5042
29/09/2026 11:53:44;2026-09-29T09:53:44.619Z;Courses hippiques (PMU);OK;5,9;5918
29/09/2026 11:53:44;2026-09-29T09:53:44.619Z;Courses de lévriers;OK;6,6;6551
29/09/2026 12:01:55;2026-09-29T10:01:55.897Z;Courses hippiques (PMU);OK;5,5;5461
29/09/2026 12:01:55;2026-09-29T10:01:55.897Z;Courses de lévriers;OK;6,1;6126
29/09/2026 12:13:19;2026-09-29T10:13:19.209Z;Courses hippiques (PMU);OK;5,3;5336
29/09/2026 12:13:19;2026-09-29T10:13:19.209Z;Courses de lévriers;OK;5,2;5217
29/09/2026 12:25:20;2026-09-29T10:25:20.552Z;Courses hippiques (PMU);OK;4,6;4595
29/09/2026 12:25:20;2026-09-29T10:25:20.552Z;Courses de lévriers;OK;3,8;3833
29/09/2026 12:37:24;2026-09-29T10:37:24.990Z;Courses hippiques (PMU);OK;6,8;6775
29/09/2026 12:37:24;2026-09-29T10:37:24.990Z;Courses de lévriers;OK;7,5;7532
29/09/2026 12:49:36;2026-09-29T10:49:36.603Z;Courses hippiques (PMU);OK;8,9;8853
29/09/2026 12:49:36;2026-09-29T10:49:36.603Z;Courses de lévriers;OK;8,8;8792
29/09/2026 13:01:49;2026-09-29T11:01:49.442Z;Courses hippiques (PMU);OK;6,4;6385
29/09/2026 13:01:49;2026-09-29T11:01:49.442Z;Courses de lévriers;OK;5,1;5083
29/09/2026 13:13:27;2026-09-29T11:13:27.353Z;Courses hippiques (PMU);OK;5,0;5041
29/09/2026 13:13:27;2026-09-29T11:13:27.353Z;Courses de lévriers;OK;6,0;5987
29/09/2026 13:25:27;2026-09-29T11:25:27.085Z;Courses hippiques (PMU);ECHEC;5,5;5525
29/09/2026 13:25:27;2026-09-29T11:25:27.085Z;Courses de lévriers;OK;4,8;4793
29/09/2026 13:37:25;2026-09-29T11:37:25.535Z;Courses hippiques (PMU);OK;7,8;7823
29/09/2026 13:37:25;2026-09-29T11:37:25.535Z;Courses de lévriers;OK;6,3;6252
29/09/2026 13:49:32;2026-09-29T11:49:32.262Z;Courses hippiques (PMU);OK;10,5;10470
29/09/2026 13:49:32;2026-09-29T11:49:32.262Z;Courses de lévriers;OK;6,0;6020
29/09/2026 14:02:01;2026-09-29T12:02:01.072Z;Courses hippiques (PMU);OK;5,3;5334
29/09/2026 14:02:01;2026-09-29T12:02:01.072Z;Courses de lévriers;OK;6,7;6709
29/09/2026 14:13:38;2026-09-29T12:13:38.688Z;Courses hippiques (PMU);OK;6,1;6107
29/09/2026 14:13:38;2026-09-29T12:13:38.688Z;Courses de lévriers;OK;4,7;4699
29/09/2026 14:25:18;2026-09-29T12:25:18.771Z;Courses hippiques (PMU);OK;4,5;4522
29/09/2026 14:25:18;2026-09-29T12:25:18.771Z;Courses de lévriers;OK;4,5;4512
29/09/2026 14:37:25;2026-09-29T12:37:25.102Z;Courses hippiques (PMU);OK;5,5;5503
29/09/2026 14:37:25;2026-09-29T12:37:25.102Z;Courses de lévriers;OK;5,8;5806
29/09/2026 14:49:20;2026-09-29T12:49:20.271Z;Courses hippiques (PMU);OK;5,0;5018
29/09/2026 14:49:20;2026-09-29T12:49:20.271Z;Courses de lévriers;OK;5,5;5513
29/09/2026 15:01:50;2026-09-29T13:01:50.906Z;Courses hippiques (PMU);OK;5,3;5304
29/09/2026 15:01:50;2026-09-29T13:01:50.906Z;Courses de lévriers;OK;6,0;6006
29/09/2026 15:13:33;2026-09-29T13:13:33.282Z;Courses hippiques (PMU);OK;4,7;4737
29/09/2026 15:13:33;2026-09-29T13:13:33.282Z;Courses de lévriers;OK;5,9;5853
29/09/2026 15:25:34;2026-09-29T13:25:34.447Z;Courses hippiques (PMU);OK;8,1;8145
29/09/2026 15:25:34;2026-09-29T13:25:34.447Z;Courses de lévriers;OK;6,4;6391
29/09/2026 15:37:36;2026-09-29T13:37:36.406Z;Courses hippiques (PMU);OK;7,6;7565
29/09/2026 15:37:36;2026-09-29T13:37:36.406Z;Courses de lévriers;OK;5,7;5657
29/09/2026 15:50:40;2026-09-29T13:50:40.625Z;Courses hippiques (PMU);OK;5,7;5726
29/09/2026 15:50:40;2026-09-29T13:50:40.625Z;Courses de lévriers;OK;8,8;8836
29/09/2026 16:01:54;2026-09-29T14:01:54.627Z;Courses hippiques (PMU);OK;6,6;6625
29/09/2026 16:01:54;2026-09-29T14:01:54.627Z;Courses de lévriers;OK;6,0;6003
29/09/2026 16:13:22;2026-09-29T14:13:22.239Z;Courses hippiques (PMU);OK;5,3;5253
29/09/2026 16:13:22;2026-09-29T14:13:22.239Z;Courses de lévriers;OK;4,6;4620
29/09/2026 16:25:24;2026-09-29T14:25:24.910Z;Courses hippiques (PMU);OK;5,9;5916
29/09/2026 16:25:24;2026-09-29T14:25:24.910Z;Courses de lévriers;OK;6,5;6502
29/09/2026 16:37:30;2026-09-29T14:37:30.882Z;Courses hippiques (PMU);OK;7,3;7258
29/09/2026 16:37:30;2026-09-29T14:37:30.882Z;Courses de lévriers;OK;5,7;5716
29/09/2026 16:49:27;2026-09-29T14:49:27.944Z;Courses hippiques (PMU);OK;5,6;5578
29/09/2026 16:49:27;2026-09-29T14:49:27.944Z;Courses de lévriers;OK;5,8;5834
29/09/2026 17:01:59;2026-09-29T15:01:59.050Z;Courses hippiques (PMU);OK;5,1;5079
29/09/2026 17:01:59;2026-09-29T15:01:59.050Z;Courses de lévriers;OK;6,8;6752
29/09/2026 17:13:19;2026-09-29T15:13:19.232Z;Courses hippiques (PMU);OK;5,3;5327
29/09/2026 17:13:19;2026-09-29T15:13:19.232Z;Courses de lévriers;OK;5,1;5136
29/09/2026 17:25:34;2026-09-29T15:25:34.170Z;Courses hippiques (PMU);ECHEC;5,3;5314
29/09/2026 17:25:34;2026-09-29T15:25:34.170Z;Courses de lévriers;ECHEC;17,0;16994
29/09/2026 17:37:28;2026-09-29T15:37:28.913Z;Courses hippiques (PMU);OK;10,7;10739
29/09/2026 17:37:28;2026-09-29T15:37:28.913Z;Courses de lévriers;OK;6,2;6244
29/09/2026 17:49:50;2026-09-29T15:49:50.584Z;Courses hippiques (PMU);OK;10,0;10012
29/09/2026 17:49:50;2026-09-29T15:49:50.584Z;Courses de lévriers;OK;10,8;10842
29/09/2026 18:02:00;2026-09-29T16:02:00.757Z;Courses hippiques (PMU);ECHEC;6,5;6485
29/09/2026 18:02:00;2026-09-29T16:02:00.757Z;Courses de lévriers;OK;5,9;5938
29/09/2026 18:13:19;2026-09-29T16:13:19.693Z;Courses hippiques (PMU);OK;6,2;6214
29/09/2026 18:13:19;2026-09-29T16:13:19.693Z;Courses de lévriers;OK;4,6;4592
29/09/2026 18:25:28;2026-09-29T16:25:28.055Z;Courses hippiques (PMU);OK;7,9;7886
29/09/2026 18:25:28;2026-09-29T16:25:28.055Z;Courses de lévriers;OK;7,5;7531
29/09/2026 18:37:26;2026-09-29T16:37:26.478Z;Courses hippiques (PMU);OK;5,6;5649
29/09/2026 18:37:26;2026-09-29T16:37:26.478Z;Courses de lévriers;OK;6,0;6014
29/09/2026 18:49:24;2026-09-29T16:49:24.185Z;Courses hippiques (PMU);OK;6,2;6176
29/09/2026 18:49:24;2026-09-29T16:49:24.185Z;Courses de lévriers;OK;5,9;5887
29/09/2026 19:02:00;2026-09-29T17:02:00.895Z;Courses hippiques (PMU);OK;5,0;4981
29/09/2026 19:02:00;2026-09-29T17:02:00.895Z;Courses de lévriers;OK;4,5;4519
29/09/2026 19:13:24;2026-09-29T17:13:24.007Z;Courses hippiques (PMU);ECHEC;6,6;6599
29/09/2026 19:13:24;2026-09-29T17:13:24.007Z;Courses de lévriers;OK;5,0;5042
29/09/2026 19:25:19;2026-09-29T17:25:19.625Z;Courses hippiques (PMU);OK;4,4;4398
29/09/2026 19:25:19;2026-09-29T17:25:19.625Z;Courses de lévriers;OK;3,9;3850
29/09/2026 19:37:43;2026-09-29T17:37:43.241Z;Courses hippiques (PMU);OK;4,0;4018
29/09/2026 19:37:43;2026-09-29T17:37:43.241Z;Courses de lévriers;OK;3,4;3408
29/09/2026 19:49:19;2026-09-29T17:49:19.725Z;Courses hippiques (PMU);OK;5,3;5344
29/09/2026 19:49:19;2026-09-29T17:49:19.725Z;Courses de lévriers;OK;4,7;4660
29/09/2026 20:01:57;2026-09-29T18:01:57.519Z;Courses hippiques (PMU);OK;5,2;5243
29/09/2026 20:01:57;2026-09-29T18:01:57.519Z;Courses de lévriers;OK;7,1;7055
29/09/2026 20:06:47;2026-09-29T18:06:47.738Z;Courses hippiques (PMU);OK;5,9;5942
29/09/2026 20:06:47;2026-09-29T18:06:47.738Z;Courses de lévriers;OK;5,4;5392
29/09/2026 20:13:19;2026-09-29T18:13:19.890Z;Courses hippiques (PMU);ECHEC;4,8;4760
29/09/2026 20:13:19;2026-09-29T18:13:19.890Z;Courses de lévriers;OK;5,5;5498
29/09/2026 20:25:20;2026-09-29T18:25:20.484Z;Courses hippiques (PMU);OK;4,3;4251
29/09/2026 20:25:20;2026-09-29T18:25:20.484Z;Courses de lévriers;OK;4,9;4912
29/09/2026 20:37:18;2026-09-29T18:37:18.856Z;Courses hippiques (PMU);ECHEC;4,8;4786
29/09/2026 20:37:18;2026-09-29T18:37:18.856Z;Courses de lévriers;ECHEC;3,8;3804
29/09/2026 20:49:34;2026-09-29T18:49:34.365Z;Courses hippiques (PMU);OK;4,9;4923
29/09/2026 20:49:34;2026-09-29T18:49:34.365Z;Courses de lévriers;OK;3,5;3473
29/09/2026 21:01:56;2026-09-29T19:01:56.770Z;Courses hippiques (PMU);OK;7,2;7229
29/09/2026 21:01:56;2026-09-29T19:01:56.770Z;Courses de lévriers;OK;5,6;5617
29/09/2026 21:13:33;2026-09-29T19:13:33.478Z;Courses hippiques (PMU);OK;5,0;4988
29/09/2026 21:13:33;2026-09-29T19:13:33.478Z;Courses de lévriers;OK;4,7;4710
29/09/2026 21:25:36;2026-09-29T19:25:36.046Z;Courses hippiques (PMU);OK;6,5;6502
29/09/2026 21:25:36;2026-09-29T19:25:36.046Z;Courses de lévriers;OK;7,1;7115
29/09/2026 21:37:25;2026-09-29T19:37:25.288Z;Courses hippiques (PMU);OK;6,1;6079
29/09/2026 21:37:25;2026-09-29T19:37:25.288Z;Courses de lévriers;OK;5,4;5362
29/09/2026 21:49:40;2026-09-29T19:49:40.640Z;Courses hippiques (PMU);OK;5,5;5450
29/09/2026 21:49:40;2026-09-29T19:49:40.640Z;Courses de lévriers;OK;6,3;6283
29/09/2026 22:01:53;2026-09-29T20:01:53.987Z;Courses hippiques (PMU);OK;5,1;5098
29/09/2026 22:01:53;2026-09-29T20:01:53.987Z;Courses de lévriers;OK;7,1;7089
29/09/2026 22:13:26;2026-09-29T20:13:26.294Z;Courses hippiques (PMU);OK;5,9;5940
29/09/2026 22:13:26;2026-09-29T20:13:26.294Z;Courses de lévriers;OK;5,8;5775
29/09/2026 22:25:33;2026-09-29T20:25:33.849Z;Courses hippiques (PMU);OK;6,7;6724
29/09/2026 22:25:33;2026-09-29T20:25:33.849Z;Courses de lévriers;OK;5,8;5802
29/09/2026 22:37:24;2026-09-29T20:37:24.220Z;Courses hippiques (PMU);OK;7,7;7671
29/09/2026 22:37:24;2026-09-29T20:37:24.220Z;Courses de lévriers;OK;5,9;5925
29/09/2026 22:49:26;2026-09-29T20:49:26.988Z;Courses hippiques (PMU);OK;7,4;7408
29/09/2026 22:49:26;2026-09-29T20:49:26.988Z;Courses de lévriers;OK;5,9;5911
29/09/2026 23:01:53;2026-09-29T21:01:53.130Z;Courses hippiques (PMU);OK;5,2;5189
29/09/2026 23:01:53;2026-09-29T21:01:53.130Z;Courses de lévriers;OK;4,5;4537
29/09/2026 23:13:23;2026-09-29T21:13:23.399Z;Courses hippiques (PMU);OK;6,5;6537
29/09/2026 23:13:23;2026-09-29T21:13:23.399Z;Courses de lévriers;OK;5,7;5736
29/09/2026 23:25:20;2026-09-29T21:25:20.610Z;Courses hippiques (PMU);OK;7,2;7228
29/09/2026 23:25:20;2026-09-29T21:25:20.610Z;Courses de lévriers;OK;5,3;5322
29/09/2026 23:37:39;2026-09-29T21:37:39.429Z;Courses hippiques (PMU);OK;6,2;6170
29/09/2026 23:37:39;2026-09-29T21:37:39.429Z;Courses de lévriers;OK;5,6;5638
29/09/2026 23:49:35;2026-09-29T21:49:35.752Z;Courses hippiques (PMU);OK;6,0;5961
29/09/2026 23:49:35;2026-09-29T21:49:35.752Z;Courses de lévriers;OK;6,0;6001
30/09/2026 00:19:09;2026-09-29T22:19:09.725Z;Courses hippiques (PMU);OK;2,5;2528
30/09/2026 00:19:09;2026-09-29T22:19:09.725Z;Courses de lévriers;OK;1,3;1308
30/09/2026 07:37:03;2026-09-30T05:37:03.673Z;Courses hippiques (PMU);OK;2,2;2188
30/09/2026 07:37:03;2026-09-30T05:37:03.673Z;Courses de lévriers;OK;1,5;1486
30/09/2026 08:01:45;2026-09-30T06:01:45.891Z;Courses hippiques (PMU);OK;2,4;2354
30/09/2026 08:01:45;2026-09-30T06:01:45.891Z;Courses de lévriers;OK;1,5;1544
30/09/2026 08:13:14;2026-09-30T06:13:14.910Z;Courses hippiques (PMU);OK;2,1;2102
30/09/2026 08:13:14;2026-09-30T06:13:14.910Z;Courses de lévriers;OK;1,7;1663
30/09/2026 08:25:11;2026-09-30T06:25:11.214Z;Courses hippiques (PMU);OK;1,6;1584
30/09/2026 08:25:11;2026-09-30T06:25:11.214Z;Courses de lévriers;OK;1,3;1306
30/09/2026 08:37:34;2026-09-30T06:37:34.464Z;Courses hippiques (PMU);OK;5,8;5754
30/09/2026 08:37:34;2026-09-30T06:37:34.464Z;Courses de lévriers;OK;7,2;7218
30/09/2026 08:49:41;2026-09-30T06:49:41.710Z;Courses hippiques (PMU);OK;6,1;6068
30/09/2026 08:49:41;2026-09-30T06:49:41.710Z;Courses de lévriers;OK;5,6;5642
30/09/2026 09:01:48;2026-09-30T07:01:48.575Z;Courses hippiques (PMU);OK;5,0;4978
30/09/2026 09:01:48;2026-09-30T07:01:48.575Z;Courses de lévriers;OK;4,9;4923
30/09/2026 09:13:17;2026-09-30T07:13:17.669Z;Courses hippiques (PMU);OK;5,2;5207
30/09/2026 09:13:17;2026-09-30T07:13:17.669Z;Courses de lévriers;OK;4,5;4450
30/09/2026 09:25:25;2026-09-30T07:25:25.029Z;Courses hippiques (PMU);OK;5,5;5538
30/09/2026 09:25:25;2026-09-30T07:25:25.029Z;Courses de lévriers;OK;7,4;7414
30/09/2026 09:37:18;2026-09-30T07:37:18.094Z;Courses hippiques (PMU);OK;4,3;4294
30/09/2026 09:37:18;2026-09-30T07:37:18.094Z;Courses de lévriers;OK;5,3;5329
30/09/2026 09:49:19;2026-09-30T07:49:19.998Z;Courses hippiques (PMU);OK;5,0;4974
30/09/2026 09:49:19;2026-09-30T07:49:19.998Z;Courses de lévriers;OK;4,5;4453
30/09/2026 10:02:00;2026-09-30T08:02:00.943Z;Courses hippiques (PMU);OK;6,8;6797
30/09/2026 10:02:00;2026-09-30T08:02:00.943Z;Courses de lévriers;OK;6,1;6092
30/09/2026 10:13:27;2026-09-30T08:13:27.596Z;Courses hippiques (PMU);OK;6,0;5967
30/09/2026 10:13:27;2026-09-30T08:13:27.596Z;Courses de lévriers;OK;5,7;5701
30/09/2026 10:25:25;2026-09-30T08:25:25.573Z;Courses hippiques (PMU);OK;5,7;5686
30/09/2026 10:25:25;2026-09-30T08:25:25.573Z;Courses de lévriers;OK;7,4;7441
30/09/2026 10:37:24;2026-09-30T08:37:24.638Z;Courses hippiques (PMU);ECHEC;5,5;5538
30/09/2026 10:37:24;2026-09-30T08:37:24.638Z;Courses de lévriers;OK;6,0;6003
30/09/2026 10:49:20;2026-09-30T08:49:20.016Z;Courses hippiques (PMU);OK;4,0;3979
30/09/2026 10:49:20;2026-09-30T08:49:20.016Z;Courses de lévriers;OK;4,4;4405
30/09/2026 11:01:54;2026-09-30T09:01:54.166Z;Courses hippiques (PMU);OK;5,4;5440
30/09/2026 11:01:54;2026-09-30T09:01:54.166Z;Courses de lévriers;OK;5,4;5435
30/09/2026 11:13:19;2026-09-30T09:13:19.320Z;Courses hippiques (PMU);OK;5,2;5230
30/09/2026 11:13:19;2026-09-30T09:13:19.320Z;Courses de lévriers;OK;5,8;5751
30/09/2026 11:25:22;2026-09-30T09:25:22.812Z;Courses hippiques (PMU);OK;6,4;6449
30/09/2026 11:25:22;2026-09-30T09:25:22.812Z;Courses de lévriers;OK;6,4;6422
30/09/2026 11:37:27;2026-09-30T09:37:27.738Z;Courses hippiques (PMU);OK;5,9;5876
30/09/2026 11:37:27;2026-09-30T09:37:27.738Z;Courses de lévriers;OK;6,3;6253
30/09/2026 11:49:28;2026-09-30T09:49:28.637Z;Courses hippiques (PMU);OK;4,9;4911
30/09/2026 11:49:28;2026-09-30T09:49:28.637Z;Courses de lévriers;OK;6,8;6805
30/09/2026 12:02:11;2026-09-30T10:02:11.783Z;Courses hippiques (PMU);ECHEC;4,9;4938
30/09/2026 12:02:11;2026-09-30T10:02:11.783Z;Courses de lévriers;OK;6,9;6871
30/09/2026 12:13:35;2026-09-30T10:13:35.067Z;Courses hippiques (PMU);OK;6,6;6630
30/09/2026 12:13:35;2026-09-30T10:13:35.067Z;Courses de lévriers;OK;5,8;5817
30/09/2026 12:25:21;2026-09-30T10:25:21.016Z;Courses hippiques (PMU);OK;6,2;6156
30/09/2026 12:25:21;2026-09-30T10:25:21.016Z;Courses de lévriers;OK;5,9;5895
30/09/2026 12:37:18;2026-09-30T10:37:18.716Z;Courses hippiques (PMU);OK;4,9;4901
30/09/2026 12:37:18;2026-09-30T10:37:18.716Z;Courses de lévriers;OK;6,0;6018
30/09/2026 12:49:23;2026-09-30T10:49:23.747Z;Courses hippiques (PMU);OK;5,1;5118
30/09/2026 12:49:23;2026-09-30T10:49:23.747Z;Courses de lévriers;OK;6,0;5996
30/09/2026 13:01:55;2026-09-30T11:01:55.900Z;Courses hippiques (PMU);ECHEC;5,8;5813
30/09/2026 13:01:55;2026-09-30T11:01:55.900Z;Courses de lévriers;OK;6,6;6621
30/09/2026 13:13:46;2026-09-30T11:13:46.112Z;Courses hippiques (PMU);OK;6,7;6741
30/09/2026 13:13:46;2026-09-30T11:13:46.112Z;Courses de lévriers;OK;5,1;5075
30/09/2026 13:25:34;2026-09-30T11:25:34.756Z;Courses hippiques (PMU);OK;5,4;5424
30/09/2026 13:25:34;2026-09-30T11:25:34.756Z;Courses de lévriers;OK;6,3;6295
30/09/2026 13:37:24;2026-09-30T11:37:24.494Z;Courses hippiques (PMU);OK;5,6;5573
30/09/2026 13:37:24;2026-09-30T11:37:24.494Z;Courses de lévriers;OK;6,5;6548
30/09/2026 13:49:24;2026-09-30T11:49:24.438Z;Courses hippiques (PMU);OK;9,7;9651
30/09/2026 13:49:24;2026-09-30T11:49:24.438Z;Courses de lévriers;ECHEC;3,6;3593
30/09/2026 14:02:04;2026-09-30T12:02:04.873Z;Courses hippiques (PMU);OK;4,7;4727
30/09/2026 14:02:04;2026-09-30T12:02:04.873Z;Courses de lévriers;OK;5,1;5073
30/09/2026 14:13:28;2026-09-30T12:13:28.295Z;Courses hippiques (PMU);OK;6,4;6377
30/09/2026 14:13:28;2026-09-30T12:13:28.295Z;Courses de lévriers;OK;9,0;8964
30/09/2026 14:25:44;2026-09-30T12:25:44.010Z;Courses hippiques (PMU);OK;4,7;4685
30/09/2026 14:25:44;2026-09-30T12:25:44.010Z;Courses de lévriers;OK;5,2;5249
30/09/2026 14:37:19;2026-09-30T12:37:19.072Z;Courses hippiques (PMU);OK;4,9;4898
30/09/2026 14:37:19;2026-09-30T12:37:19.072Z;Courses de lévriers;OK;5,8;5816
30/09/2026 14:39:45;2026-09-30T12:39:45.230Z;Courses hippiques (PMU);OK;5,5;5491
30/09/2026 14:39:45;2026-09-30T12:39:45.230Z;Courses de lévriers;OK;5,8;5765
30/09/2026 14:49:31;2026-09-30T12:49:31.399Z;Courses hippiques (PMU);OK;4,9;4923
30/09/2026 14:49:31;2026-09-30T12:49:31.399Z;Courses de lévriers;OK;5,7;5683
30/09/2026 15:02:04;2026-09-30T13:02:04.575Z;Courses hippiques (PMU);OK;7,1;7080
30/09/2026 15:02:04;2026-09-30T13:02:04.575Z;Courses de lévriers;OK;6,2;6240
30/09/2026 15:13:26;2026-09-30T13:13:26.661Z;Courses hippiques (PMU);OK;5,2;5167
30/09/2026 15:13:26;2026-09-30T13:13:26.661Z;Courses de lévriers;OK;4,6;4587
30/09/2026 15:26:02;2026-09-30T13:26:02.916Z;Courses hippiques (PMU);OK;5,5;5460
30/09/2026 15:26:02;2026-09-30T13:26:02.916Z;Courses de lévriers;OK;6,6;6585
30/09/2026 15:37:44;2026-09-30T13:37:44.967Z;Courses hippiques (PMU);OK;7,9;7891
30/09/2026 15:37:44;2026-09-30T13:37:44.967Z;Courses de lévriers;OK;9,2;9197
30/09/2026 15:50:07;2026-09-30T13:50:07.298Z;Courses hippiques (PMU);OK;6,7;6733
30/09/2026 15:50:07;2026-09-30T13:50:07.298Z;Courses de lévriers;OK;6,3;6267
30/09/2026 16:02:22;2026-09-30T14:02:22.030Z;Courses hippiques (PMU);OK;6,4;6418
30/09/2026 16:02:22;2026-09-30T14:02:22.030Z;Courses de lévriers;OK;7,3;7310
30/09/2026 16:13:40;2026-09-30T14:13:40.658Z;Courses hippiques (PMU);OK;5,2;5227
30/09/2026 16:13:40;2026-09-30T14:13:40.658Z;Courses de lévriers;OK;6,9;6930
30/09/2026 16:37:51;2026-09-30T14:37:51.096Z;Courses hippiques (PMU);OK;5,6;5632
30/09/2026 16:37:51;2026-09-30T14:37:51.096Z;Courses de lévriers;OK;5,8;5814
30/09/2026 16:50:48;2026-09-30T14:50:48.825Z;Courses hippiques (PMU);OK;4,7;4725
30/09/2026 16:50:48;2026-09-30T14:50:48.825Z;Courses de lévriers;OK;6,2;6200
30/09/2026 17:02:47;2026-09-30T15:02:47.173Z;Courses hippiques (PMU);ECHEC;30,0;30017
30/09/2026 17:02:47;2026-09-30T15:02:47.173Z;Courses de lévriers;OK;10,1;10109
30/09/2026 17:13:27;2026-09-30T15:13:27.621Z;Courses hippiques (PMU);OK;7,7;7721
30/09/2026 17:13:27;2026-09-30T15:13:27.621Z;Courses de lévriers;OK;6,1;6089
30/09/2026 17:25:59;2026-09-30T15:25:59.196Z;Courses hippiques (PMU);OK;5,0;4993
30/09/2026 17:25:59;2026-09-30T15:25:59.196Z;Courses de lévriers;OK;5,8;5825
30/09/2026 17:37:28;2026-09-30T15:37:28.792Z;Courses hippiques (PMU);OK;7,6;7551
30/09/2026 17:37:28;2026-09-30T15:37:28.792Z;Courses de lévriers;OK;6,1;6063
30/09/2026 17:49:26;2026-09-30T15:49:26.976Z;Courses hippiques (PMU);OK;5,3;5346
30/09/2026 17:49:26;2026-09-30T15:49:26.976Z;Courses de lévriers;OK;5,8;5842
30/09/2026 18:02:09;2026-09-30T16:02:09.114Z;Courses hippiques (PMU);OK;6,7;6712
30/09/2026 18:02:09;2026-09-30T16:02:09.114Z;Courses de lévriers;OK;9,3;9305
30/09/2026 18:13:27;2026-09-30T16:13:27.504Z;Courses hippiques (PMU);OK;8,1;8141
30/09/2026 18:13:27;2026-09-30T16:13:27.504Z;Courses de lévriers;OK;6,3;6325
30/09/2026 18:28:37;2026-09-30T16:28:37.833Z;Courses hippiques (PMU);OK;5,9;5920
30/09/2026 18:28:37;2026-09-30T16:28:37.833Z;Courses de lévriers;OK;6,4;6393
30/09/2026 18:37:40;2026-09-30T16:37:40.847Z;Courses hippiques (PMU);OK;6,2;6203
30/09/2026 18:37:40;2026-09-30T16:37:40.847Z;Courses de lévriers;OK;6,3;6258
30/09/2026 18:49:53;2026-09-30T16:49:53.516Z;Courses hippiques (PMU);OK;5,6;5616
30/09/2026 18:49:53;2026-09-30T16:49:53.516Z;Courses de lévriers;OK;6,2;6204
30/09/2026 19:01:55;2026-09-30T17:01:55.311Z;Courses hippiques (PMU);OK;6,0;6034
30/09/2026 19:01:55;2026-09-30T17:01:55.311Z;Courses de lévriers;OK;7,0;6977
30/09/2026 19:13:24;2026-09-30T17:13:24.137Z;Courses hippiques (PMU);ECHEC;4,7;4696
30/09/2026 19:13:24;2026-09-30T17:13:24.137Z;Courses de lévriers;OK;5,3;5273
30/09/2026 19:25:36;2026-09-30T17:25:36.898Z;Courses hippiques (PMU);OK;5,8;5815
30/09/2026 19:25:36;2026-09-30T17:25:36.898Z;Courses de lévriers;OK;6,1;6082
30/09/2026 19:37:28;2026-09-30T17:37:28.635Z;Courses hippiques (PMU);OK;5,4;5385
30/09/2026 19:37:28;2026-09-30T17:37:28.635Z;Courses de lévriers;OK;5,6;5559
30/09/2026 19:50:12;2026-09-30T17:50:12.896Z;Courses hippiques (PMU);OK;7,8;7818
30/09/2026 19:50:12;2026-09-30T17:50:12.896Z;Courses de lévriers;OK;5,6;5568
30/09/2026 20:01:58;2026-09-30T18:01:58.496Z;Courses hippiques (PMU);ECHEC;11,3;11281
30/09/2026 20:01:58;2026-09-30T18:01:58.496Z;Courses de lévriers;OK;5,7;5673
30/09/2026 20:13:28;2026-09-30T18:13:28.872Z;Courses hippiques (PMU);OK;5,6;5553
30/09/2026 20:13:28;2026-09-30T18:13:28.872Z;Courses de lévriers;OK;9,8;9798
30/09/2026 20:32:10;2026-09-30T18:32:10.244Z;Courses hippiques (PMU);OK;5,9;5915
30/09/2026 20:32:10;2026-09-30T18:32:10.244Z;Courses de lévriers;OK;6,7;6724
30/09/2026 20:37:28;2026-09-30T18:37:28.077Z;Courses hippiques (PMU);OK;5,1;5088
30/09/2026 20:37:28;2026-09-30T18:37:28.077Z;Courses de lévriers;OK;7,6;7566
30/09/2026 20:52:20;2026-09-30T18:52:20.842Z;Courses hippiques (PMU);OK;5,2;5183
30/09/2026 20:52:20;2026-09-30T18:52:20.842Z;Courses de lévriers;OK;5,6;5623
30/09/2026 21:01:49;2026-09-30T19:01:49.523Z;Courses hippiques (PMU);OK;4,0;4046
30/09/2026 21:01:49;2026-09-30T19:01:49.523Z;Courses de lévriers;OK;5,4;5361
30/09/2026 21:13:38;2026-09-30T19:13:38.486Z;Courses hippiques (PMU);OK;6,2;6228
30/09/2026 21:13:38;2026-09-30T19:13:38.486Z;Courses de lévriers;OK;4,7;4671
30/09/2026 21:25:33;2026-09-30T19:25:33.080Z;Courses hippiques (PMU);OK;5,3;5333
30/09/2026 21:25:33;2026-09-30T19:25:33.080Z;Courses de lévriers;OK;5,7;5692
30/09/2026 21:39:49;2026-09-30T19:39:49.698Z;Courses hippiques (PMU);OK;5,0;4993
30/09/2026 21:39:49;2026-09-30T19:39:49.698Z;Courses de lévriers;OK;6,2;6217
30/09/2026 21:49:32;2026-09-30T19:49:32.996Z;Courses hippiques (PMU);OK;5,9;5906
30/09/2026 21:49:32;2026-09-30T19:49:32.996Z;Courses de lévriers;OK;5,4;5425
30/09/2026 22:01:57;2026-09-30T20:01:57.778Z;Courses hippiques (PMU);OK;5,5;5474
30/09/2026 22:01:57;2026-09-30T20:01:57.778Z;Courses de lévriers;OK;5,8;5836
30/09/2026 22:04:24;2026-09-30T20:04:24.257Z;Courses hippiques (PMU);OK;5,9;5920
30/09/2026 22:04:24;2026-09-30T20:04:24.257Z;Courses de lévriers;OK;5,5;5511
30/09/2026 22:13:38;2026-09-30T20:13:38.662Z;Courses hippiques (PMU);OK;6,8;6846
30/09/2026 22:13:38;2026-09-30T20:13:38.662Z;Courses de lévriers;OK;6,1;6108
30/09/2026 22:25:33;2026-09-30T20:25:33.959Z;Courses hippiques (PMU);OK;5,5;5537
30/09/2026 22:25:33;2026-09-30T20:25:33.959Z;Courses de lévriers;OK;6,0;5980
30/09/2026 22:37:34;2026-09-30T20:37:34.508Z;Courses hippiques (PMU);OK;5,9;5876
30/09/2026 22:37:34;2026-09-30T20:37:34.508Z;Courses de lévriers;OK;5,9;5916
30/09/2026 22:49:25;2026-09-30T20:49:25.010Z;Courses hippiques (PMU);OK;6,0;5990
30/09/2026 22:49:25;2026-09-30T20:49:25.010Z;Courses de lévriers;OK;5,5;5541
30/09/2026 23:01:57;2026-09-30T21:01:57.150Z;Courses hippiques (PMU);OK;6,3;6295
30/09/2026 23:01:57;2026-09-30T21:01:57.150Z;Courses de lévriers;OK;6,9;6869
30/09/2026 23:13:18;2026-09-30T21:13:18.642Z;Courses hippiques (PMU);OK;4,9;4947
30/09/2026 23:13:18;2026-09-30T21:13:18.642Z;Courses de lévriers;OK;5,5;5549
30/09/2026 23:25:25;2026-09-30T21:25:25.517Z;Courses hippiques (PMU);OK;5,1;5064
30/09/2026 23:25:25;2026-09-30T21:25:25.517Z;Courses de lévriers;OK;5,8;5771
30/09/2026 23:42:01;2026-09-30T21:42:01.774Z;Courses hippiques (PMU);OK;5,0;5030
30/09/2026 23:42:01;2026-09-30T21:42:01.774Z;Courses de lévriers;OK;6,4;6429
30/09/2026 23:49:26;2026-09-30T21:49:26.294Z;Courses hippiques (PMU);OK;5,1;5130
30/09/2026 23:49:26;2026-09-30T21:49:26.294Z;Courses de lévriers;OK;6,3;6307
01/10/2026 02:34:58;2026-10-01T00:34:58.668Z;Courses hippiques (PMU);OK;3,3;3326
01/10/2026 02:34:58;2026-10-01T00:34:58.668Z;Courses de lévriers;OK;3,2;3228
01/10/2026 08:01:47;2026-10-01T06:01:47.493Z;Courses hippiques (PMU);OK;1,8;1792
01/10/2026 08:01:47;2026-10-01T06:01:47.493Z;Courses de lévriers;OK;1,4;1392
01/10/2026 08:13:32;2026-10-01T06:13:32.004Z;Courses hippiques (PMU);OK;2,5;2450
01/10/2026 08:13:32;2026-10-01T06:13:32.004Z;Courses de lévriers;OK;1,7;1665
01/10/2026 08:25:29;2026-10-01T06:25:29.340Z;Courses hippiques (PMU);OK;2,3;2337
01/10/2026 08:25:29;2026-10-01T06:25:29.340Z;Courses de lévriers;OK;1,8;1848
01/10/2026 08:37:22;2026-10-01T06:37:22.341Z;Courses hippiques (PMU);ECHEC;4,9;4946
01/10/2026 08:37:22;2026-10-01T06:37:22.341Z;Courses de lévriers;OK;5,6;5575
01/10/2026 08:49:21;2026-10-01T06:49:21.801Z;Courses hippiques (PMU);OK;4,8;4798
01/10/2026 08:49:21;2026-10-01T06:49:21.801Z;Courses de lévriers;OK;4,7;4728
01/10/2026 09:01:51;2026-10-01T07:01:51.983Z;Courses hippiques (PMU);OK;4,0;4037
01/10/2026 09:01:51;2026-10-01T07:01:51.983Z;Courses de lévriers;OK;5,3;5339
01/10/2026 09:13:19;2026-10-01T07:13:19.540Z;Courses hippiques (PMU);OK;5,5;5541
01/10/2026 09:13:19;2026-10-01T07:13:19.540Z;Courses de lévriers;OK;3,5;3537
01/10/2026 09:25:18;2026-10-01T07:25:18.921Z;Courses hippiques (PMU);ECHEC;4,3;4327
01/10/2026 09:25:18;2026-10-01T07:25:18.921Z;Courses de lévriers;OK;4,6;4609
01/10/2026 09:37:18;2026-10-01T07:37:18.902Z;Courses hippiques (PMU);OK;4,8;4794
01/10/2026 09:37:18;2026-10-01T07:37:18.902Z;Courses de lévriers;OK;5,0;5028
01/10/2026 09:49:56;2026-10-01T07:49:56.341Z;Courses hippiques (PMU);OK;5,8;5805
01/10/2026 09:49:56;2026-10-01T07:49:56.341Z;Courses de lévriers;ECHEC;4,8;4822
01/10/2026 10:01:58;2026-10-01T08:01:58.058Z;Courses hippiques (PMU);OK;5,4;5388
01/10/2026 10:01:58;2026-10-01T08:01:58.058Z;Courses de lévriers;OK;7,2;7220
01/10/2026 10:13:29;2026-10-01T08:13:29.800Z;Courses hippiques (PMU);OK;6,5;6535
01/10/2026 10:13:29;2026-10-01T08:13:29.800Z;Courses de lévriers;OK;6,6;6631
01/10/2026 10:25:23;2026-10-01T08:25:23.779Z;Courses hippiques (PMU);OK;4,9;4930
01/10/2026 10:25:23;2026-10-01T08:25:23.779Z;Courses de lévriers;OK;6,1;6111
01/10/2026 10:37:52;2026-10-01T08:37:52.805Z;Courses hippiques (PMU);OK;4,7;4725
01/10/2026 10:37:52;2026-10-01T08:37:52.805Z;Courses de lévriers;OK;4,4;4414
01/10/2026 10:49:22;2026-10-01T08:49:22.936Z;Courses hippiques (PMU);OK;6,1;6076
01/10/2026 10:49:22;2026-10-01T08:49:22.936Z;Courses de lévriers;OK;5,5;5544
01/10/2026 11:02:01;2026-10-01T09:02:01.341Z;Courses hippiques (PMU);OK;4,6;4582
01/10/2026 11:02:01;2026-10-01T09:02:01.341Z;Courses de lévriers;OK;5,8;5763
01/10/2026 11:13:22;2026-10-01T09:13:22.011Z;Courses hippiques (PMU);OK;5,3;5290
01/10/2026 11:13:22;2026-10-01T09:13:22.011Z;Courses de lévriers;OK;6,0;5995
01/10/2026 11:25:21;2026-10-01T09:25:21.201Z;Courses hippiques (PMU);ECHEC;4,2;4207
01/10/2026 11:25:21;2026-10-01T09:25:21.201Z;Courses de lévriers;OK;4,9;4877
01/10/2026 11:37:32;2026-10-01T09:37:32.704Z;Courses hippiques (PMU);OK;5,4;5361
01/10/2026 11:37:32;2026-10-01T09:37:32.704Z;Courses de lévriers;OK;5,9;5912
01/10/2026 11:49:19;2026-10-01T09:49:19.973Z;Courses hippiques (PMU);OK;4,8;4804
01/10/2026 11:49:19;2026-10-01T09:49:19.973Z;Courses de lévriers;OK;4,2;4188
01/10/2026 12:01:44;2026-10-01T10:01:44.862Z;Courses hippiques (PMU);OK;4,0;4020
01/10/2026 12:01:44;2026-10-01T10:01:44.862Z;Courses de lévriers;OK;3,7;3677
01/10/2026 12:12:46;2026-10-01T10:12:46.129Z;Courses hippiques (PMU);OK;4,7;4713
01/10/2026 12:12:46;2026-10-01T10:12:46.129Z;Courses de lévriers;OK;5,6;5554
01/10/2026 12:25:27;2026-10-01T10:25:27.874Z;Courses hippiques (PMU);OK;6,5;6505
01/10/2026 12:25:27;2026-10-01T10:25:27.874Z;Courses de lévriers;OK;5,5;5483
01/10/2026 12:37:22;2026-10-01T10:37:22.767Z;Courses hippiques (PMU);ECHEC;6,2;6150
01/10/2026 12:37:22;2026-10-01T10:37:22.767Z;Courses de lévriers;OK;4,9;4881
01/10/2026 12:49:31;2026-10-01T10:49:31.231Z;Courses hippiques (PMU);OK;3,8;3787
01/10/2026 12:49:31;2026-10-01T10:49:31.231Z;Courses de lévriers;OK;3,5;3512
01/10/2026 13:02:42;2026-10-01T11:02:42.328Z;Courses hippiques (PMU);OK;5,1;5132
01/10/2026 13:02:42;2026-10-01T11:02:42.328Z;Courses de lévriers;OK;7,5;7539
01/10/2026 13:13:29;2026-10-01T11:13:29.609Z;Courses hippiques (PMU);OK;4,8;4846
01/10/2026 13:13:29;2026-10-01T11:13:29.609Z;Courses de lévriers;OK;6,8;6757
01/10/2026 13:25:33;2026-10-01T11:25:33.087Z;Courses hippiques (PMU);OK;4,9;4907
01/10/2026 13:25:33;2026-10-01T11:25:33.087Z;Courses de lévriers;OK;5,6;5608
01/10/2026 13:37:33;2026-10-01T11:37:33.533Z;Courses hippiques (PMU);OK;8,4;8432
01/10/2026 13:37:33;2026-10-01T11:37:33.533Z;Courses de lévriers;OK;5,8;5783
01/10/2026 13:49:32;2026-10-01T11:49:32.599Z;Courses hippiques (PMU);OK;5,1;5114
01/10/2026 13:49:32;2026-10-01T11:49:32.599Z;Courses de lévriers;OK;7,9;7871
01/10/2026 14:01:54;2026-10-01T12:01:54.948Z;Courses hippiques (PMU);OK;4,9;4880
01/10/2026 14:01:54;2026-10-01T12:01:54.948Z;Courses de lévriers;OK;5,4;5377
01/10/2026 14:13:23;2026-10-01T12:13:23.790Z;Courses hippiques (PMU);OK;6,3;6282
01/10/2026 14:13:23;2026-10-01T12:13:23.790Z;Courses de lévriers;OK;5,5;5474
01/10/2026 14:25:23;2026-10-01T12:25:23.342Z;Courses hippiques (PMU);OK;5,1;5133
01/10/2026 14:25:23;2026-10-01T12:25:23.342Z;Courses de lévriers;OK;7,7;7685
01/10/2026 14:37:48;2026-10-01T12:37:48.489Z;Courses hippiques (PMU);OK;4,0;3980
01/10/2026 14:37:48;2026-10-01T12:37:48.489Z;Courses de lévriers;OK;6,3;6328
01/10/2026 14:49:31;2026-10-01T12:49:31.893Z;Courses hippiques (PMU);OK;6,0;5971
01/10/2026 14:49:31;2026-10-01T12:49:31.893Z;Courses de lévriers;OK;5,5;5476
01/10/2026 15:01:51;2026-10-01T13:01:51.706Z;Courses hippiques (PMU);OK;4,9;4898
01/10/2026 15:01:51;2026-10-01T13:01:51.706Z;Courses de lévriers;OK;6,3;6338
01/10/2026 15:13:20;2026-10-01T13:13:20.533Z;Courses hippiques (PMU);OK;5,2;5244
01/10/2026 15:13:20;2026-10-01T13:13:20.533Z;Courses de lévriers;OK;5,7;5663
01/10/2026 15:25:55;2026-10-01T13:25:55.392Z;Courses hippiques (PMU);OK;4,6;4647
01/10/2026 15:25:55;2026-10-01T13:25:55.392Z;Courses de lévriers;OK;5,2;5173
01/10/2026 15:37:30;2026-10-01T13:37:30.962Z;Courses hippiques (PMU);OK;6,6;6649
01/10/2026 15:37:30;2026-10-01T13:37:30.962Z;Courses de lévriers;OK;9,0;9044
01/10/2026 15:49:20;2026-10-01T13:49:20.981Z;Courses hippiques (PMU);OK;5,3;5278
01/10/2026 15:49:20;2026-10-01T13:49:20.981Z;Courses de lévriers;OK;5,6;5562
01/10/2026 16:02:08;2026-10-01T14:02:08.613Z;Courses hippiques (PMU);ECHEC;5,2;5189
01/10/2026 16:02:08;2026-10-01T14:02:08.613Z;Courses de lévriers;OK;5,6;5596
01/10/2026 16:13:27;2026-10-01T14:13:27.549Z;Courses hippiques (PMU);OK;4,7;4711
01/10/2026 16:13:27;2026-10-01T14:13:27.549Z;Courses de lévriers;OK;4,6;4616
01/10/2026 16:25:29;2026-10-01T14:25:29.983Z;Courses hippiques (PMU);OK;5,3;5279
01/10/2026 16:25:29;2026-10-01T14:25:29.983Z;Courses de lévriers;OK;5,5;5484
01/10/2026 16:37:30;2026-10-01T14:37:30.941Z;Courses hippiques (PMU);OK;5,2;5226
01/10/2026 16:37:30;2026-10-01T14:37:30.941Z;Courses de lévriers;ECHEC;5,4;5380
01/10/2026 16:49:25;2026-10-01T14:49:25.970Z;Courses hippiques (PMU);OK;5,9;5907
01/10/2026 16:49:25;2026-10-01T14:49:25.970Z;Courses de lévriers;OK;5,7;5677
01/10/2026 17:02:08;2026-10-01T15:02:08.339Z;Courses hippiques (PMU);OK;6,0;5971
01/10/2026 17:02:08;2026-10-01T15:02:08.339Z;Courses de lévriers;OK;11,5;11516
01/10/2026 17:13:30;2026-10-01T15:13:30.121Z;Courses hippiques (PMU);OK;5,2;5184
01/10/2026 17:13:30;2026-10-01T15:13:30.121Z;Courses de lévriers;OK;7,3;7250
01/10/2026 17:28:06;2026-10-01T15:28:06.149Z;Courses hippiques (PMU);OK;5,4;5376
01/10/2026 17:28:06;2026-10-01T15:28:06.149Z;Courses de lévriers;OK;5,5;5538
01/10/2026 17:38:10;2026-10-01T15:38:10.992Z;Courses hippiques (PMU);OK;5,5;5470
01/10/2026 17:38:10;2026-10-01T15:38:10.992Z;Courses de lévriers;OK;5,8;5774
01/10/2026 17:49:35;2026-10-01T15:49:35.168Z;Courses hippiques (PMU);OK;5,0;5036
01/10/2026 17:49:35;2026-10-01T15:49:35.168Z;Courses de lévriers;OK;6,7;6688
01/10/2026 18:13:24;2026-10-01T16:13:24.915Z;Courses hippiques (PMU);OK;5,2;5214
01/10/2026 18:13:24;2026-10-01T16:13:24.915Z;Courses de lévriers;OK;6,8;6794
01/10/2026 18:26:05;2026-10-01T16:26:05.626Z;Courses hippiques (PMU);ECHEC;4,9;4859
01/10/2026 18:26:05;2026-10-01T16:26:05.626Z;Courses de lévriers;OK;5,7;5686
01/10/2026 18:45:29;2026-10-01T16:45:29.624Z;Courses hippiques (PMU);OK;6,3;6293
01/10/2026 18:45:29;2026-10-01T16:45:29.624Z;Courses de lévriers;OK;5,4;5372
01/10/2026 18:49:31;2026-10-01T16:49:31.517Z;Courses hippiques (PMU);OK;6,6;6562
01/10/2026 18:49:31;2026-10-01T16:49:31.517Z;Courses de lévriers;OK;5,6;5633
01/10/2026 19:04:43;2026-10-01T17:04:43.469Z;Courses hippiques (PMU);ECHEC;6,2;6161
01/10/2026 19:04:43;2026-10-01T17:04:43.469Z;Courses de lévriers;OK;6,6;6641
01/10/2026 19:17:05;2026-10-01T17:17:05.230Z;Courses hippiques (PMU);OK;4,9;4923
01/10/2026 19:17:05;2026-10-01T17:17:05.230Z;Courses de lévriers;OK;5,4;5400
01/10/2026 19:26:19;2026-10-01T17:26:19.466Z;Courses hippiques (PMU);OK;5,8;5790
01/10/2026 19:26:19;2026-10-01T17:26:19.466Z;Courses de lévriers;OK;5,5;5473
01/10/2026 19:37:21;2026-10-01T17:37:21.368Z;Courses hippiques (PMU);OK;5,2;5227
01/10/2026 19:37:21;2026-10-01T17:37:21.368Z;Courses de lévriers;OK;5,6;5587
01/10/2026 19:49:46;2026-10-01T17:49:46.721Z;Courses hippiques (PMU);OK;5,6;5614
01/10/2026 19:49:46;2026-10-01T17:49:46.721Z;Courses de lévriers;OK;5,3;5340
01/10/2026 20:01:54;2026-10-01T18:01:54.111Z;Courses hippiques (PMU);OK;4,3;4323
01/10/2026 20:01:54;2026-10-01T18:01:54.111Z;Courses de lévriers;OK;5,7;5650
01/10/2026 20:13:37;2026-10-01T18:13:37.637Z;Courses hippiques (PMU);OK;6,3;6300
01/10/2026 20:13:37;2026-10-01T18:13:37.637Z;Courses de lévriers;OK;5,8;5759
01/10/2026 20:25:27;2026-10-01T18:25:27.791Z;Courses hippiques (PMU);OK;7,1;7097
01/10/2026 20:25:27;2026-10-01T18:25:27.791Z;Courses de lévriers;OK;10,3;10321
01/10/2026 20:27:25;2026-10-01T18:27:25.986Z;Courses hippiques (PMU);OK;7,4;7380
01/10/2026 20:27:25;2026-10-01T18:27:25.986Z;Courses de lévriers;OK;8,2;8204
01/10/2026 20:37:23;2026-10-01T18:37:23.817Z;Courses hippiques (PMU);OK;7,6;7634
01/10/2026 20:37:23;2026-10-01T18:37:23.817Z;Courses de lévriers;OK;6,3;6341
01/10/2026 20:49:41;2026-10-01T18:49:41.595Z;Courses hippiques (PMU);OK;5,8;5817
01/10/2026 20:49:41;2026-10-01T18:49:41.595Z;Courses de lévriers;OK;6,4;6397
01/10/2026 21:02:27;2026-10-01T19:02:27.399Z;Courses hippiques (PMU);OK;6,5;6458
01/10/2026 21:02:27;2026-10-01T19:02:27.399Z;Courses de lévriers;OK;7,9;7942
01/10/2026 21:16:48;2026-10-01T19:16:48.412Z;Courses hippiques (PMU);OK;5,0;4962
01/10/2026 21:16:48;2026-10-01T19:16:48.412Z;Courses de lévriers;OK;5,4;5424
01/10/2026 21:25:24;2026-10-01T19:25:24.758Z;Courses hippiques (PMU);OK;5,8;5772
01/10/2026 21:25:24;2026-10-01T19:25:24.758Z;Courses de lévriers;OK;5,8;5822
01/10/2026 21:41:05;2026-10-01T19:41:05.895Z;Courses hippiques (PMU);OK;4,8;4770
01/10/2026 21:41:05;2026-10-01T19:41:05.895Z;Courses de lévriers;OK;5,4;5396
01/10/2026 21:49:23;2026-10-01T19:49:23.243Z;Courses hippiques (PMU);OK;5,2;5207
01/10/2026 21:49:23;2026-10-01T19:49:23.243Z;Courses de lévriers;OK;5,9;5856
01/10/2026 22:01:51;2026-10-01T20:01:51.692Z;Courses hippiques (PMU);OK;6,3;6338
01/10/2026 22:01:51;2026-10-01T20:01:51.692Z;Courses de lévriers;OK;3,6;3598
01/10/2026 22:17:08;2026-10-01T20:17:08.670Z;Courses hippiques (PMU);OK;5,0;5010
01/10/2026 22:17:08;2026-10-01T20:17:08.670Z;Courses de lévriers;OK;5,6;5577
01/10/2026 22:25:23;2026-10-01T20:25:23.895Z;Courses hippiques (PMU);OK;5,4;5363
01/10/2026 22:25:23;2026-10-01T20:25:23.895Z;Courses de lévriers;OK;6,8;6790
01/10/2026 22:37:20;2026-10-01T20:37:20.810Z;Courses hippiques (PMU);OK;5,2;5157
01/10/2026 22:37:20;2026-10-01T20:37:20.810Z;Courses de lévriers;OK;6,4;6446
01/10/2026 22:49:20;2026-10-01T20:49:20.867Z;Courses hippiques (PMU);OK;5,1;5108
01/10/2026 22:49:20;2026-10-01T20:49:20.867Z;Courses de lévriers;OK;6,5;6480
01/10/2026 23:07:15;2026-10-01T21:07:15.296Z;Courses hippiques (PMU);OK;5,0;4988
01/10/2026 23:07:15;2026-10-01T21:07:15.296Z;Courses de lévriers;OK;5,6;5630
01/10/2026 23:17:13;2026-10-01T21:17:13.536Z;Courses hippiques (PMU);OK;4,8;4780
01/10/2026 23:17:13;2026-10-01T21:17:13.536Z;Courses de lévriers;OK;5,9;5891
01/10/2026 23:25:23;2026-10-01T21:25:23.278Z;Courses hippiques (PMU);OK;5,4;5374
01/10/2026 23:25:23;2026-10-01T21:25:23.278Z;Courses de lévriers;OK;5,6;5571
01/10/2026 23:37:35;2026-10-01T21:37:35.572Z;Courses hippiques (PMU);OK;5,0;4993
01/10/2026 23:37:35;2026-10-01T21:37:35.572Z;Courses de lévriers;OK;5,5;5544
01/10/2026 23:49:26;2026-10-01T21:49:26.876Z;Courses hippiques (PMU);OK;5,0;5013
01/10/2026 23:49:26;2026-10-01T21:49:26.876Z;Courses de lévriers;OK;6,2;6193
02/10/2026 02:49:51;2026-10-02T00:49:51.764Z;Courses hippiques (PMU);OK;3,2;3170
02/10/2026 02:49:51;2026-10-02T00:49:51.764Z;Courses de lévriers;OK;2,0;1956
02/10/2026 08:01:45;2026-10-02T06:01:45.435Z;Courses hippiques (PMU);OK;2,2;2228
02/10/2026 08:01:45;2026-10-02T06:01:45.435Z;Courses de lévriers;OK;2,0;2024
02/10/2026 08:13:16;2026-10-02T06:13:16.575Z;Courses hippiques (PMU);OK;1,8;1821
02/10/2026 08:13:16;2026-10-02T06:13:16.575Z;Courses de lévriers;OK;2,5;2505
02/10/2026 08:25:21;2026-10-02T06:25:21.729Z;Courses hippiques (PMU);OK;1,8;1849
02/10/2026 08:25:21;2026-10-02T06:25:21.729Z;Courses de lévriers;OK;1,3;1261
02/10/2026 08:37:17;2026-10-02T06:37:17.781Z;Courses hippiques (PMU);ECHEC;5,8;5843
02/10/2026 08:37:17;2026-10-02T06:37:17.781Z;Courses de lévriers;OK;3,4;3403
02/10/2026 08:49:19;2026-10-02T06:49:19.279Z;Courses hippiques (PMU);OK;6,7;6744
02/10/2026 08:49:19;2026-10-02T06:49:19.279Z;Courses de lévriers;OK;4,4;4425
02/10/2026 09:01:49;2026-10-02T07:01:49.800Z;Courses hippiques (PMU);ECHEC;4,9;4902
02/10/2026 09:01:49;2026-10-02T07:01:49.800Z;Courses de lévriers;OK;7,3;7335
02/10/2026 09:13:24;2026-10-02T07:13:24.660Z;Courses hippiques (PMU);OK;6,3;6250
02/10/2026 09:13:24;2026-10-02T07:13:24.660Z;Courses de lévriers;OK;5,0;4975
02/10/2026 09:25:17;2026-10-02T07:25:17.880Z;Courses hippiques (PMU);OK;5,7;5744
02/10/2026 09:25:17;2026-10-02T07:25:17.880Z;Courses de lévriers;OK;4,6;4585
02/10/2026 09:37:33;2026-10-02T07:37:33.023Z;Courses hippiques (PMU);OK;5,3;5326
02/10/2026 09:37:33;2026-10-02T07:37:33.023Z;Courses de lévriers;OK;5,5;5510
02/10/2026 09:49:19;2026-10-02T07:49:19.341Z;Courses hippiques (PMU);OK;5,0;4964
02/10/2026 09:49:19;2026-10-02T07:49:19.341Z;Courses de lévriers;OK;4,8;4768
02/10/2026 10:01:47;2026-10-02T08:01:47.030Z;Courses hippiques (PMU);OK;5,1;5092
02/10/2026 10:01:47;2026-10-02T08:01:47.030Z;Courses de lévriers;OK;5,4;5397
02/10/2026 10:13:26;2026-10-02T08:13:26.836Z;Courses hippiques (PMU);ECHEC;6,1;6140
02/10/2026 10:13:26;2026-10-02T08:13:26.836Z;Courses de lévriers;OK;4,7;4742
02/10/2026 10:25:29;2026-10-02T08:25:29.994Z;Courses hippiques (PMU);OK;6,3;6337
02/10/2026 10:25:29;2026-10-02T08:25:29.994Z;Courses de lévriers;OK;5,9;5883
02/10/2026 10:37:22;2026-10-02T08:37:22.408Z;Courses hippiques (PMU);OK;5,3;5264
02/10/2026 10:37:22;2026-10-02T08:37:22.408Z;Courses de lévriers;OK;5,6;5642
02/10/2026 10:49:36;2026-10-02T08:49:36.796Z;Courses hippiques (PMU);OK;6,6;6609
02/10/2026 10:49:36;2026-10-02T08:49:36.796Z;Courses de lévriers;OK;5,3;5286
02/10/2026 11:01:53;2026-10-02T09:01:53.065Z;Courses hippiques (PMU);OK;4,6;4581
02/10/2026 11:01:53;2026-10-02T09:01:53.065Z;Courses de lévriers;OK;5,1;5098
02/10/2026 11:13:21;2026-10-02T09:13:21.083Z;Courses hippiques (PMU);OK;6,4;6398
02/10/2026 11:13:21;2026-10-02T09:13:21.083Z;Courses de lévriers;OK;5,5;5450
02/10/2026 11:25:19;2026-10-02T09:25:19.569Z;Courses hippiques (PMU);OK;5,7;5745
02/10/2026 11:25:19;2026-10-02T09:25:19.569Z;Courses de lévriers;OK;5,1;5145
02/10/2026 11:37:31;2026-10-02T09:37:31.659Z;Courses hippiques (PMU);OK;6,2;6227
02/10/2026 11:37:31;2026-10-02T09:37:31.659Z;Courses de lévriers;OK;5,8;5776
02/10/2026 11:49:17;2026-10-02T09:49:17.430Z;Courses hippiques (PMU);OK;4,3;4262
02/10/2026 11:49:17;2026-10-02T09:49:17.430Z;Courses de lévriers;OK;3,9;3907
02/10/2026 11:50:17;2026-10-02T09:50:17.305Z;Courses hippiques (PMU);OK;5,8;5842
02/10/2026 11:50:17;2026-10-02T09:50:17.305Z;Courses de lévriers;OK;5,5;5476
02/10/2026 12:01:59;2026-10-02T10:01:59.946Z;Courses hippiques (PMU);ECHEC;8,2;8223
02/10/2026 12:01:59;2026-10-02T10:01:59.946Z;Courses de lévriers;OK;5,3;5335
02/10/2026 12:13:20;2026-10-02T10:13:20.766Z;Courses hippiques (PMU);OK;4,9;4926
02/10/2026 12:13:20;2026-10-02T10:13:20.766Z;Courses de lévriers;OK;5,7;5670
02/10/2026 12:25:24;2026-10-02T10:25:24.858Z;Courses hippiques (PMU);OK;6,9;6872
02/10/2026 12:25:24;2026-10-02T10:25:24.858Z;Courses de lévriers;OK;5,0;4974
02/10/2026 12:37:24;2026-10-02T10:37:24.036Z;Courses hippiques (PMU);OK;5,1;5085
02/10/2026 12:37:24;2026-10-02T10:37:24.036Z;Courses de lévriers;OK;7,0;6952
02/10/2026 12:49:21;2026-10-02T10:49:21.760Z;Courses hippiques (PMU);OK;6,1;6128
02/10/2026 12:49:21;2026-10-02T10:49:21.760Z;Courses de lévriers;OK;5,3;5329
02/10/2026 13:02:00;2026-10-02T11:02:00.232Z;Courses hippiques (PMU);OK;8,6;8623
02/10/2026 13:02:00;2026-10-02T11:02:00.232Z;Courses de lévriers;OK;6,1;6136
02/10/2026 13:13:35;2026-10-02T11:13:35.420Z;Courses hippiques (PMU);OK;4,9;4883
02/10/2026 13:13:35;2026-10-02T11:13:35.420Z;Courses de lévriers;OK;6,5;6496
02/10/2026 13:25:18;2026-10-02T11:25:18.629Z;Courses hippiques (PMU);OK;5,8;5824
02/10/2026 13:25:18;2026-10-02T11:25:18.629Z;Courses de lévriers;OK;5,4;5365
02/10/2026 13:37:20;2026-10-02T11:37:20.801Z;Courses hippiques (PMU);OK;6,5;6477
02/10/2026 13:37:20;2026-10-02T11:37:20.801Z;Courses de lévriers;OK;4,8;4789
02/10/2026 13:49:23;2026-10-02T11:49:23.901Z;Courses hippiques (PMU);OK;7,0;6978
02/10/2026 13:49:23;2026-10-02T11:49:23.901Z;Courses de lévriers;OK;5,4;5353
02/10/2026 14:02:06;2026-10-02T12:02:06.193Z;Courses hippiques (PMU);OK;6,1;6140
02/10/2026 14:02:06;2026-10-02T12:02:06.193Z;Courses de lévriers;ECHEC;16,7;16682
02/10/2026 14:13:23;2026-10-02T12:13:23.718Z;Courses hippiques (PMU);OK;5,5;5461
02/10/2026 14:13:23;2026-10-02T12:13:23.718Z;Courses de lévriers;ECHEC;8,4;8398
02/10/2026 14:25:26;2026-10-02T12:25:26.758Z;Courses hippiques (PMU);OK;7,0;7022
02/10/2026 14:25:26;2026-10-02T12:25:26.758Z;Courses de lévriers;OK;6,7;6736
02/10/2026 14:37:21;2026-10-02T12:37:21.967Z;Courses hippiques (PMU);OK;5,6;5576
02/10/2026 14:37:21;2026-10-02T12:37:21.967Z;Courses de lévriers;OK;5,5;5520
02/10/2026 14:49:27;2026-10-02T12:49:27.747Z;Courses hippiques (PMU);OK;9,2;9220
02/10/2026 14:49:27;2026-10-02T12:49:27.747Z;Courses de lévriers;OK;5,3;5302
02/10/2026 15:01:57;2026-10-02T13:01:57.367Z;Courses hippiques (PMU);OK;6,0;6045
02/10/2026 15:01:57;2026-10-02T13:01:57.367Z;Courses de lévriers;OK;7,3;7291
02/10/2026 15:13:25;2026-10-02T13:13:25.778Z;Courses hippiques (PMU);OK;5,4;5380
02/10/2026 15:13:25;2026-10-02T13:13:25.778Z;Courses de lévriers;OK;6,0;5966
02/10/2026 15:25:34;2026-10-02T13:25:34.081Z;Courses hippiques (PMU);OK;6,2;6205
02/10/2026 15:25:34;2026-10-02T13:25:34.081Z;Courses de lévriers;OK;3,4;3415
02/10/2026 15:37:44;2026-10-02T13:37:44.403Z;Courses hippiques (PMU);OK;5,3;5282
02/10/2026 15:37:44;2026-10-02T13:37:44.403Z;Courses de lévriers;OK;5,3;5342
02/10/2026 15:49:27;2026-10-02T13:49:27.444Z;Courses hippiques (PMU);OK;6,3;6279
02/10/2026 15:49:27;2026-10-02T13:49:27.444Z;Courses de lévriers;OK;5,8;5809
02/10/2026 16:01:59;2026-10-02T14:01:59.069Z;Courses hippiques (PMU);OK;5,7;5659
02/10/2026 16:01:59;2026-10-02T14:01:59.069Z;Courses de lévriers;OK;5,7;5729
02/10/2026 16:13:24;2026-10-02T14:13:24.309Z;Courses hippiques (PMU);OK;5,7;5722
02/10/2026 16:13:24;2026-10-02T14:13:24.309Z;Courses de lévriers;OK;5,5;5498
02/10/2026 16:25:27;2026-10-02T14:25:27.370Z;Courses hippiques (PMU);OK;6,8;6809
02/10/2026 16:25:27;2026-10-02T14:25:27.370Z;Courses de lévriers;OK;5,6;5649
02/10/2026 16:37:24;2026-10-02T14:37:24.290Z;Courses hippiques (PMU);OK;5,8;5838
02/10/2026 16:37:24;2026-10-02T14:37:24.290Z;Courses de lévriers;OK;8,3;8333
02/10/2026 16:49:41;2026-10-02T14:49:41.595Z;Courses hippiques (PMU);OK;6,8;6844
02/10/2026 16:49:41;2026-10-02T14:49:41.595Z;Courses de lévriers;OK;6,8;6824
02/10/2026 17:01:57;2026-10-02T15:01:57.172Z;Courses hippiques (PMU);ECHEC;5,0;5022
02/10/2026 17:01:57;2026-10-02T15:01:57.172Z;Courses de lévriers;OK;5,6;5620
02/10/2026 17:13:31;2026-10-02T15:13:31.501Z;Courses hippiques (PMU);OK;13,7;13722
02/10/2026 17:13:31;2026-10-02T15:13:31.501Z;Courses de lévriers;OK;5,5;5492
02/10/2026 17:25:36;2026-10-02T15:25:36.423Z;Courses hippiques (PMU);OK;6,3;6333
02/10/2026 17:25:36;2026-10-02T15:25:36.423Z;Courses de lévriers;OK;5,7;5731
02/10/2026 17:37:20;2026-10-02T15:37:20.004Z;Courses hippiques (PMU);OK;5,2;5207
02/10/2026 17:37:20;2026-10-02T15:37:20.004Z;Courses de lévriers;OK;3,7;3712
02/10/2026 17:49:19;2026-10-02T15:49:19.700Z;Courses hippiques (PMU);OK;5,8;5823
02/10/2026 17:49:19;2026-10-02T15:49:19.700Z;Courses de lévriers;OK;3,5;3481
02/10/2026 18:03:32;2026-10-02T16:03:32.612Z;Courses hippiques (PMU);OK;7,4;7379
02/10/2026 18:03:32;2026-10-02T16:03:32.612Z;Courses de lévriers;OK;5,5;5460
02/10/2026 18:13:33;2026-10-02T16:13:33.665Z;Courses hippiques (PMU);OK;7,3;7349
02/10/2026 18:13:33;2026-10-02T16:13:33.665Z;Courses de lévriers;OK;5,8;5790
02/10/2026 18:25:38;2026-10-02T16:25:38.417Z;Courses hippiques (PMU);OK;5,1;5088
02/10/2026 18:25:38;2026-10-02T16:25:38.417Z;Courses de lévriers;OK;5,6;5575
02/10/2026 18:37:26;2026-10-02T16:37:26.302Z;Courses hippiques (PMU);OK;7,0;6975
02/10/2026 18:37:26;2026-10-02T16:37:26.302Z;Courses de lévriers;OK;7,7;7655
02/10/2026 18:49:30;2026-10-02T16:49:30.343Z;Courses hippiques (PMU);ECHEC;7,2;7233
02/10/2026 18:49:30;2026-10-02T16:49:30.343Z;Courses de lévriers;OK;8,0;7975
02/10/2026 19:02:03;2026-10-02T17:02:03.558Z;Courses hippiques (PMU);OK;6,2;6235
02/10/2026 19:02:03;2026-10-02T17:02:03.558Z;Courses de lévriers;OK;5,7;5734
02/10/2026 19:13:26;2026-10-02T17:13:26.250Z;Courses hippiques (PMU);OK;6,2;6207
02/10/2026 19:13:26;2026-10-02T17:13:26.250Z;Courses de lévriers;OK;7,4;7372
02/10/2026 19:25:30;2026-10-02T17:25:30.179Z;Courses hippiques (PMU);OK;5,0;4957
02/10/2026 19:25:30;2026-10-02T17:25:30.179Z;Courses de lévriers;OK;10,1;10139
02/10/2026 19:37:20;2026-10-02T17:37:20.270Z;Courses hippiques (PMU);OK;5,9;5949
02/10/2026 19:37:20;2026-10-02T17:37:20.270Z;Courses de lévriers;OK;5,5;5522
02/10/2026 19:49:24;2026-10-02T17:49:24.767Z;Courses hippiques (PMU);OK;5,0;5025
02/10/2026 19:49:24;2026-10-02T17:49:24.767Z;Courses de lévriers;OK;5,5;5503
02/10/2026 19:54:00;2026-10-02T17:54:00.027Z;Courses hippiques (PMU);ECHEC;5,2;5154
02/10/2026 19:54:00;2026-10-02T17:54:00.027Z;Courses de lévriers;OK;6,4;6396
02/10/2026 20:01:53;2026-10-02T18:01:53.860Z;Courses hippiques (PMU);ECHEC;6,0;6001
02/10/2026 20:01:53;2026-10-02T18:01:53.860Z;Courses de lévriers;OK;5,6;5579
02/10/2026 20:13:22;2026-10-02T18:13:22.199Z;Courses hippiques (PMU);OK;7,0;6993
02/10/2026 20:13:22;2026-10-02T18:13:22.199Z;Courses de lévriers;OK;5,5;5482
02/10/2026 20:25:33;2026-10-02T18:25:33.181Z;Courses hippiques (PMU);OK;8,2;8157
02/10/2026 20:25:33;2026-10-02T18:25:33.181Z;Courses de lévriers;OK;12,8;12781
02/10/2026 20:37:32;2026-10-02T18:37:32.626Z;Courses hippiques (PMU);OK;7,3;7317
02/10/2026 20:37:32;2026-10-02T18:37:32.626Z;Courses de lévriers;OK;6,0;6008
02/10/2026 20:49:30;2026-10-02T18:49:30.016Z;Courses hippiques (PMU);OK;5,6;5579
02/10/2026 20:49:30;2026-10-02T18:49:30.016Z;Courses de lévriers;OK;8,7;8725
02/10/2026 21:01:56;2026-10-02T19:01:56.698Z;Courses hippiques (PMU);OK;7,2;7161
02/10/2026 21:01:56;2026-10-02T19:01:56.698Z;Courses de lévriers;OK;5,7;5691
02/10/2026 21:13:19;2026-10-02T19:13:19.326Z;Courses hippiques (PMU);OK;4,2;4187
02/10/2026 21:13:19;2026-10-02T19:13:19.326Z;Courses de lévriers;OK;4,8;4792
02/10/2026 21:25:25;2026-10-02T19:25:25.451Z;Courses hippiques (PMU);ECHEC;4,9;4865
02/10/2026 21:25:25;2026-10-02T19:25:25.451Z;Courses de lévriers;OK;5,5;5485
02/10/2026 21:37:23;2026-10-02T19:37:23.148Z;Courses hippiques (PMU);OK;8,4;8408
02/10/2026 21:37:23;2026-10-02T19:37:23.148Z;Courses de lévriers;OK;6,5;6494
02/10/2026 21:49:24;2026-10-02T19:49:24.146Z;Courses hippiques (PMU);OK;5,5;5499
02/10/2026 21:49:24;2026-10-02T19:49:24.146Z;Courses de lévriers;OK;6,3;6316
02/10/2026 22:01:46;2026-10-02T20:01:46.115Z;Courses hippiques (PMU);OK;5,7;5688
02/10/2026 22:01:46;2026-10-02T20:01:46.115Z;Courses de lévriers;ECHEC;2,7;2743
02/10/2026 22:13:36;2026-10-02T20:13:36.364Z;Courses hippiques (PMU);OK;6,9;6860
02/10/2026 22:13:36;2026-10-02T20:13:36.364Z;Courses de lévriers;OK;4,1;4123
02/10/2026 22:25:35;2026-10-02T20:25:35.194Z;Courses hippiques (PMU);OK;7,8;7826
02/10/2026 22:25:35;2026-10-02T20:25:35.194Z;Courses de lévriers;OK;6,3;6310
02/10/2026 22:37:30;2026-10-02T20:37:30.334Z;Courses hippiques (PMU);OK;6,1;6138
02/10/2026 22:37:30;2026-10-02T20:37:30.334Z;Courses de lévriers;OK;5,8;5755
02/10/2026 22:49:42;2026-10-02T20:49:42.215Z;Courses hippiques (PMU);OK;6,2;6158
02/10/2026 22:49:42;2026-10-02T20:49:42.215Z;Courses de lévriers;OK;8,8;8839
02/10/2026 23:01:50;2026-10-02T21:01:50.683Z;Courses hippiques (PMU);OK;6,5;6450
02/10/2026 23:01:50;2026-10-02T21:01:50.683Z;Courses de lévriers;OK;5,7;5665
02/10/2026 23:13:21;2026-10-02T21:13:21.340Z;Courses hippiques (PMU);OK;6,2;6185
02/10/2026 23:13:21;2026-10-02T21:13:21.340Z;Courses de lévriers;OK;5,8;5845
02/10/2026 23:25:33;2026-10-02T21:25:33.656Z;Courses hippiques (PMU);OK;5,9;5897
02/10/2026 23:25:33;2026-10-02T21:25:33.656Z;Courses de lévriers;OK;8,0;8012
02/10/2026 23:37:21;2026-10-02T21:37:21.706Z;Courses hippiques (PMU);OK;5,2;5164
02/10/2026 23:37:21;2026-10-02T21:37:21.706Z;Courses de lévriers;OK;5,6;5576
03/10/2026 00:17:19;2026-10-02T22:17:19.720Z;Courses hippiques (PMU);OK;1,9;1858
03/10/2026 00:17:19;2026-10-02T22:17:19.720Z;Courses de lévriers;OK;1,4;1387
03/10/2026 07:22:25;2026-10-03T05:22:25.276Z;Courses hippiques (PMU);OK;1,7;1735
03/10/2026 07:22:25;2026-10-03T05:22:25.276Z;Courses de lévriers;OK;1,2;1151
03/10/2026 08:01:35;2026-10-03T06:01:35.046Z;Courses hippiques (PMU);OK;2,0;2018
03/10/2026 08:01:35;2026-10-03T06:01:35.046Z;Courses de lévriers;OK;1,2;1200
03/10/2026 08:13:14;2026-10-03T06:13:14.795Z;Courses hippiques (PMU);OK;3,0;2959
03/10/2026 08:13:14;2026-10-03T06:13:14.795Z;Courses de lévriers;OK;2,3;2296
03/10/2026 08:25:30;2026-10-03T06:25:30.517Z;Courses hippiques (PMU);OK;1,9;1928
03/10/2026 08:25:30;2026-10-03T06:25:30.517Z;Courses de lévriers;OK;1,8;1828
03/10/2026 08:37:33;2026-10-03T06:37:33.994Z;Courses hippiques (PMU);ECHEC;6,1;6077
03/10/2026 08:37:33;2026-10-03T06:37:33.994Z;Courses de lévriers;OK;6,1;6082
03/10/2026 08:49:16;2026-10-03T06:49:16.992Z;Courses hippiques (PMU);OK;7,9;7908
03/10/2026 08:49:16;2026-10-03T06:49:16.992Z;Courses de lévriers;OK;4,5;4494
03/10/2026 09:01:51;2026-10-03T07:01:51.677Z;Courses hippiques (PMU);OK;5,1;5105
03/10/2026 09:01:51;2026-10-03T07:01:51.677Z;Courses de lévriers;OK;5,6;5575
03/10/2026 09:13:22;2026-10-03T07:13:22.247Z;Courses hippiques (PMU);OK;6,8;6816
03/10/2026 09:13:22;2026-10-03T07:13:22.247Z;Courses de lévriers;OK;5,5;5464
03/10/2026 09:25:23;2026-10-03T07:25:23.296Z;Courses hippiques (PMU);OK;6,0;6032
03/10/2026 09:25:23;2026-10-03T07:25:23.296Z;Courses de lévriers;OK;5,5;5549
03/10/2026 09:37:57;2026-10-03T07:37:57.234Z;Courses hippiques (PMU);OK;6,0;5993
03/10/2026 09:37:57;2026-10-03T07:37:57.234Z;Courses de lévriers;OK;4,9;4910
03/10/2026 09:49:16;2026-10-03T07:49:16.530Z;Courses hippiques (PMU);OK;5,2;5171
03/10/2026 09:49:16;2026-10-03T07:49:16.530Z;Courses de lévriers;OK;3,9;3870
03/10/2026 10:01:52;2026-10-03T08:01:52.391Z;Courses hippiques (PMU);OK;5,1;5075
03/10/2026 10:01:52;2026-10-03T08:01:52.391Z;Courses de lévriers;OK;4,4;4351
03/10/2026 10:13:27;2026-10-03T08:13:27.724Z;Courses hippiques (PMU);OK;5,9;5884
03/10/2026 10:13:27;2026-10-03T08:13:27.724Z;Courses de lévriers;OK;6,5;6535
03/10/2026 10:25:32;2026-10-03T08:25:32.483Z;Courses hippiques (PMU);OK;6,8;6803
03/10/2026 10:25:32;2026-10-03T08:25:32.483Z;Courses de lévriers;OK;5,7;5671
03/10/2026 10:37:18;2026-10-03T08:37:18.851Z;Courses hippiques (PMU);OK;4,9;4883
03/10/2026 10:37:18;2026-10-03T08:37:18.851Z;Courses de lévriers;OK;4,4;4449
03/10/2026 10:49:26;2026-10-03T08:49:26.839Z;Courses hippiques (PMU);OK;8,8;8811
03/10/2026 10:49:26;2026-10-03T08:49:26.839Z;Courses de lévriers;OK;5,8;5770
03/10/2026 11:01:51;2026-10-03T09:01:51.098Z;Courses hippiques (PMU);OK;6,6;6573
03/10/2026 11:01:51;2026-10-03T09:01:51.098Z;Courses de lévriers;OK;6,3;6346
03/10/2026 11:13:35;2026-10-03T09:13:35.563Z;Courses hippiques (PMU);ECHEC;15,0;15047
03/10/2026 11:13:35;2026-10-03T09:13:35.563Z;Courses de lévriers;OK;8,9;8910
03/10/2026 11:25:23;2026-10-03T09:25:23.956Z;Courses hippiques (PMU);ECHEC;4,9;4907
03/10/2026 11:25:23;2026-10-03T09:25:23.956Z;Courses de lévriers;OK;5,7;5677
03/10/2026 11:37:37;2026-10-03T09:37:37.341Z;Courses hippiques (PMU);OK;8,5;8490
03/10/2026 11:37:37;2026-10-03T09:37:37.341Z;Courses de lévriers;OK;6,0;5975
03/10/2026 11:49:23;2026-10-03T09:49:23.104Z;Courses hippiques (PMU);OK;7,8;7810
03/10/2026 11:49:23;2026-10-03T09:49:23.104Z;Courses de lévriers;OK;4,4;4391
03/10/2026 12:02:06;2026-10-03T10:02:06.299Z;Courses hippiques (PMU);OK;6,3;6320
03/10/2026 12:02:06;2026-10-03T10:02:06.299Z;Courses de lévriers;OK;12,3;12297
03/10/2026 12:13:22;2026-10-03T10:13:22.159Z;Courses hippiques (PMU);OK;6,3;6340
03/10/2026 12:13:22;2026-10-03T10:13:22.159Z;Courses de lévriers;OK;4,4;4394
03/10/2026 12:25:24;2026-10-03T10:25:24.695Z;Courses hippiques (PMU);OK;6,3;6339
03/10/2026 12:25:24;2026-10-03T10:25:24.695Z;Courses de lévriers;OK;6,8;6796
03/10/2026 12:37:56;2026-10-03T10:37:56.700Z;Courses hippiques (PMU);OK;5,2;5171
03/10/2026 12:37:56;2026-10-03T10:37:56.700Z;Courses de lévriers;OK;7,5;7464
03/10/2026 12:49:22;2026-10-03T10:49:22.954Z;Courses hippiques (PMU);ECHEC;5,4;5430
03/10/2026 12:49:22;2026-10-03T10:49:22.954Z;Courses de lévriers;OK;5,8;5823
03/10/2026 13:01:56;2026-10-03T11:01:56.871Z;Courses hippiques (PMU);OK;6,6;6553
03/10/2026 13:01:56;2026-10-03T11:01:56.871Z;Courses de lévriers;OK;6,2;6196
03/10/2026 13:13:23;2026-10-03T11:13:23.797Z;Courses hippiques (PMU);OK;4,8;4785
03/10/2026 13:13:23;2026-10-03T11:13:23.797Z;Courses de lévriers;OK;6,4;6351
03/10/2026 13:25:29;2026-10-03T11:25:29.794Z;Courses hippiques (PMU);OK;7,9;7898
03/10/2026 13:25:29;2026-10-03T11:25:29.794Z;Courses de lévriers;OK;9,4;9368
03/10/2026 13:37:15;2026-10-03T11:37:15.829Z;Courses hippiques (PMU);OK;4,5;4466
03/10/2026 13:37:15;2026-10-03T11:37:15.829Z;Courses de lévriers;OK;4,3;4291
03/10/2026 13:43:28;2026-10-03T11:43:28.210Z;Courses hippiques (PMU);ECHEC;8,5;8544
03/10/2026 13:43:28;2026-10-03T11:43:28.210Z;Courses de lévriers;OK;3,8;3824
03/10/2026 13:49:20;2026-10-03T11:49:20.603Z;Courses hippiques (PMU);OK;5,7;5690
03/10/2026 13:49:20;2026-10-03T11:49:20.603Z;Courses de lévriers;OK;5,7;5667
03/10/2026 14:02:05;2026-10-03T12:02:05.366Z;Courses hippiques (PMU);OK;6,1;6054
03/10/2026 14:02:05;2026-10-03T12:02:05.366Z;Courses de lévriers;OK;9,0;9024
03/10/2026 14:13:26;2026-10-03T12:13:26.758Z;Courses hippiques (PMU);OK;7,2;7193
03/10/2026 14:13:26;2026-10-03T12:13:26.758Z;Courses de lévriers;OK;12,3;12253
03/10/2026 14:25:24;2026-10-03T12:25:24.304Z;Courses hippiques (PMU);OK;5,8;5774
03/10/2026 14:25:24;2026-10-03T12:25:24.304Z;Courses de lévriers;OK;5,1;5084
03/10/2026 14:37:24;2026-10-03T12:37:24.925Z;Courses hippiques (PMU);OK;9,5;9461
03/10/2026 14:37:24;2026-10-03T12:37:24.925Z;Courses de lévriers;OK;5,4;5419
03/10/2026 14:49:23;2026-10-03T12:49:23.119Z;Courses hippiques (PMU);OK;7,0;7005
03/10/2026 14:49:23;2026-10-03T12:49:23.119Z;Courses de lévriers;OK;8,5;8523
03/10/2026 15:01:40;2026-10-03T13:01:40.208Z;Courses hippiques (PMU);OK;4,6;4564
03/10/2026 15:01:40;2026-10-03T13:01:40.208Z;Courses de lévriers;OK;4,2;4170
03/10/2026 15:13:27;2026-10-03T13:13:27.293Z;Courses hippiques (PMU);OK;6,2;6221
03/10/2026 15:13:27;2026-10-03T13:13:27.293Z;Courses de lévriers;OK;10,8;10805
03/10/2026 15:25:20;2026-10-03T13:25:20.134Z;Courses hippiques (PMU);OK;5,5;5477
03/10/2026 15:25:20;2026-10-03T13:25:20.134Z;Courses de lévriers;OK;4,6;4551
03/10/2026 15:37:28;2026-10-03T13:37:28.848Z;Courses hippiques (PMU);OK;10,3;10253
03/10/2026 15:37:28;2026-10-03T13:37:28.848Z;Courses de lévriers;OK;5,5;5469
03/10/2026 15:49:25;2026-10-03T13:49:25.408Z;Courses hippiques (PMU);OK;7,0;7044
03/10/2026 15:49:25;2026-10-03T13:49:25.408Z;Courses de lévriers;OK;4,9;4883
03/10/2026 16:02:05;2026-10-03T14:02:05.931Z;Courses hippiques (PMU);ECHEC;6,0;5950
03/10/2026 16:02:05;2026-10-03T14:02:05.931Z;Courses de lévriers;OK;4,6;4612
03/10/2026 16:13:26;2026-10-03T14:13:26.456Z;Courses hippiques (PMU);OK;7,0;6995
03/10/2026 16:13:26;2026-10-03T14:13:26.456Z;Courses de lévriers;OK;9,4;9354
03/10/2026 16:28:41;2026-10-03T14:28:41.986Z;Courses hippiques (PMU);OK;7,7;7666
03/10/2026 16:28:41;2026-10-03T14:28:41.986Z;Courses de lévriers;OK;7,3;7350
03/10/2026 16:38:03;2026-10-03T14:38:03.891Z;Courses hippiques (PMU);ECHEC;4,9;4915
03/10/2026 16:38:03;2026-10-03T14:38:03.891Z;Courses de lévriers;OK;5,7;5656
03/10/2026 16:49:29;2026-10-03T14:49:29.968Z;Courses hippiques (PMU);OK;5,8;5777
03/10/2026 16:49:29;2026-10-03T14:49:29.968Z;Courses de lévriers;OK;11,7;11665
03/10/2026 17:01:56;2026-10-03T15:01:56.681Z;Courses hippiques (PMU);OK;9,9;9941
03/10/2026 17:01:56;2026-10-03T15:01:56.681Z;Courses de lévriers;OK;5,6;5644
03/10/2026 17:13:17;2026-10-03T15:13:17.181Z;Courses hippiques (PMU);OK;5,0;4998
03/10/2026 17:13:17;2026-10-03T15:13:17.181Z;Courses de lévriers;OK;4,4;4412
03/10/2026 17:25:27;2026-10-03T15:25:27.118Z;Courses hippiques (PMU);OK;6,0;5973
03/10/2026 17:25:27;2026-10-03T15:25:27.118Z;Courses de lévriers;OK;5,2;5236
03/10/2026 17:37:27;2026-10-03T15:37:27.162Z;Courses hippiques (PMU);OK;7,7;7723
03/10/2026 17:37:27;2026-10-03T15:37:27.162Z;Courses de lévriers;OK;10,9;10882
03/10/2026 17:49:22;2026-10-03T15:49:22.702Z;Courses hippiques (PMU);OK;10,3;10257
03/10/2026 17:49:22;2026-10-03T15:49:22.702Z;Courses de lévriers;OK;4,6;4633
03/10/2026 18:02:15;2026-10-03T16:02:15.167Z;Courses hippiques (PMU);OK;9,4;9443
03/10/2026 18:02:15;2026-10-03T16:02:15.167Z;Courses de lévriers;OK;9,9;9877
03/10/2026 18:13:21;2026-10-03T16:13:21.329Z;Courses hippiques (PMU);ECHEC;7,8;7794
03/10/2026 18:13:21;2026-10-03T16:13:21.329Z;Courses de lévriers;OK;5,3;5301
03/10/2026 18:20:46;2026-10-03T16:20:46.133Z;Courses hippiques (PMU);OK;5,0;5016
03/10/2026 18:20:46;2026-10-03T16:20:46.133Z;Courses de lévriers;OK;5,6;5561
03/10/2026 18:25:30;2026-10-03T16:25:30.443Z;Courses hippiques (PMU);OK;5,2;5231
03/10/2026 18:25:30;2026-10-03T16:25:30.443Z;Courses de lévriers;OK;3,5;3499
03/10/2026 18:37:23;2026-10-03T16:37:23.157Z;Courses hippiques (PMU);OK;7,0;6971
03/10/2026 18:37:23;2026-10-03T16:37:23.157Z;Courses de lévriers;OK;4,7;4743
03/10/2026 18:49:12;2026-10-03T16:49:12.797Z;Courses hippiques (PMU);ECHEC;4,0;4003
03/10/2026 18:49:12;2026-10-03T16:49:12.797Z;Courses de lévriers;OK;4,5;4489
03/10/2026 19:02:05;2026-10-03T17:02:05.909Z;Courses hippiques (PMU);OK;8,3;8287
03/10/2026 19:02:05;2026-10-03T17:02:05.909Z;Courses de lévriers;OK;10,0;9978
03/10/2026 19:13:29;2026-10-03T17:13:29.377Z;Courses hippiques (PMU);OK;5,1;5075
03/10/2026 19:13:29;2026-10-03T17:13:29.377Z;Courses de lévriers;OK;5,3;5321
03/10/2026 19:25:27;2026-10-03T17:25:27.637Z;Courses hippiques (PMU);ECHEC;6,5;6505
03/10/2026 19:25:27;2026-10-03T17:25:27.637Z;Courses de lévriers;OK;5,5;5547
03/10/2026 19:37:30;2026-10-03T17:37:30.473Z;Courses hippiques (PMU);OK;6,7;6661
03/10/2026 19:37:30;2026-10-03T17:37:30.473Z;Courses de lévriers;OK;6,8;6834
03/10/2026 19:49:31;2026-10-03T17:49:31.134Z;Courses hippiques (PMU);OK;5,9;5947
03/10/2026 19:49:31;2026-10-03T17:49:31.134Z;Courses de lévriers;ECHEC;5,5;5521
03/10/2026 20:01:53;2026-10-03T18:01:53.996Z;Courses hippiques (PMU);OK;5,8;5826
03/10/2026 20:01:53;2026-10-03T18:01:53.996Z;Courses de lévriers;ECHEC;6,8;6773
03/10/2026 20:13:44;2026-10-03T18:13:44.264Z;Courses hippiques (PMU);ECHEC;30,0;30003
03/10/2026 20:13:44;2026-10-03T18:13:44.264Z;Courses de lévriers;OK;6,2;6198
03/10/2026 20:25:30;2026-10-03T18:25:30.834Z;Courses hippiques (PMU);OK;12,2;12171
03/10/2026 20:25:30;2026-10-03T18:25:30.834Z;Courses de lévriers;OK;7,0;6952
03/10/2026 20:37:19;2026-10-03T18:37:19.626Z;Courses hippiques (PMU);OK;4,7;4687
03/10/2026 20:37:19;2026-10-03T18:37:19.626Z;Courses de lévriers;OK;6,1;6095
03/10/2026 20:49:24;2026-10-03T18:49:24.197Z;Courses hippiques (PMU);OK;6,9;6936
03/10/2026 20:49:24;2026-10-03T18:49:24.197Z;Courses de lévriers;OK;5,5;5543
03/10/2026 21:02:24;2026-10-03T19:02:24.259Z;Courses hippiques (PMU);OK;5,0;5026
03/10/2026 21:02:24;2026-10-03T19:02:24.259Z;Courses de lévriers;OK;6,5;6495
03/10/2026 21:13:22;2026-10-03T19:13:22.005Z;Courses hippiques (PMU);OK;5,7;5668
03/10/2026 21:13:22;2026-10-03T19:13:22.005Z;Courses de lévriers;OK;6,0;5976
03/10/2026 21:25:25;2026-10-03T19:25:25.165Z;Courses hippiques (PMU);OK;5,6;5593
03/10/2026 21:25:25;2026-10-03T19:25:25.165Z;Courses de lévriers;OK;5,7;5680
03/10/2026 21:37:30;2026-10-03T19:37:30.913Z;Courses hippiques (PMU);OK;6,1;6055
03/10/2026 21:37:30;2026-10-03T19:37:30.913Z;Courses de lévriers;OK;4,4;4448
03/10/2026 21:49:30;2026-10-03T19:49:30.629Z;Courses hippiques (PMU);OK;5,4;5367
03/10/2026 21:49:30;2026-10-03T19:49:30.629Z;Courses de lévriers;OK;5,3;5316
03/10/2026 22:01:53;2026-10-03T20:01:53.203Z;Courses hippiques (PMU);OK;6,3;6266
03/10/2026 22:01:53;2026-10-03T20:01:53.203Z;Courses de lévriers;OK;6,4;6445
03/10/2026 22:13:15;2026-10-03T20:13:15.260Z;Courses hippiques (PMU);OK;6,1;6099
03/10/2026 22:13:15;2026-10-03T20:13:15.260Z;Courses de lévriers;ECHEC;5,3;5302
03/10/2026 22:25:18;2026-10-03T20:25:18.725Z;Courses hippiques (PMU);OK;5,1;5093
03/10/2026 22:25:18;2026-10-03T20:25:18.725Z;Courses de lévriers;ECHEC;4,6;4624
03/10/2026 22:37:21;2026-10-03T20:37:21.640Z;Courses hippiques (PMU);OK;8,0;8013
03/10/2026 22:37:21;2026-10-03T20:37:21.640Z;Courses de lévriers;OK;5,4;5373
03/10/2026 22:49:27;2026-10-03T20:49:27.688Z;Courses hippiques (PMU);ECHEC;11,0;10981
03/10/2026 22:49:27;2026-10-03T20:49:27.688Z;Courses de lévriers;OK;5,5;5488
03/10/2026 23:01:56;2026-10-03T21:01:56.747Z;Courses hippiques (PMU);OK;5,7;5656
03/10/2026 23:01:56;2026-10-03T21:01:56.747Z;Courses de lévriers;ECHEC;10,5;10482
03/10/2026 23:14:32;2026-10-03T21:14:32.918Z;Courses hippiques (PMU);ECHEC;11,4;11423
03/10/2026 23:14:32;2026-10-03T21:14:32.918Z;Courses de lévriers;OK;5,4;5376
03/10/2026 23:21:09;2026-10-03T21:21:09.824Z;Courses hippiques (PMU);OK;13,3;13326
03/10/2026 23:21:09;2026-10-03T21:21:09.824Z;Courses de lévriers;OK;5,5;5492
03/10/2026 23:25:26;2026-10-03T21:25:26.098Z;Courses hippiques (PMU);ECHEC;5,8;5764
03/10/2026 23:25:26;2026-10-03T21:25:26.098Z;Courses de lévriers;OK;3,6;3625
03/10/2026 23:37:18;2026-10-03T21:37:18.573Z;Courses hippiques (PMU);OK;5,3;5272
03/10/2026 23:37:18;2026-10-03T21:37:18.573Z;Courses de lévriers;ECHEC;4,4;4426
03/10/2026 23:57:24;2026-10-03T21:57:24.202Z;Courses hippiques (PMU);ECHEC;5,4;5373
03/10/2026 23:57:24;2026-10-03T21:57:24.202Z;Courses de lévriers;ECHEC;5,7;5661
04/10/2026 07:58:39;2026-10-04T05:58:39.938Z;Courses hippiques (PMU);OK;2,4;2397
04/10/2026 07:58:39;2026-10-04T05:58:39.938Z;Courses de lévriers;OK;2,6;2631
04/10/2026 08:01:57;2026-10-04T06:01:57.181Z;Courses hippiques (PMU);OK;2,8;2844
04/10/2026 08:01:57;2026-10-04T06:01:57.181Z;Courses de lévriers;OK;2,2;2189
04/10/2026 08:13:10;2026-10-04T06:13:10.650Z;Courses hippiques (PMU);OK;1,8;1787
04/10/2026 08:13:10;2026-10-04T06:13:10.650Z;Courses de lévriers;OK;1,5;1470
04/10/2026 08:25:24;2026-10-04T06:25:24.479Z;Courses hippiques (PMU);OK;2,1;2134
04/10/2026 08:25:24;2026-10-04T06:25:24.479Z;Courses de lévriers;OK;1,4;1392
04/10/2026 08:37:17;2026-10-04T06:37:17.591Z;Courses hippiques (PMU);OK;5,3;5330
04/10/2026 08:37:17;2026-10-04T06:37:17.591Z;Courses de lévriers;OK;4,5;4505
04/10/2026 08:49:30;2026-10-04T06:49:30.529Z;Courses hippiques (PMU);OK;6,6;6643
04/10/2026 08:49:30;2026-10-04T06:49:30.529Z;Courses de lévriers;OK;7,7;7744
04/10/2026 09:01:47;2026-10-04T07:01:47.085Z;Courses hippiques (PMU);OK;4,1;4051
04/10/2026 09:01:47;2026-10-04T07:01:47.085Z;Courses de lévriers;OK;4,8;4831
04/10/2026 09:13:20;2026-10-04T07:13:20.171Z;Courses hippiques (PMU);OK;4,2;4241
04/10/2026 09:13:20;2026-10-04T07:13:20.171Z;Courses de lévriers;OK;6,7;6732
04/10/2026 09:25:22;2026-10-04T07:25:22.277Z;Courses hippiques (PMU);OK;4,9;4930
04/10/2026 09:25:22;2026-10-04T07:25:22.277Z;Courses de lévriers;OK;6,6;6641
04/10/2026 09:37:22;2026-10-04T07:37:22.573Z;Courses hippiques (PMU);OK;8,8;8785
04/10/2026 09:37:22;2026-10-04T07:37:22.573Z;Courses de lévriers;ECHEC;4,7;4689
04/10/2026 09:49:22;2026-10-04T07:49:22.137Z;Courses hippiques (PMU);ECHEC;5,9;5934
04/10/2026 09:49:22;2026-10-04T07:49:22.137Z;Courses de lévriers;OK;5,3;5292
04/10/2026 10:01:49;2026-10-04T08:01:49.026Z;Courses hippiques (PMU);OK;7,5;7463
04/10/2026 10:01:49;2026-10-04T08:01:49.026Z;Courses de lévriers;OK;5,5;5548
04/10/2026 10:13:25;2026-10-04T08:13:25.798Z;Courses hippiques (PMU);ECHEC;9,0;8998
04/10/2026 10:13:25;2026-10-04T08:13:25.798Z;Courses de lévriers;OK;6,5;6478
04/10/2026 10:25:24;2026-10-04T08:25:24.918Z;Courses hippiques (PMU);OK;3,9;3915
04/10/2026 10:25:24;2026-10-04T08:25:24.918Z;Courses de lévriers;OK;11,7;11665
04/10/2026 10:37:19;2026-10-04T08:37:19.029Z;Courses hippiques (PMU);OK;5,6;5586
04/10/2026 10:37:19;2026-10-04T08:37:19.029Z;Courses de lévriers;OK;5,0;5034
04/10/2026 10:49:21;2026-10-04T08:49:21.778Z;Courses hippiques (PMU);ECHEC;7,2;7190
04/10/2026 10:49:21;2026-10-04T08:49:21.778Z;Courses de lévriers;OK;4,6;4627
04/10/2026 11:01:58;2026-10-04T09:01:58.485Z;Courses hippiques (PMU);ECHEC;4,9;4859
04/10/2026 11:01:58;2026-10-04T09:01:58.485Z;Courses de lévriers;OK;4,7;4668
04/10/2026 11:13:28;2026-10-04T09:13:28.534Z;Courses hippiques (PMU);ECHEC;5,1;5115
04/10/2026 11:13:28;2026-10-04T09:13:28.534Z;Courses de lévriers;OK;6,1;6079
04/10/2026 11:25:13;2026-10-04T09:25:13.429Z;Courses hippiques (PMU);ECHEC;5,0;4958
04/10/2026 11:25:13;2026-10-04T09:25:13.429Z;Courses de lévriers;OK;4,3;4329
04/10/2026 11:37:28;2026-10-04T09:37:28.184Z;Courses hippiques (PMU);ECHEC;5,0;4991
04/10/2026 11:37:28;2026-10-04T09:37:28.184Z;Courses de lévriers;ECHEC;5,1;5066
04/10/2026 11:49:41;2026-10-04T09:49:41.157Z;Courses hippiques (PMU);ECHEC;20,8;20766
04/10/2026 11:49:41;2026-10-04T09:49:41.157Z;Courses de lévriers;OK;14,5;14473
04/10/2026 12:02:04;2026-10-04T10:02:04.395Z;Courses hippiques (PMU);OK;8,5;8468
04/10/2026 12:02:04;2026-10-04T10:02:04.395Z;Courses de lévriers;ECHEC;9,8;9802
04/10/2026 12:13:22;2026-10-04T10:13:22.024Z;Courses hippiques (PMU);ECHEC;9,8;9791
04/10/2026 12:13:22;2026-10-04T10:13:22.024Z;Courses de lévriers;ECHEC;4,6;4641
04/10/2026 12:25:35;2026-10-04T10:25:35.930Z;Courses hippiques (PMU);OK;6,1;6134
04/10/2026 12:25:35;2026-10-04T10:25:35.930Z;Courses de lévriers;ECHEC;20,8;20837
04/10/2026 12:38:13;2026-10-04T10:38:13.787Z;Courses hippiques (PMU);OK;5,0;4973
04/10/2026 12:38:13;2026-10-04T10:38:13.787Z;Courses de lévriers;ECHEC;20,8;20789
04/10/2026 12:49:41;2026-10-04T10:49:41.769Z;Courses hippiques (PMU);ECHEC;9,0;8968
04/10/2026 12:49:41;2026-10-04T10:49:41.769Z;Courses de lévriers;OK;10,7;10673
04/10/2026 13:01:50;2026-10-04T11:01:50.587Z;Courses hippiques (PMU);OK;4,9;4948
04/10/2026 13:01:50;2026-10-04T11:01:50.587Z;Courses de lévriers;OK;5,4;5368
04/10/2026 13:13:50;2026-10-04T11:13:50.012Z;Courses hippiques (PMU);ECHEC;20,6;20599
04/10/2026 13:13:50;2026-10-04T11:13:50.012Z;Courses de lévriers;ECHEC;20,6;20631
04/10/2026 13:25:22;2026-10-04T11:25:22.425Z;Courses hippiques (PMU);OK;6,5;6458
04/10/2026 13:25:22;2026-10-04T11:25:22.425Z;Courses de lévriers;ECHEC;6,5;6491
04/10/2026 13:37:29;2026-10-04T11:37:29.107Z;Courses hippiques (PMU);OK;5,1;5074
04/10/2026 13:37:29;2026-10-04T11:37:29.107Z;Courses de lévriers;OK;6,8;6817
04/10/2026 13:49:30;2026-10-04T11:49:30.475Z;Courses hippiques (PMU);ECHEC;16,6;16638
04/10/2026 13:49:30;2026-10-04T11:49:30.475Z;Courses de lévriers;OK;5,0;4952
04/10/2026 14:01:51;2026-10-04T12:01:51.920Z;Courses hippiques (PMU);OK;5,1;5089
04/10/2026 14:01:51;2026-10-04T12:01:51.920Z;Courses de lévriers;OK;5,9;5909
04/10/2026 14:13:30;2026-10-04T12:13:30.049Z;Courses hippiques (PMU);ECHEC;11,1;11086
04/10/2026 14:13:30;2026-10-04T12:13:30.049Z;Courses de lévriers;OK;11,1;11081
04/10/2026 14:25:20;2026-10-04T12:25:20.974Z;Courses hippiques (PMU);ECHEC;5,5;5492
04/10/2026 14:25:20;2026-10-04T12:25:20.974Z;Courses de lévriers;OK;6,8;6789
04/10/2026 14:26:39;2026-10-04T12:26:39.382Z;Courses hippiques (PMU);ECHEC;20,5;20492
04/10/2026 14:26:39;2026-10-04T12:26:39.382Z;Courses de lévriers;OK;7,6;7559
04/10/2026 14:37:19;2026-10-04T12:37:19.784Z;Courses hippiques (PMU);OK;5,9;5938
04/10/2026 14:37:19;2026-10-04T12:37:19.784Z;Courses de lévriers;OK;5,7;5674
04/10/2026 14:49:36;2026-10-04T12:49:36.245Z;Courses hippiques (PMU);ECHEC;8,9;8877
04/10/2026 14:49:36;2026-10-04T12:49:36.245Z;Courses de lévriers;ECHEC;10,5;10530
04/10/2026 15:01:43;2026-10-04T13:01:43.935Z;Courses hippiques (PMU);ECHEC;5,4;5424
04/10/2026 15:01:43;2026-10-04T13:01:43.935Z;Courses de lévriers;OK;3,4;3432
04/10/2026 15:13:53;2026-10-04T13:13:53.412Z;Courses hippiques (PMU);ECHEC;20,4;20370
04/10/2026 15:13:53;2026-10-04T13:13:53.412Z;Courses de lévriers;ECHEC;20,6;20636
04/10/2026 15:25:37;2026-10-04T13:25:37.210Z;Courses hippiques (PMU);ECHEC;8,0;8023
04/10/2026 15:25:37;2026-10-04T13:25:37.210Z;Courses de lévriers;ECHEC;20,8;20812
04/10/2026 15:37:43;2026-10-04T13:37:43.536Z;Courses hippiques (PMU);ECHEC;20,5;20465
04/10/2026 15:37:43;2026-10-04T13:37:43.536Z;Courses de lévriers;OK;8,7;8730
04/10/2026 15:49:45;2026-10-04T13:49:45.128Z;Courses hippiques (PMU);ECHEC;20,2;20171
04/10/2026 15:49:45;2026-10-04T13:49:45.128Z;Courses de lévriers;OK;7,8;7806
04/10/2026 16:01:54;2026-10-04T14:01:54.147Z;Courses hippiques (PMU);OK;6,4;6399
04/10/2026 16:01:54;2026-10-04T14:01:54.147Z;Courses de lévriers;OK;6,5;6476
04/10/2026 16:13:36;2026-10-04T14:13:36.485Z;Courses hippiques (PMU);ECHEC;20,1;20103
04/10/2026 16:13:36;2026-10-04T14:13:36.485Z;Courses de lévriers;OK;5,6;5610
04/10/2026 16:25:28;2026-10-04T14:25:28.416Z;Courses hippiques (PMU);OK;4,6;4567
04/10/2026 16:25:28;2026-10-04T14:25:28.416Z;Courses de lévriers;ECHEC;11,5;11504
04/10/2026 16:37:41;2026-10-04T14:37:41.265Z;Courses hippiques (PMU);ECHEC;9,9;9915
04/10/2026 16:37:41;2026-10-04T14:37:41.265Z;Courses de lévriers;ECHEC;20,7;20707
04/10/2026 16:49:23;2026-10-04T14:49:23.813Z;Courses hippiques (PMU);OK;4,4;4415
04/10/2026 16:49:23;2026-10-04T14:49:23.813Z;Courses de lévriers;OK;5,3;5339
04/10/2026 17:02:19;2026-10-04T15:02:19.415Z;Courses hippiques (PMU);ECHEC;20,7;20724
04/10/2026 17:02:19;2026-10-04T15:02:19.415Z;Courses de lévriers;ECHEC;20,5;20485
04/10/2026 17:13:33;2026-10-04T15:13:33.541Z;Courses hippiques (PMU);ECHEC;6,1;6091
04/10/2026 17:13:33;2026-10-04T15:13:33.541Z;Courses de lévriers;ECHEC;17,5;17515
04/10/2026 17:25:40;2026-10-04T15:25:40.217Z;Courses hippiques (PMU);OK;6,7;6685
04/10/2026 17:25:40;2026-10-04T15:25:40.217Z;Courses de lévriers;ECHEC;20,3;20323
04/10/2026 17:37:55;2026-10-04T15:37:55.358Z;Courses hippiques (PMU);ECHEC;20,3;20344
04/10/2026 17:37:55;2026-10-04T15:37:55.358Z;Courses de lévriers;ECHEC;11,4;11375
04/10/2026 17:49:38;2026-10-04T15:49:38.464Z;Courses hippiques (PMU);OK;13,2;13207
04/10/2026 17:49:38;2026-10-04T15:49:38.464Z;Courses de lévriers;ECHEC;17,9;17874
04/10/2026 18:01:56;2026-10-04T16:01:56.154Z;Courses hippiques (PMU);ECHEC;9,7;9669
04/10/2026 18:01:56;2026-10-04T16:01:56.154Z;Courses de lévriers;OK;5,9;5859
04/10/2026 18:13:21;2026-10-04T16:13:21.173Z;Courses hippiques (PMU);OK;6,4;6386
04/10/2026 18:13:21;2026-10-04T16:13:21.173Z;Courses de lévriers;OK;7,7;7741
04/10/2026 18:25:22;2026-10-04T16:25:22.477Z;Courses hippiques (PMU);OK;4,9;4902
04/10/2026 18:25:22;2026-10-04T16:25:22.477Z;Courses de lévriers;OK;5,3;5301
04/10/2026 18:37:40;2026-10-04T16:37:40.324Z;Courses hippiques (PMU);ECHEC;5,4;5414
04/10/2026 18:37:40;2026-10-04T16:37:40.324Z;Courses de lévriers;ECHEC;20,7;20732
04/10/2026 18:49:22;2026-10-04T16:49:22.718Z;Courses hippiques (PMU);OK;6,5;6535
04/10/2026 18:49:22;2026-10-04T16:49:22.718Z;Courses de lévriers;OK;6,7;6679
04/10/2026 19:02:00;2026-10-04T17:02:00.424Z;Courses hippiques (PMU);ECHEC;11,4;11353
04/10/2026 19:02:00;2026-10-04T17:02:00.424Z;Courses de lévriers;OK;6,9;6897
04/10/2026 19:13:25;2026-10-04T17:13:25.950Z;Courses hippiques (PMU);OK;4,8;4819
04/10/2026 19:13:25;2026-10-04T17:13:25.950Z;Courses de lévriers;OK;7,1;7064
04/10/2026 19:25:26;2026-10-04T17:25:26.247Z;Courses hippiques (PMU);ECHEC;8,3;8332
04/10/2026 19:25:26;2026-10-04T17:25:26.247Z;Courses de lévriers;ECHEC;10,5;10476
04/10/2026 19:37:41;2026-10-04T17:37:41.805Z;Courses hippiques (PMU);ECHEC;12,1;12063
04/10/2026 19:37:41;2026-10-04T17:37:41.805Z;Courses de lévriers;ECHEC;12,8;12793
04/10/2026 19:49:34;2026-10-04T17:49:34.426Z;Courses hippiques (PMU);OK;4,3;4346
04/10/2026 19:49:34;2026-10-04T17:49:34.426Z;Courses de lévriers;ECHEC;20,7;20659
04/10/2026 20:02:07;2026-10-04T18:02:07.121Z;Courses hippiques (PMU);OK;8,0;8040
04/10/2026 20:02:07;2026-10-04T18:02:07.121Z;Courses de lévriers;ECHEC;16,5;16528
04/10/2026 20:13:30;2026-10-04T18:13:30.200Z;Courses hippiques (PMU);OK;7,6;7583
04/10/2026 20:13:30;2026-10-04T18:13:30.200Z;Courses de lévriers;OK;5,9;5936
04/10/2026 20:25:15;2026-10-04T18:25:15.835Z;Courses hippiques (PMU);ECHEC;6,8;6780
04/10/2026 20:25:15;2026-10-04T18:25:15.835Z;Courses de lévriers;OK;4,7;4664
04/10/2026 20:37:30;2026-10-04T18:37:30.614Z;Courses hippiques (PMU);OK;4,0;3969
04/10/2026 20:37:30;2026-10-04T18:37:30.614Z;Courses de lévriers;ECHEC;17,5;17508
04/10/2026 20:39:57;2026-10-04T18:39:57.210Z;Courses hippiques (PMU);OK;4,0;4030
04/10/2026 20:39:57;2026-10-04T18:39:57.210Z;Courses de lévriers;ECHEC;17,3;17312
04/10/2026 20:49:27;2026-10-04T18:49:27.060Z;Courses hippiques (PMU);ECHEC;10,0;10016
04/10/2026 20:49:27;2026-10-04T18:49:27.060Z;Courses de lévriers;OK;6,5;6538
04/10/2026 21:02:16;2026-10-04T19:02:16.833Z;Courses hippiques (PMU);ECHEC;17,2;17226
04/10/2026 21:02:16;2026-10-04T19:02:16.833Z;Courses de lévriers;ECHEC;20,7;20661
04/10/2026 21:13:26;2026-10-04T19:13:26.094Z;Courses hippiques (PMU);ECHEC;4,2;4181
04/10/2026 21:13:26;2026-10-04T19:13:26.094Z;Courses de lévriers;ECHEC;10,4;10422
04/10/2026 21:25:28;2026-10-04T19:25:28.734Z;Courses hippiques (PMU);OK;6,2;6184
04/10/2026 21:25:28;2026-10-04T19:25:28.734Z;Courses de lévriers;ECHEC;14,7;14661
04/10/2026 21:37:45;2026-10-04T19:37:45.518Z;Courses hippiques (PMU);ECHEC;20,8;20769
04/10/2026 21:37:45;2026-10-04T19:37:45.518Z;Courses de lévriers;ECHEC;12,2;12230
04/10/2026 21:49:20;2026-10-04T19:49:20.365Z;Courses hippiques (PMU);OK;5,6;5599
04/10/2026 21:49:20;2026-10-04T19:49:20.365Z;Courses de lévriers;OK;6,0;6007
04/10/2026 22:02:29;2026-10-04T20:02:29.998Z;Courses hippiques (PMU);ECHEC;13,1;13075
04/10/2026 22:02:29;2026-10-04T20:02:29.998Z;Courses de lévriers;ECHEC;12,1;12075
04/10/2026 22:13:30;2026-10-04T20:13:30.649Z;Courses hippiques (PMU);OK;6,8;6790
04/10/2026 22:13:30;2026-10-04T20:13:30.649Z;Courses de lévriers;ECHEC;14,3;14341
04/10/2026 22:25:35;2026-10-04T20:25:35.619Z;Courses hippiques (PMU);OK;7,9;7924
04/10/2026 22:25:35;2026-10-04T20:25:35.619Z;Courses de lévriers;ECHEC;16,9;16913
04/10/2026 22:37:40;2026-10-04T20:37:40.193Z;Courses hippiques (PMU);ECHEC;8,4;8397
04/10/2026 22:37:40;2026-10-04T20:37:40.193Z;Courses de lévriers;ECHEC;19,9;19850
04/10/2026 22:49:36;2026-10-04T20:49:36.287Z;Courses hippiques (PMU);ECHEC;16,6;16579
04/10/2026 22:49:36;2026-10-04T20:49:36.287Z;Courses de lévriers;OK;8,5;8545
04/10/2026 23:02:09;2026-10-04T21:02:09.456Z;Courses hippiques (PMU);ECHEC;8,4;8357
04/10/2026 23:02:09;2026-10-04T21:02:09.456Z;Courses de lévriers;ECHEC;20,5;20516
04/10/2026 23:13:29;2026-10-04T21:13:29.458Z;Courses hippiques (PMU);OK;7,1;7053
04/10/2026 23:13:29;2026-10-04T21:13:29.458Z;Courses de lévriers;ECHEC;8,8;8770
04/10/2026 23:25:18;2026-10-04T21:25:18.337Z;Courses hippiques (PMU);OK;6,1;6051
04/10/2026 23:25:18;2026-10-04T21:25:18.337Z;Courses de lévriers;ECHEC;5,8;5842
04/10/2026 23:37:33;2026-10-04T21:37:33.578Z;Courses hippiques (PMU);OK;6,1;6119
04/10/2026 23:37:33;2026-10-04T21:37:33.578Z;Courses de lévriers;ECHEC;20,6;20553
04/10/2026 23:49:49;2026-10-04T21:49:49.723Z;Courses hippiques (PMU);ECHEC;19,8;19782
04/10/2026 23:49:49;2026-10-04T21:49:49.723Z;Courses de lévriers;OK;7,8;7829
05/10/2026 01:58:10;2026-10-04T23:58:10.029Z;Courses hippiques (PMU);OK;1,9;1937
05/10/2026 01:58:10;2026-10-04T23:58:10.029Z;Courses de lévriers;OK;1,4;1407
05/10/2026 07:46:42;2026-10-05T05:46:42.204Z;Courses hippiques (PMU);OK;1,7;1656
05/10/2026 07:46:42;2026-10-05T05:46:42.204Z;Courses de lévriers;OK;1,4;1361
05/10/2026 08:01:43;2026-10-05T06:01:43.281Z;Courses hippiques (PMU);OK;2,7;2746
05/10/2026 08:01:43;2026-10-05T06:01:43.281Z;Courses de lévriers;OK;1,6;1579
05/10/2026 08:13:08;2026-10-05T06:13:08.318Z;Courses hippiques (PMU);OK;1,5;1494
05/10/2026 08:13:08;2026-10-05T06:13:08.318Z;Courses de lévriers;OK;1,2;1177
05/10/2026 08:25:16;2026-10-05T06:25:16.646Z;Courses hippiques (PMU);OK;2,2;2208
05/10/2026 08:25:16;2026-10-05T06:25:16.646Z;Courses de lévriers;OK;3,3;3263
05/10/2026 08:37:29;2026-10-05T06:37:29.330Z;Courses hippiques (PMU);ECHEC;6,8;6808
05/10/2026 08:37:29;2026-10-05T06:37:29.330Z;Courses de lévriers;OK;9,1;9072
05/10/2026 08:49:33;2026-10-05T06:49:33.119Z;Courses hippiques (PMU);OK;6,6;6587
05/10/2026 08:49:33;2026-10-05T06:49:33.119Z;Courses de lévriers;ECHEC;5,2;5232
05/10/2026 09:01:58;2026-10-05T07:01:58.629Z;Courses hippiques (PMU);ECHEC;8,6;8643
05/10/2026 09:01:58;2026-10-05T07:01:58.629Z;Courses de lévriers;ECHEC;5,2;5249
05/10/2026 09:13:25;2026-10-05T07:13:25.339Z;Courses hippiques (PMU);OK;7,0;7049
05/10/2026 09:13:25;2026-10-05T07:13:25.339Z;Courses de lévriers;ECHEC;5,7;5729
05/10/2026 09:25:32;2026-10-05T07:25:32.023Z;Courses hippiques (PMU);OK;13,3;13305
05/10/2026 09:25:32;2026-10-05T07:25:32.023Z;Courses de lévriers;ECHEC;7,4;7355
05/10/2026 09:37:20;2026-10-05T07:37:20.973Z;Courses hippiques (PMU);OK;7,1;7119
05/10/2026 09:37:20;2026-10-05T07:37:20.973Z;Courses de lévriers;ECHEC;4,5;4460
05/10/2026 09:49:37;2026-10-05T07:49:37.341Z;Courses hippiques (PMU);OK;14,4;14372
05/10/2026 09:49:37;2026-10-05T07:49:37.341Z;Courses de lévriers;ECHEC;7,2;7176
05/10/2026 10:01:50;2026-10-05T08:01:50.058Z;Courses hippiques (PMU);ECHEC;5,2;5248
05/10/2026 10:01:50;2026-10-05T08:01:50.058Z;Courses de lévriers;OK;8,3;8315
05/10/2026 10:13:29;2026-10-05T08:13:29.591Z;Courses hippiques (PMU);OK;7,9;7876
05/10/2026 10:13:29;2026-10-05T08:13:29.591Z;Courses de lévriers;ECHEC;8,5;8546
05/10/2026 10:25:24;2026-10-05T08:25:24.040Z;Courses hippiques (PMU);ECHEC;8,0;7963
05/10/2026 10:25:24;2026-10-05T08:25:24.040Z;Courses de lévriers;OK;7,5;7474
05/10/2026 10:37:21;2026-10-05T08:37:21.017Z;Courses hippiques (PMU);OK;5,4;5442
05/10/2026 10:37:21;2026-10-05T08:37:21.017Z;Courses de lévriers;ECHEC;3,9;3888
05/10/2026 10:49:34;2026-10-05T08:49:34.940Z;Courses hippiques (PMU);ECHEC;5,2;5211
05/10/2026 10:49:34;2026-10-05T08:49:34.940Z;Courses de lévriers;OK;8,4;8356
05/10/2026 11:01:59;2026-10-05T09:01:59.534Z;Courses hippiques (PMU);ECHEC;10,1;10129
05/10/2026 11:01:59;2026-10-05T09:01:59.534Z;Courses de lévriers;OK;7,3;7284
05/10/2026 11:13:38;2026-10-05T09:13:38.147Z;Courses hippiques (PMU);ECHEC;5,4;5396
05/10/2026 11:13:38;2026-10-05T09:13:38.147Z;Courses de lévriers;OK;8,2;8150
05/10/2026 11:25:47;2026-10-05T09:25:47.632Z;Courses hippiques (PMU);OK;9,2;9167
05/10/2026 11:25:47;2026-10-05T09:25:47.632Z;Courses de lévriers;OK;8,8;8807
05/10/2026 11:37:51;2026-10-05T09:37:51.752Z;Courses hippiques (PMU);ECHEC;20,5;20470
05/10/2026 11:37:51;2026-10-05T09:37:51.752Z;Courses de lévriers;ECHEC;20,7;20722
05/10/2026 11:49:29;2026-10-05T09:49:29.488Z;Courses hippiques (PMU);ECHEC;6,9;6877
05/10/2026 11:49:29;2026-10-05T09:49:29.488Z;Courses de lévriers;ECHEC;10,1;10112
05/10/2026 12:01:55;2026-10-05T10:01:55.607Z;Courses hippiques (PMU);ECHEC;8,7;8743
05/10/2026 12:01:55;2026-10-05T10:01:55.607Z;Courses de lévriers;OK;9,5;9475
05/10/2026 12:13:37;2026-10-05T10:13:37.594Z;Courses hippiques (PMU);OK;7,7;7658
05/10/2026 12:13:37;2026-10-05T10:13:37.594Z;Courses de lévriers;ECHEC;20,2;20189
05/10/2026 12:25:53;2026-10-05T10:25:53.687Z;Courses hippiques (PMU);ECHEC;20,9;20860
05/10/2026 12:25:53;2026-10-05T10:25:53.687Z;Courses de lévriers;ECHEC;20,7;20687
05/10/2026 12:37:31;2026-10-05T10:37:31.117Z;Courses hippiques (PMU);ECHEC;8,3;8279
05/10/2026 12:37:31;2026-10-05T10:37:31.117Z;Courses de lévriers;ECHEC;12,8;12845
05/10/2026 12:49:48;2026-10-05T10:49:48.296Z;Courses hippiques (PMU);ECHEC;20,8;20831
05/10/2026 12:49:48;2026-10-05T10:49:48.296Z;Courses de lévriers;ECHEC;12,4;12388
05/10/2026 13:02:02;2026-10-05T11:02:02.950Z;Courses hippiques (PMU);ECHEC;5,6;5592
05/10/2026 13:02:02;2026-10-05T11:02:02.950Z;Courses de lévriers;ECHEC;20,5;20492
05/10/2026 13:13:37;2026-10-05T11:13:37.064Z;Courses hippiques (PMU);ECHEC;20,4;20377
05/10/2026 13:13:37;2026-10-05T11:13:37.064Z;Courses de lévriers;OK;7,0;6962
05/10/2026 13:25:41;2026-10-05T11:25:41.376Z;Courses hippiques (PMU);ECHEC;10,4;10433
05/10/2026 13:25:41;2026-10-05T11:25:41.376Z;Courses de lévriers;ECHEC;20,9;20883
05/10/2026 13:37:48;2026-10-05T11:37:48.543Z;Courses hippiques (PMU);ECHEC;13,0;12951
05/10/2026 13:37:48;2026-10-05T11:37:48.543Z;Courses de lévriers;ECHEC;20,7;20677
05/10/2026 13:49:51;2026-10-05T11:49:51.856Z;Courses hippiques (PMU);ECHEC;20,6;20571
05/10/2026 13:49:51;2026-10-05T11:49:51.856Z;Courses de lévriers;ECHEC;20,1;20064
05/10/2026 14:02:18;2026-10-05T12:02:18.881Z;Courses hippiques (PMU);ECHEC;20,1;20135
05/10/2026 14:02:18;2026-10-05T12:02:18.881Z;Courses de lévriers;ECHEC;20,8;20812
05/10/2026 14:13:30;2026-10-05T12:13:30.716Z;Courses hippiques (PMU);ECHEC;6,8;6821
05/10/2026 14:13:30;2026-10-05T12:13:30.716Z;Courses de lévriers;ECHEC;13,6;13587
05/10/2026 14:25:43;2026-10-05T12:25:43.631Z;Courses hippiques (PMU);ECHEC;7,4;7383
05/10/2026 14:25:43;2026-10-05T12:25:43.631Z;Courses de lévriers;ECHEC;20,7;20733
05/10/2026 14:38:15;2026-10-05T12:38:15.269Z;Courses hippiques (PMU);ECHEC;20,8;20794
05/10/2026 14:38:15;2026-10-05T12:38:15.269Z;Courses de lévriers;ECHEC;20,6;20569
05/10/2026 14:50:02;2026-10-05T12:50:02.275Z;Courses hippiques (PMU);ECHEC;20,1;20101
05/10/2026 14:50:02;2026-10-05T12:50:02.275Z;Courses de lévriers;ECHEC;20,8;20773
05/10/2026 15:02:20;2026-10-05T13:02:20.286Z;Courses hippiques (PMU);ECHEC;19,4;19357
05/10/2026 15:02:20;2026-10-05T13:02:20.286Z;Courses de lévriers;ECHEC;20,9;20890
05/10/2026 15:13:42;2026-10-05T13:13:42.670Z;Courses hippiques (PMU);ECHEC;13,5;13475
05/10/2026 15:13:42;2026-10-05T13:13:42.670Z;Courses de lévriers;ECHEC;20,8;20838
05/10/2026 15:25:54;2026-10-05T13:25:54.459Z;Courses hippiques (PMU);ECHEC;20,0;20023
05/10/2026 15:25:54;2026-10-05T13:25:54.459Z;Courses de lévriers;ECHEC;20,9;20898
05/10/2026 15:37:57;2026-10-05T13:37:57.813Z;Courses hippiques (PMU);ECHEC;20,4;20443
05/10/2026 15:37:57;2026-10-05T13:37:57.813Z;Courses de lévriers;ECHEC;20,9;20882
05/10/2026 15:49:43;2026-10-05T13:49:43.910Z;Courses hippiques (PMU);ECHEC;20,3;20294
05/10/2026 15:49:43;2026-10-05T13:49:43.910Z;Courses de lévriers;ECHEC;13,2;13152
05/10/2026 16:02:07;2026-10-05T14:02:07.120Z;Courses hippiques (PMU);ECHEC;8,0;7984
05/10/2026 16:02:07;2026-10-05T14:02:07.120Z;Courses de lévriers;ECHEC;13,1;13120
05/10/2026 16:13:39;2026-10-05T14:13:39.779Z;Courses hippiques (PMU);ECHEC;18,9;18923
05/10/2026 16:13:39;2026-10-05T14:13:39.779Z;Courses de lévriers;ECHEC;8,4;8418
05/10/2026 16:25:50;2026-10-05T14:25:50.206Z;Courses hippiques (PMU);ECHEC;16,6;16612
05/10/2026 16:25:50;2026-10-05T14:25:50.206Z;Courses de lévriers;ECHEC;20,6;20595
05/10/2026 16:38:23;2026-10-05T14:38:23.397Z;Courses hippiques (PMU);ECHEC;12,9;12887
05/10/2026 16:38:23;2026-10-05T14:38:23.397Z;Courses de lévriers;ECHEC;20,9;20906
05/10/2026 16:47:02;2026-10-05T14:47:02.137Z;Courses hippiques (PMU);ECHEC;20,0;20012
05/10/2026 16:47:02;2026-10-05T14:47:02.137Z;Courses de lévriers;ECHEC;20,8;20788
05/10/2026 16:49:54;2026-10-05T14:49:54.709Z;Courses hippiques (PMU);ECHEC;20,3;20302
05/10/2026 16:49:54;2026-10-05T14:49:54.709Z;Courses de lévriers;ECHEC;20,8;20786
05/10/2026 17:02:22;2026-10-05T15:02:22.486Z;Courses hippiques (PMU);ECHEC;20,1;20066
05/10/2026 17:02:22;2026-10-05T15:02:22.486Z;Courses de lévriers;ECHEC;20,9;20921
05/10/2026 17:13:27;2026-10-05T15:13:27.567Z;Courses hippiques (PMU);ECHEC;4,8;4839
05/10/2026 17:13:27;2026-10-05T15:13:27.567Z;Courses de lévriers;ECHEC;11,2;11234
05/10/2026 17:25:52;2026-10-05T15:25:52.237Z;Courses hippiques (PMU);ECHEC;20,4;20395
05/10/2026 17:25:52;2026-10-05T15:25:52.237Z;Courses de lévriers;ECHEC;20,1;20074
05/10/2026 17:37:52;2026-10-05T15:37:52.312Z;Courses hippiques (PMU);ECHEC;20,1;20065
05/10/2026 17:37:52;2026-10-05T15:37:52.312Z;Courses de lévriers;ECHEC;20,6;20632
05/10/2026 17:50:01;2026-10-05T15:50:01.127Z;Courses hippiques (PMU);ECHEC;20,6;20598
05/10/2026 17:50:01;2026-10-05T15:50:01.127Z;Courses de lévriers;ECHEC;20,8;20802
05/10/2026 18:02:34;2026-10-05T16:02:34.745Z;Courses hippiques (PMU);ECHEC;20,6;20606
05/10/2026 18:02:34;2026-10-05T16:02:34.745Z;Courses de lévriers;ECHEC;20,2;20182
05/10/2026 18:13:56;2026-10-05T16:13:56.437Z;Courses hippiques (PMU);ECHEC;20,1;20096
05/10/2026 18:13:56;2026-10-05T16:13:56.437Z;Courses de lévriers;ECHEC;20,1;20106
05/10/2026 18:25:58;2026-10-05T16:25:58.854Z;Courses hippiques (PMU);ECHEC;20,8;20752
05/10/2026 18:25:58;2026-10-05T16:25:58.854Z;Courses de lévriers;ECHEC;20,9;20901
05/10/2026 18:37:49;2026-10-05T16:37:49.124Z;Courses hippiques (PMU);ECHEC;13,2;13168
05/10/2026 18:37:49;2026-10-05T16:37:49.124Z;Courses de lévriers;ECHEC;20,1;20109
05/10/2026 18:49:49;2026-10-05T16:49:49.913Z;Courses hippiques (PMU);ECHEC;20,3;20335
05/10/2026 18:49:49;2026-10-05T16:49:49.913Z;Courses de lévriers;ECHEC;20,1;20082
05/10/2026 19:02:22;2026-10-05T17:02:22.183Z;Courses hippiques (PMU);ECHEC;20,6;20626
05/10/2026 19:02:22;2026-10-05T17:02:22.183Z;Courses de lévriers;ECHEC;20,0;20026
05/10/2026 19:14:01;2026-10-05T17:14:01.636Z;Courses hippiques (PMU);ECHEC;20,2;20161
05/10/2026 19:14:01;2026-10-05T17:14:01.636Z;Courses de lévriers;ECHEC;20,7;20717
05/10/2026 19:26:05;2026-10-05T17:26:05.078Z;Courses hippiques (PMU);ECHEC;20,0;20015
05/10/2026 19:26:05;2026-10-05T17:26:05.078Z;Courses de lévriers;ECHEC;20,9;20907
05/10/2026 19:37:47;2026-10-05T17:37:47.969Z;Courses hippiques (PMU);ECHEC;20,8;20810
05/10/2026 19:37:47;2026-10-05T17:37:47.969Z;Courses de lévriers;ECHEC;20,7;20680
05/10/2026 19:49:47;2026-10-05T17:49:47.912Z;Courses hippiques (PMU);ECHEC;19,1;19068
05/10/2026 19:49:47;2026-10-05T17:49:47.912Z;Courses de lévriers;ECHEC;20,6;20623
05/10/2026 20:02:21;2026-10-05T18:02:21.551Z;Courses hippiques (PMU);ECHEC;19,8;19834
05/10/2026 20:02:21;2026-10-05T18:02:21.551Z;Courses de lévriers;ECHEC;20,2;20249
05/10/2026 20:14:07;2026-10-05T18:14:07.522Z;Courses hippiques (PMU);ECHEC;20,2;20245
05/10/2026 20:14:07;2026-10-05T18:14:07.522Z;Courses de lévriers;ECHEC;20,3;20276
05/10/2026 20:25:38;2026-10-05T18:25:38.006Z;Courses hippiques (PMU);ECHEC;14,5;14506
05/10/2026 20:25:38;2026-10-05T18:25:38.006Z;Courses de lévriers;ECHEC;15,0;14983
05/10/2026 20:37:56;2026-10-05T18:37:56.818Z;Courses hippiques (PMU);ECHEC;20,2;20182
05/10/2026 20:37:56;2026-10-05T18:37:56.818Z;Courses de lévriers;ECHEC;20,8;20837
05/10/2026 20:49:51;2026-10-05T18:49:51.328Z;Courses hippiques (PMU);ECHEC;20,8;20821
05/10/2026 20:49:51;2026-10-05T18:49:51.328Z;Courses de lévriers;ECHEC;20,3;20343
05/10/2026 21:02:25;2026-10-05T19:02:25.491Z;Courses hippiques (PMU);ECHEC;16,1;16083
05/10/2026 21:02:25;2026-10-05T19:02:25.491Z;Courses de lévriers;ECHEC;20,4;20390
05/10/2026 21:13:54;2026-10-05T19:13:54.535Z;Courses hippiques (PMU);ECHEC;11,9;11937
05/10/2026 21:13:54;2026-10-05T19:13:54.535Z;Courses de lévriers;ECHEC;20,3;20284
05/10/2026 21:31:49;2026-10-05T19:31:49.705Z;Courses hippiques (PMU);ECHEC;20,9;20865
05/10/2026 21:31:49;2026-10-05T19:31:49.705Z;Courses de lévriers;ECHEC;19,9;19908
05/10/2026 21:48:06;2026-10-05T19:48:06.532Z;Courses hippiques (PMU);ECHEC;15,9;15903
05/10/2026 21:48:06;2026-10-05T19:48:06.532Z;Courses de lévriers;ECHEC;20,5;20489
05/10/2026 21:55:08;2026-10-05T19:55:08.445Z;Courses hippiques (PMU);ECHEC;13,2;13201
05/10/2026 21:55:08;2026-10-05T19:55:08.445Z;Courses de lévriers;ECHEC;20,8;20842
05/10/2026 22:22:43;2026-10-05T20:22:43.568Z;Courses hippiques (PMU);ECHEC;20,3;20344
05/10/2026 22:22:43;2026-10-05T20:22:43.568Z;Courses de lévriers;ECHEC;20,8;20840
05/10/2026 22:56:13;2026-10-05T20:56:13.755Z;Courses hippiques (PMU);ECHEC;20,4;20412
05/10/2026 22:56:13;2026-10-05T20:56:13.755Z;Courses de lévriers;ECHEC;20,5;20492
05/10/2026 23:07:51;2026-10-05T21:07:51.204Z;Courses hippiques (PMU);ECHEC;16,6;16643
05/10/2026 23:07:51;2026-10-05T21:07:51.204Z;Courses de lévriers;ECHEC;20,4;20388
05/10/2026 23:14:45;2026-10-05T21:14:45.149Z;Courses hippiques (PMU);ECHEC;19,9;19859
05/10/2026 23:14:45;2026-10-05T21:14:45.149Z;Courses de lévriers;ECHEC;20,5;20467
05/10/2026 23:25:58;2026-10-05T21:25:58.250Z;Courses hippiques (PMU);ECHEC;20,4;20350
05/10/2026 23:25:58;2026-10-05T21:25:58.250Z;Courses de lévriers;ECHEC;20,3;20311
05/10/2026 23:37:56;2026-10-05T21:37:56.255Z;Courses hippiques (PMU);ECHEC;20,8;20763
05/10/2026 23:37:56;2026-10-05T21:37:56.255Z;Courses de lévriers;ECHEC;20,1;20051
05/10/2026 23:50:00;2026-10-05T21:50:00.897Z;Courses hippiques (PMU);ECHEC;20,5;20480
05/10/2026 23:50:00;2026-10-05T21:50:00.897Z;Courses de lévriers;ECHEC;20,4;20376
06/10/2026 00:02:53;2026-10-05T22:02:53.101Z;Courses hippiques (PMU);OK;2,1;2063
06/10/2026 00:02:53;2026-10-05T22:02:53.101Z;Courses de lévriers;OK;2,6;2620
06/10/2026 08:01:43;2026-10-06T06:01:43.495Z;Courses hippiques (PMU);OK;3,0;2975
06/10/2026 08:01:43;2026-10-06T06:01:43.495Z;Courses de lévriers;OK;2,1;2091
06/10/2026 08:13:20;2026-10-06T06:13:20.819Z;Courses hippiques (PMU);OK;1,9;1885
06/10/2026 08:13:20;2026-10-06T06:13:20.819Z;Courses de lévriers;OK;1,3;1286
06/10/2026 08:25:19;2026-10-06T06:25:19.819Z;Courses hippiques (PMU);OK;1,9;1937
06/10/2026 08:25:19;2026-10-06T06:25:19.819Z;Courses de lévriers;OK;1,9;1889
06/10/2026 08:37:52;2026-10-06T06:37:52.261Z;Courses hippiques (PMU);ECHEC;20,3;20302
06/10/2026 08:37:52;2026-10-06T06:37:52.261Z;Courses de lévriers;ECHEC;20,0;20033
06/10/2026 08:49:53;2026-10-06T06:49:53.431Z;Courses hippiques (PMU);ECHEC;20,2;20227
06/10/2026 08:49:53;2026-10-06T06:49:53.431Z;Courses de lévriers;ECHEC;20,5;20524
06/10/2026 09:02:13;2026-10-06T07:02:13.553Z;Courses hippiques (PMU);ECHEC;12,7;12740
06/10/2026 09:02:13;2026-10-06T07:02:13.553Z;Courses de lévriers;ECHEC;20,8;20765
06/10/2026 09:13:50;2026-10-06T07:13:50.647Z;Courses hippiques (PMU);ECHEC;20,7;20667
06/10/2026 09:13:50;2026-10-06T07:13:50.647Z;Courses de lévriers;ECHEC;20,1;20073
06/10/2026 09:25:49;2026-10-06T07:25:49.931Z;Courses hippiques (PMU);ECHEC;21,0;20965
06/10/2026 09:25:49;2026-10-06T07:25:49.931Z;Courses de lévriers;ECHEC;20,0;20007
06/10/2026 09:37:40;2026-10-06T07:37:40.925Z;Courses hippiques (PMU);ECHEC;21,0;20995
06/10/2026 09:37:40;2026-10-06T07:37:40.925Z;Courses de lévriers;ECHEC;7,9;7936
06/10/2026 09:49:49;2026-10-06T07:49:49.206Z;Courses hippiques (PMU);ECHEC;20,5;20480
06/10/2026 09:49:49;2026-10-06T07:49:49.206Z;Courses de lévriers;ECHEC;18,9;18866
06/10/2026 10:02:21;2026-10-06T08:02:21.287Z;Courses hippiques (PMU);ECHEC;20,9;20903
06/10/2026 10:02:21;2026-10-06T08:02:21.287Z;Courses de lévriers;ECHEC;20,2;20156
06/10/2026 10:13:56;2026-10-06T08:13:56.337Z;Courses hippiques (PMU);ECHEC;20,3;20347
06/10/2026 10:13:56;2026-10-06T08:13:56.337Z;Courses de lévriers;ECHEC;20,9;20941
06/10/2026 10:25:57;2026-10-06T08:25:57.201Z;Courses hippiques (PMU);ECHEC;20,2;20239
06/10/2026 10:25:57;2026-10-06T08:25:57.201Z;Courses de lévriers;ECHEC;20,7;20665
06/10/2026 10:37:37;2026-10-06T08:37:37.161Z;Courses hippiques (PMU);ECHEC;14,7;14684
06/10/2026 10:37:37;2026-10-06T08:37:37.161Z;Courses de lévriers;ECHEC;17,3;17281
06/10/2026 10:47:06;2026-10-06T08:47:06.863Z;Courses hippiques (PMU);ECHEC;19,2;19174
06/10/2026 10:47:06;2026-10-06T08:47:06.863Z;Courses de lévriers;ECHEC;12,8;12829
06/10/2026 10:49:45;2026-10-06T08:49:45.743Z;Courses hippiques (PMU);ECHEC;20,9;20886
06/10/2026 10:49:45;2026-10-06T08:49:45.743Z;Courses de lévriers;ECHEC;20,2;20230
06/10/2026 11:02:17;2026-10-06T09:02:17.350Z;Courses hippiques (PMU);ECHEC;20,3;20299
06/10/2026 11:02:17;2026-10-06T09:02:17.350Z;Courses de lévriers;ECHEC;20,3;20339
06/10/2026 11:13:52;2026-10-06T09:13:52.885Z;Courses hippiques (PMU);ECHEC;20,6;20621
06/10/2026 11:13:52;2026-10-06T09:13:52.885Z;Courses de lévriers;ECHEC;20,5;20506
06/10/2026 11:25:50;2026-10-06T09:25:50.987Z;Courses hippiques (PMU);ECHEC;20,8;20841
06/10/2026 11:25:50;2026-10-06T09:25:50.987Z;Courses de lévriers;ECHEC;20,4;20416
06/10/2026 11:37:55;2026-10-06T09:37:55.312Z;Courses hippiques (PMU);ECHEC;20,1;20058
06/10/2026 11:37:55;2026-10-06T09:37:55.312Z;Courses de lévriers;ECHEC;20,2;20235
06/10/2026 11:49:46;2026-10-06T09:49:46.209Z;Courses hippiques (PMU);ECHEC;20,9;20901
06/10/2026 11:49:46;2026-10-06T09:49:46.209Z;Courses de lévriers;ECHEC;20,4;20358
06/10/2026 12:02:21;2026-10-06T10:02:21.341Z;Courses hippiques (PMU);ECHEC;20,3;20334
06/10/2026 12:02:21;2026-10-06T10:02:21.341Z;Courses de lévriers;ECHEC;20,2;20190
06/10/2026 12:13:51;2026-10-06T10:13:51.923Z;Courses hippiques (PMU);ECHEC;21,0;20963
06/10/2026 12:13:51;2026-10-06T10:13:51.923Z;Courses de lévriers;ECHEC;20,5;20452
06/10/2026 12:25:49;2026-10-06T10:25:49.186Z;Courses hippiques (PMU);ECHEC;20,7;20671
06/10/2026 12:25:49;2026-10-06T10:25:49.186Z;Courses de lévriers;ECHEC;20,6;20569
06/10/2026 12:37:58;2026-10-06T10:37:58.217Z;Courses hippiques (PMU);ECHEC;20,5;20515
06/10/2026 12:37:58;2026-10-06T10:37:58.217Z;Courses de lévriers;ECHEC;20,2;20161
06/10/2026 12:49:51;2026-10-06T10:49:51.958Z;Courses hippiques (PMU);ECHEC;21,0;20961
06/10/2026 12:49:51;2026-10-06T10:49:51.958Z;Courses de lévriers;ECHEC;20,4;20443
06/10/2026 13:02:30;2026-10-06T11:02:30.353Z;Courses hippiques (PMU);ECHEC;20,9;20888
06/10/2026 13:02:30;2026-10-06T11:02:30.353Z;Courses de lévriers;ECHEC;20,3;20343
06/10/2026 13:13:52;2026-10-06T11:13:52.671Z;Courses hippiques (PMU);ECHEC;20,2;20238
06/10/2026 13:13:52;2026-10-06T11:13:52.671Z;Courses de lévriers;ECHEC;20,8;20831
06/10/2026 13:25:48;2026-10-06T11:25:48.620Z;Courses hippiques (PMU);ECHEC;21,0;20975
06/10/2026 13:25:48;2026-10-06T11:25:48.620Z;Courses de lévriers;ECHEC;20,5;20493
06/10/2026 13:37:57;2026-10-06T11:37:57.637Z;Courses hippiques (PMU);ECHEC;20,7;20717
06/10/2026 13:37:57;2026-10-06T11:37:57.637Z;Courses de lévriers;ECHEC;20,9;20860
06/10/2026 13:49:54;2026-10-06T11:49:54.621Z;Courses hippiques (PMU);ECHEC;20,4;20392
06/10/2026 13:49:54;2026-10-06T11:49:54.621Z;Courses de lévriers;ECHEC;20,2;20163
06/10/2026 14:02:31;2026-10-06T12:02:31.734Z;Courses hippiques (PMU);ECHEC;20,1;20148
06/10/2026 14:02:31;2026-10-06T12:02:31.734Z;Courses de lévriers;ECHEC;20,1;20129
06/10/2026 14:14:05;2026-10-06T12:14:05.062Z;Courses hippiques (PMU);ECHEC;20,7;20666
06/10/2026 14:14:05;2026-10-06T12:14:05.062Z;Courses de lévriers;ECHEC;20,6;20609
06/10/2026 14:26:03;2026-10-06T12:26:03.188Z;Courses hippiques (PMU);OK;14,0;13963
06/10/2026 14:26:03;2026-10-06T12:26:03.188Z;Courses de lévriers;ECHEC;19,9;19903
06/10/2026 14:37:37;2026-10-06T12:37:37.261Z;Courses hippiques (PMU);ECHEC;20,2;20151
06/10/2026 14:37:37;2026-10-06T12:37:37.261Z;Courses de lévriers;OK;6,0;5961
06/10/2026 14:49:37;2026-10-06T12:49:37.163Z;Courses hippiques (PMU);OK;4,0;3995
06/10/2026 14:49:37;2026-10-06T12:49:37.163Z;Courses de lévriers;OK;4,7;4718
06/10/2026 15:01:51;2026-10-06T13:01:51.764Z;Courses hippiques (PMU);ECHEC;4,6;4615
06/10/2026 15:01:51;2026-10-06T13:01:51.764Z;Courses de lévriers;OK;5,4;5429
06/10/2026 15:13:26;2026-10-06T13:13:26.065Z;Courses hippiques (PMU);OK;4,9;4942
06/10/2026 15:13:26;2026-10-06T13:13:26.065Z;Courses de lévriers;OK;6,0;6018
06/10/2026 15:25:42;2026-10-06T13:25:42.354Z;Courses hippiques (PMU);ECHEC;20,2;20231
06/10/2026 15:25:42;2026-10-06T13:25:42.354Z;Courses de lévriers;OK;5,6;5573
06/10/2026 15:37:34;2026-10-06T13:37:34.966Z;Courses hippiques (PMU);OK;4,9;4938
06/10/2026 15:37:34;2026-10-06T13:37:34.966Z;Courses de lévriers;ECHEC;18,2;18201
06/10/2026 15:49:43;2026-10-06T13:49:43.183Z;Courses hippiques (PMU);OK;3,9;3912
06/10/2026 15:49:43;2026-10-06T13:49:43.183Z;Courses de lévriers;ECHEC;21,0;20972
06/10/2026 16:02:12;2026-10-06T14:02:12.914Z;Courses hippiques (PMU);ECHEC;20,5;20530
06/10/2026 16:02:12;2026-10-06T14:02:12.914Z;Courses de lévriers;OK;6,1;6057
06/10/2026 16:13:22;2026-10-06T14:13:22.013Z;Courses hippiques (PMU);OK;6,4;6443
06/10/2026 16:13:22;2026-10-06T14:13:22.013Z;Courses de lévriers;OK;6,3;6316
06/10/2026 16:25:38;2026-10-06T14:25:38.302Z;Courses hippiques (PMU);ECHEC;20,3;20323
06/10/2026 16:25:38;2026-10-06T14:25:38.302Z;Courses de lévriers;OK;4,7;4702
06/10/2026 16:49:18;2026-10-06T14:49:18.858Z;Courses hippiques (PMU);OK;4,1;4132
06/10/2026 16:49:18;2026-10-06T14:49:18.858Z;Courses de lévriers;OK;4,8;4772
06/10/2026 17:02:07;2026-10-06T15:02:07.162Z;Courses hippiques (PMU);ECHEC;16,0;15977
06/10/2026 17:02:07;2026-10-06T15:02:07.162Z;Courses de lévriers;OK;6,2;6189
06/10/2026 17:13:41;2026-10-06T15:13:41.404Z;Courses hippiques (PMU);ECHEC;20,2;20156
06/10/2026 17:13:41;2026-10-06T15:13:41.404Z;Courses de lévriers;OK;4,9;4871
06/10/2026 17:27:18;2026-10-06T15:27:18.900Z;Courses hippiques (PMU);ECHEC;20,1;20065
06/10/2026 17:27:18;2026-10-06T15:27:18.900Z;Courses de lévriers;OK;5,1;5077
06/10/2026 17:37:20;2026-10-06T15:37:20.969Z;Courses hippiques (PMU);ECHEC;4,1;4065
06/10/2026 17:37:20;2026-10-06T15:37:20.969Z;Courses de lévriers;OK;4,9;4883
06/10/2026 17:57:16;2026-10-06T15:57:16.323Z;Courses hippiques (PMU);ECHEC;20,6;20617
06/10/2026 17:57:16;2026-10-06T15:57:16.323Z;Courses de lévriers;ECHEC;20,3;20316
06/10/2026 18:01:14;2026-10-06T16:01:14.298Z;Courses hippiques (PMU);ECHEC;20,2;20228
06/10/2026 18:01:14;2026-10-06T16:01:14.298Z;Courses de lévriers;ECHEC;20,2;20210
06/10/2026 18:13:22;2026-10-06T16:13:22.884Z;Courses hippiques (PMU);OK;6,4;6418
06/10/2026 18:13:22;2026-10-06T16:13:22.884Z;Courses de lévriers;OK;6,0;5961
06/10/2026 18:25:39;2026-10-06T16:25:39.964Z;Courses hippiques (PMU);OK;5,5;5503
06/10/2026 18:25:39;2026-10-06T16:25:39.964Z;Courses de lévriers;OK;4,8;4813
06/10/2026 18:37:42;2026-10-06T16:37:42.464Z;Courses hippiques (PMU);OK;5,9;5918
06/10/2026 18:37:42;2026-10-06T16:37:42.464Z;Courses de lévriers;ECHEC;20,9;20904
06/10/2026 18:56:20;2026-10-06T16:56:20.575Z;Courses hippiques (PMU);ECHEC;20,7;20731
06/10/2026 18:56:20;2026-10-06T16:56:20.575Z;Courses de lévriers;OK;5,3;5336
06/10/2026 19:02:36;2026-10-06T17:02:36.708Z;Courses hippiques (PMU);ECHEC;20,3;20287
06/10/2026 19:02:36;2026-10-06T17:02:36.708Z;Courses de lévriers;OK;3,0;2955
06/10/2026 19:13:30;2026-10-06T17:13:30.220Z;Courses hippiques (PMU);ECHEC;20,3;20339
06/10/2026 19:13:30;2026-10-06T17:13:30.220Z;Courses de lévriers;OK;3,5;3489
06/10/2026 19:25:32;2026-10-06T17:25:32.831Z;Courses hippiques (PMU);OK;4,3;4295
06/10/2026 19:25:32;2026-10-06T17:25:32.831Z;Courses de lévriers;ECHEC;20,6;20564
06/10/2026 19:37:58;2026-10-06T17:37:58.402Z;Courses hippiques (PMU);ECHEC;20,0;20009
06/10/2026 19:37:58;2026-10-06T17:37:58.402Z;Courses de lévriers;ECHEC;20,4;20410
06/10/2026 19:49:23;2026-10-06T17:49:23.761Z;Courses hippiques (PMU);OK;5,4;5435
06/10/2026 19:49:23;2026-10-06T17:49:23.761Z;Courses de lévriers;OK;5,2;5237
06/10/2026 20:02:14;2026-10-06T18:02:14.987Z;Courses hippiques (PMU);ECHEC;20,5;20486
06/10/2026 20:02:14;2026-10-06T18:02:14.987Z;Courses de lévriers;OK;3,9;3862
06/10/2026 20:13:36;2026-10-06T18:13:36.798Z;Courses hippiques (PMU);ECHEC;20,2;20169
06/10/2026 20:13:36;2026-10-06T18:13:36.798Z;Courses de lévriers;OK;4,7;4726
06/10/2026 20:25:37;2026-10-06T18:25:37.796Z;Courses hippiques (PMU);ECHEC;20,2;20205
06/10/2026 20:25:37;2026-10-06T18:25:37.796Z;Courses de lévriers;OK;5,8;5778
06/10/2026 20:37:25;2026-10-06T18:37:25.569Z;Courses hippiques (PMU);OK;5,2;5220
06/10/2026 20:37:25;2026-10-06T18:37:25.569Z;Courses de lévriers;OK;4,7;4681
06/10/2026 20:49:38;2026-10-06T18:49:38.442Z;Courses hippiques (PMU);ECHEC;20,0;20021
06/10/2026 20:49:38;2026-10-06T18:49:38.442Z;Courses de lévriers;OK;4,4;4374
06/10/2026 21:02:17;2026-10-06T19:02:17.523Z;Courses hippiques (PMU);OK;4,5;4484
06/10/2026 21:02:17;2026-10-06T19:02:17.523Z;Courses de lévriers;ECHEC;20,9;20916
06/10/2026 21:13:38;2026-10-06T19:13:38.204Z;Courses hippiques (PMU);ECHEC;20,3;20263
06/10/2026 21:13:38;2026-10-06T19:13:38.204Z;Courses de lévriers;OK;6,5;6477
06/10/2026 21:25:48;2026-10-06T19:25:48.736Z;Courses hippiques (PMU);OK;5,1;5096
06/10/2026 21:25:48;2026-10-06T19:25:48.736Z;Courses de lévriers;ECHEC;20,4;20350
06/10/2026 21:37:52;2026-10-06T19:37:52.458Z;Courses hippiques (PMU);ECHEC;20,0;20034
06/10/2026 21:37:52;2026-10-06T19:37:52.458Z;Courses de lévriers;ECHEC;20,5;20501
06/10/2026 22:05:07;2026-10-06T20:05:07.203Z;Courses hippiques (PMU);ECHEC;20,2;20192
06/10/2026 22:05:07;2026-10-06T20:05:07.203Z;Courses de lévriers;OK;5,7;5739
06/10/2026 22:13:52;2026-10-06T20:13:52.961Z;Courses hippiques (PMU);OK;5,3;5275
06/10/2026 22:13:52;2026-10-06T20:13:52.961Z;Courses de lévriers;ECHEC;20,8;20761
06/10/2026 22:25:39;2026-10-06T20:25:39.715Z;Courses hippiques (PMU);OK;5,1;5113
06/10/2026 22:25:39;2026-10-06T20:25:39.715Z;Courses de lévriers;ECHEC;20,1;20141
06/10/2026 22:37:38;2026-10-06T20:37:38.545Z;Courses hippiques (PMU);OK;4,9;4879
06/10/2026 22:37:38;2026-10-06T20:37:38.545Z;Courses de lévriers;ECHEC;20,1;20100
06/10/2026 22:49:47;2026-10-06T20:49:47.406Z;Courses hippiques (PMU);ECHEC;20,7;20711
06/10/2026 22:49:47;2026-10-06T20:49:47.406Z;Courses de lévriers;OK;4,8;4797
06/10/2026 23:02:26;2026-10-06T21:02:26.045Z;Courses hippiques (PMU);ECHEC;21,0;20980
06/10/2026 23:02:26;2026-10-06T21:02:26.045Z;Courses de lévriers;ECHEC;21,0;20980
06/10/2026 23:13:36;2026-10-06T21:13:36.020Z;Courses hippiques (PMU);OK;5,5;5529
06/10/2026 23:13:36;2026-10-06T21:13:36.020Z;Courses de lévriers;ECHEC;20,3;20340
06/10/2026 23:25:18;2026-10-06T21:25:18.552Z;Courses hippiques (PMU);OK;4,0;4050
06/10/2026 23:25:18;2026-10-06T21:25:18.552Z;Courses de lévriers;OK;4,5;4549
06/10/2026 23:37:49;2026-10-06T21:37:49.060Z;Courses hippiques (PMU);ECHEC;20,6;20568
06/10/2026 23:37:49;2026-10-06T21:37:49.060Z;Courses de lévriers;ECHEC;20,1;20074
06/10/2026 23:49:38;2026-10-06T21:49:38.013Z;Courses hippiques (PMU);OK;5,3;5348
06/10/2026 23:49:38;2026-10-06T21:49:38.013Z;Courses de lévriers;ECHEC;20,7;20675
07/10/2026 00:42:02;2026-10-06T22:42:02.244Z;Courses hippiques (PMU);OK;3,7;3687
07/10/2026 00:42:02;2026-10-06T22:42:02.244Z;Courses de lévriers;OK;2,1;2134
07/10/2026 08:01:35;2026-10-07T06:01:35.131Z;Courses hippiques (PMU);OK;1,9;1904
07/10/2026 08:01:35;2026-10-07T06:01:35.131Z;Courses de lévriers;OK;1,3;1279
07/10/2026 08:08:57;2026-10-07T06:08:57.867Z;Courses hippiques (PMU);OK;1,8;1757
07/10/2026 08:08:57;2026-10-07T06:08:57.867Z;Courses de lévriers;OK;1,4;1412
07/10/2026 08:13:12;2026-10-07T06:13:12.290Z;Courses hippiques (PMU);OK;2,3;2337
07/10/2026 08:13:12;2026-10-07T06:13:12.290Z;Courses de lévriers;OK;1,6;1577
07/10/2026 08:25:09;2026-10-07T06:25:09.815Z;Courses hippiques (PMU);OK;1,4;1390
07/10/2026 08:25:09;2026-10-07T06:25:09.815Z;Courses de lévriers;OK;1,1;1092
07/10/2026 08:37:43;2026-10-07T06:37:43.006Z;Courses hippiques (PMU);OK;4,2;4243
07/10/2026 08:37:43;2026-10-07T06:37:43.006Z;Courses de lévriers;ECHEC;20,6;20565
07/10/2026 08:49:38;2026-10-07T06:49:38.940Z;Courses hippiques (PMU);OK;4,4;4438
07/10/2026 08:49:38;2026-10-07T06:49:38.940Z;Courses de lévriers;ECHEC;20,6;20600
07/10/2026 09:02:17;2026-10-07T07:02:17.975Z;Courses hippiques (PMU);ECHEC;20,1;20069
07/10/2026 09:02:17;2026-10-07T07:02:17.975Z;Courses de lévriers;ECHEC;20,8;20763
07/10/2026 09:13:36;2026-10-07T07:13:36.422Z;Courses hippiques (PMU);ECHEC;20,5;20463
07/10/2026 09:13:36;2026-10-07T07:13:36.422Z;Courses de lévriers;OK;5,5;5499
07/10/2026 09:25:35;2026-10-07T07:25:35.773Z;Courses hippiques (PMU);OK;4,2;4178
07/10/2026 09:25:35;2026-10-07T07:25:35.773Z;Courses de lévriers;ECHEC;20,9;20883
07/10/2026 09:37:59;2026-10-07T07:37:59.770Z;Courses hippiques (PMU);ECHEC;20,9;20910
07/10/2026 09:37:59;2026-10-07T07:37:59.770Z;Courses de lévriers;OK;5,5;5490
07/10/2026 09:49:13;2026-10-07T07:49:13.657Z;Courses hippiques (PMU);OK;4,1;4108
07/10/2026 09:49:13;2026-10-07T07:49:13.657Z;Courses de lévriers;OK;4,6;4649
07/10/2026 10:02:03;2026-10-07T08:02:03.500Z;Courses hippiques (PMU);ECHEC;20,5;20491
07/10/2026 10:02:03;2026-10-07T08:02:03.500Z;Courses de lévriers;OK;4,5;4463
07/10/2026 10:13:47;2026-10-07T08:13:47.649Z;Courses hippiques (PMU);ECHEC;4,0;3991
07/10/2026 10:13:47;2026-10-07T08:13:47.649Z;Courses de lévriers;ECHEC;20,6;20649
07/10/2026 10:25:41;2026-10-07T08:25:41.292Z;Courses hippiques (PMU);OK;3,7;3652
07/10/2026 10:25:41;2026-10-07T08:25:41.292Z;Courses de lévriers;ECHEC;20,3;20322
07/10/2026 10:37:20;2026-10-07T08:37:20.358Z;Courses hippiques (PMU);OK;5,6;5615
07/10/2026 10:37:20;2026-10-07T08:37:20.358Z;Courses de lévriers;OK;5,9;5864
07/10/2026 10:49:37;2026-10-07T08:49:37.341Z;Courses hippiques (PMU);ECHEC;20,9;20901
07/10/2026 10:49:37;2026-10-07T08:49:37.341Z;Courses de lévriers;OK;5,0;4973
07/10/2026 11:02:04;2026-10-07T09:02:04.703Z;Courses hippiques (PMU);OK;4,7;4748
07/10/2026 11:02:04;2026-10-07T09:02:04.703Z;Courses de lévriers;ECHEC;20,1;20150
07/10/2026 11:13:22;2026-10-07T09:13:22.929Z;Courses hippiques (PMU);OK;4,6;4605
07/10/2026 11:13:22;2026-10-07T09:13:22.929Z;Courses de lévriers;OK;6,7;6663
07/10/2026 11:25:39;2026-10-07T09:25:39.622Z;Courses hippiques (PMU);OK;4,1;4116
07/10/2026 11:25:39;2026-10-07T09:25:39.622Z;Courses de lévriers;ECHEC;20,2;20226
07/10/2026 11:37:40;2026-10-07T09:37:40.183Z;Courses hippiques (PMU);ECHEC;20,9;20943
07/10/2026 11:37:40;2026-10-07T09:37:40.183Z;Courses de lévriers;OK;5,1;5137
07/10/2026 11:49:39;2026-10-07T09:49:39.777Z;Courses hippiques (PMU);ECHEC;20,5;20477
07/10/2026 11:49:39;2026-10-07T09:49:39.777Z;Courses de lévriers;OK;6,5;6468
07/10/2026 12:02:00;2026-10-07T10:02:00.894Z;Courses hippiques (PMU);OK;4,8;4835
07/10/2026 12:02:00;2026-10-07T10:02:00.894Z;Courses de lévriers;OK;5,6;5572
07/10/2026 12:13:24;2026-10-07T10:13:24.004Z;Courses hippiques (PMU);OK;5,0;5002
07/10/2026 12:13:24;2026-10-07T10:13:24.004Z;Courses de lévriers;OK;7,1;7148
07/10/2026 12:25:39;2026-10-07T10:25:39.870Z;Courses hippiques (PMU);ECHEC;20,5;20535
07/10/2026 12:25:39;2026-10-07T10:25:39.870Z;Courses de lévriers;OK;5,3;5250
07/10/2026 12:37:17;2026-10-07T10:37:17.719Z;Courses hippiques (PMU);OK;3,1;3099
07/10/2026 12:37:17;2026-10-07T10:37:17.719Z;Courses de lévriers;OK;4,6;4612
07/10/2026 12:49:37;2026-10-07T10:49:37.277Z;Courses hippiques (PMU);ECHEC;20,6;20644
07/10/2026 12:49:37;2026-10-07T10:49:37.277Z;Courses de lévriers;OK;5,1;5101
07/10/2026 13:01:52;2026-10-07T11:01:52.369Z;Courses hippiques (PMU);OK;6,7;6745
07/10/2026 13:01:52;2026-10-07T11:01:52.369Z;Courses de lévriers;OK;4,3;4323
07/10/2026 13:13:20;2026-10-07T11:13:20.188Z;Courses hippiques (PMU);OK;4,1;4126
07/10/2026 13:13:20;2026-10-07T11:13:20.188Z;Courses de lévriers;OK;4,5;4513
07/10/2026 13:25:24;2026-10-07T11:25:24.147Z;Courses hippiques (PMU);OK;4,0;4039
07/10/2026 13:25:24;2026-10-07T11:25:24.147Z;Courses de lévriers;OK;4,5;4539
07/10/2026 13:37:21;2026-10-07T11:37:21.104Z;Courses hippiques (PMU);OK;4,5;4489
07/10/2026 13:37:21;2026-10-07T11:37:21.104Z;Courses de lévriers;OK;4,9;4909
07/10/2026 13:49:37;2026-10-07T11:49:37.658Z;Courses hippiques (PMU);ECHEC;20,0;20045
07/10/2026 13:49:37;2026-10-07T11:49:37.658Z;Courses de lévriers;OK;4,9;4940
07/10/2026 14:02:27;2026-10-07T12:02:27.869Z;Courses hippiques (PMU);ECHEC;20,6;20573
07/10/2026 14:02:27;2026-10-07T12:02:27.869Z;Courses de lévriers;ECHEC;20,3;20330
07/10/2026 14:13:22;2026-10-07T12:13:22.969Z;Courses hippiques (PMU);OK;5,8;5759
07/10/2026 14:13:22;2026-10-07T12:13:22.969Z;Courses de lévriers;OK;6,0;6024
07/10/2026 14:25:32;2026-10-07T12:25:32.263Z;Courses hippiques (PMU);OK;4,5;4518
07/10/2026 14:25:32;2026-10-07T12:25:32.263Z;Courses de lévriers;OK;6,0;5993
07/10/2026 14:37:17;2026-10-07T12:37:17.905Z;Courses hippiques (PMU);OK;4,8;4825
07/10/2026 14:37:17;2026-10-07T12:37:17.905Z;Courses de lévriers;OK;4,9;4938
07/10/2026 14:49:20;2026-10-07T12:49:20.503Z;Courses hippiques (PMU);OK;4,5;4525
07/10/2026 14:49:20;2026-10-07T12:49:20.503Z;Courses de lévriers;OK;5,3;5287
07/10/2026 15:01:50;2026-10-07T13:01:50.141Z;Courses hippiques (PMU);OK;4,1;4146
07/10/2026 15:01:50;2026-10-07T13:01:50.141Z;Courses de lévriers;OK;5,4;5391
07/10/2026 15:13:19;2026-10-07T13:13:19.262Z;Courses hippiques (PMU);OK;4,3;4316
07/10/2026 15:13:19;2026-10-07T13:13:19.262Z;Courses de lévriers;OK;4,5;4515
07/10/2026 15:25:20;2026-10-07T13:25:20.896Z;Courses hippiques (PMU);OK;4,0;3965
07/10/2026 15:25:20;2026-10-07T13:25:20.896Z;Courses de lévriers;OK;4,4;4390
07/10/2026 15:34:28;2026-10-07T13:34:28.653Z;Courses hippiques (PMU);ECHEC;20,1;20097
07/10/2026 15:34:28;2026-10-07T13:34:28.653Z;Courses de lévriers;OK;4,9;4858
07/10/2026 15:37:24;2026-10-07T13:37:24.565Z;Courses hippiques (PMU);OK;4,0;4032
07/10/2026 15:37:24;2026-10-07T13:37:24.565Z;Courses de lévriers;OK;5,6;5596
07/10/2026 15:49:52;2026-10-07T13:49:52.094Z;Courses hippiques (PMU);ECHEC;30,0;30006
07/10/2026 15:49:52;2026-10-07T13:49:52.094Z;Courses de lévriers;OK;5,0;4985
07/10/2026 16:02:01;2026-10-07T14:02:01.060Z;Courses hippiques (PMU);OK;3,9;3874
07/10/2026 16:02:01;2026-10-07T14:02:01.060Z;Courses de lévriers;OK;4,6;4574
07/10/2026 16:13:40;2026-10-07T14:13:40.024Z;Courses hippiques (PMU);ECHEC;20,2;20183
07/10/2026 16:13:40;2026-10-07T14:13:40.024Z;Courses de lévriers;OK;4,7;4695
07/10/2026 16:25:48;2026-10-07T14:25:48.949Z;Courses hippiques (PMU);ECHEC;20,9;20916
07/10/2026 16:25:48;2026-10-07T14:25:48.949Z;Courses de lévriers;OK;4,7;4656
07/10/2026 16:37:24;2026-10-07T14:37:24.763Z;Courses hippiques (PMU);OK;4,1;4073
07/10/2026 16:37:24;2026-10-07T14:37:24.763Z;Courses de lévriers;OK;5,3;5293
07/10/2026 16:49:22;2026-10-07T14:49:22.493Z;Courses hippiques (PMU);OK;4,8;4845
07/10/2026 16:49:22;2026-10-07T14:49:22.493Z;Courses de lévriers;ECHEC;2,7;2708
07/10/2026 17:02:57;2026-10-07T15:02:57.764Z;Courses hippiques (PMU);ECHEC;20,0;20010
07/10/2026 17:02:57;2026-10-07T15:02:57.764Z;Courses de lévriers;OK;4,5;4514
07/10/2026 17:25:22;2026-10-07T15:25:22.038Z;Courses hippiques (PMU);OK;5,4;5420
07/10/2026 17:25:22;2026-10-07T15:25:22.038Z;Courses de lévriers;OK;5,5;5473
07/10/2026 17:37:17;2026-10-07T15:37:17.062Z;Courses hippiques (PMU);OK;4,9;4870
07/10/2026 17:37:17;2026-10-07T15:37:17.062Z;Courses de lévriers;OK;4,6;4606
07/10/2026 17:49:34;2026-10-07T15:49:34.874Z;Courses hippiques (PMU);OK;3,0;2987
07/10/2026 17:49:34;2026-10-07T15:49:34.874Z;Courses de lévriers;OK;4,4;4396
07/10/2026 18:01:53;2026-10-07T16:01:53.866Z;Courses hippiques (PMU);OK;3,8;3796
07/10/2026 18:01:53;2026-10-07T16:01:53.866Z;Courses de lévriers;OK;4,9;4902
07/10/2026 18:15:37;2026-10-07T16:15:37.932Z;Courses hippiques (PMU);OK;4,2;4171
07/10/2026 18:15:37;2026-10-07T16:15:37.932Z;Courses de lévriers;OK;4,8;4817
07/10/2026 18:25:46;2026-10-07T16:25:46.739Z;Courses hippiques (PMU);OK;4,8;4850
07/10/2026 18:25:46;2026-10-07T16:25:46.739Z;Courses de lévriers;OK;5,3;5279
07/10/2026 18:37:19;2026-10-07T16:37:19.624Z;Courses hippiques (PMU);OK;4,7;4664
07/10/2026 18:37:19;2026-10-07T16:37:19.624Z;Courses de lévriers;OK;5,3;5302
07/10/2026 18:49:18;2026-10-07T16:49:18.993Z;Courses hippiques (PMU);OK;4,2;4191
07/10/2026 18:49:18;2026-10-07T16:49:18.993Z;Courses de lévriers;OK;4,6;4582
07/10/2026 19:01:42;2026-10-07T17:01:42.078Z;Courses hippiques (PMU);OK;4,0;4049
07/10/2026 19:01:42;2026-10-07T17:01:42.078Z;Courses de lévriers;OK;3,9;3851
07/10/2026 19:13:18;2026-10-07T17:13:18.708Z;Courses hippiques (PMU);OK;3,9;3907
07/10/2026 19:13:18;2026-10-07T17:13:18.708Z;Courses de lévriers;OK;4,8;4791
07/10/2026 19:25:41;2026-10-07T17:25:41.193Z;Courses hippiques (PMU);OK;4,5;4471
07/10/2026 19:25:41;2026-10-07T17:25:41.193Z;Courses de lévriers;OK;5,5;5502
07/10/2026 19:37:39;2026-10-07T17:37:39.295Z;Courses hippiques (PMU);OK;3,2;3156
07/10/2026 19:37:39;2026-10-07T17:37:39.295Z;Courses de lévriers;OK;4,9;4901
07/10/2026 19:49:23;2026-10-07T17:49:23.775Z;Courses hippiques (PMU);OK;4,2;4159
07/10/2026 19:49:23;2026-10-07T17:49:23.775Z;Courses de lévriers;OK;7,2;7206
07/10/2026 20:05:14;2026-10-07T18:05:14.342Z;Courses hippiques (PMU);OK;3,8;3843
07/10/2026 20:05:14;2026-10-07T18:05:14.342Z;Courses de lévriers;OK;5,6;5601
07/10/2026 20:14:43;2026-10-07T18:14:43.368Z;Courses hippiques (PMU);OK;4,0;3997
07/10/2026 20:14:43;2026-10-07T18:14:43.368Z;Courses de lévriers;OK;4,6;4616
07/10/2026 20:26:09;2026-10-07T18:26:09.612Z;Courses hippiques (PMU);OK;3,9;3928
07/10/2026 20:26:09;2026-10-07T18:26:09.612Z;Courses de lévriers;OK;3,4;3404
07/10/2026 20:50:36;2026-10-07T18:50:36.976Z;Courses hippiques (PMU);OK;4,5;4524
07/10/2026 20:50:36;2026-10-07T18:50:36.976Z;Courses de lévriers;OK;4,8;4807
07/10/2026 21:01:44;2026-10-07T19:01:44.569Z;Courses hippiques (PMU);OK;4,5;4457
07/10/2026 21:01:44;2026-10-07T19:01:44.569Z;Courses de lévriers;OK;4,5;4532
07/10/2026 21:15:07;2026-10-07T19:15:07.737Z;Courses hippiques (PMU);OK;3,9;3852
07/10/2026 21:15:07;2026-10-07T19:15:07.737Z;Courses de lévriers;OK;4,7;4663
07/10/2026 21:26:08;2026-10-07T19:26:08.122Z;Courses hippiques (PMU);OK;4,1;4099
07/10/2026 21:26:08;2026-10-07T19:26:08.122Z;Courses de lévriers;OK;4,8;4783
07/10/2026 21:37:30;2026-10-07T19:37:30.671Z;Courses hippiques (PMU);OK;4,2;4164
07/10/2026 21:37:30;2026-10-07T19:37:30.671Z;Courses de lévriers;OK;4,4;4376
07/10/2026 21:51:27;2026-10-07T19:51:27.780Z;Courses hippiques (PMU);OK;3,9;3941
07/10/2026 21:51:27;2026-10-07T19:51:27.780Z;Courses de lévriers;OK;5,1;5129
07/10/2026 22:01:50;2026-10-07T20:01:50.200Z;Courses hippiques (PMU);OK;4,1;4130
07/10/2026 22:01:50;2026-10-07T20:01:50.200Z;Courses de lévriers;OK;5,5;5522
07/10/2026 22:15:13;2026-10-07T20:15:13.889Z;Courses hippiques (PMU);OK;4,8;4803
07/10/2026 22:15:13;2026-10-07T20:15:13.889Z;Courses de lévriers;OK;6,3;6349
07/10/2026 22:38:06;2026-10-07T20:38:06.707Z;Courses hippiques (PMU);OK;3,6;3577
07/10/2026 22:38:06;2026-10-07T20:38:06.707Z;Courses de lévriers;OK;3,7;3736
07/10/2026 22:40:24;2026-10-07T20:40:24.956Z;Courses hippiques (PMU);OK;4,9;4853
07/10/2026 22:40:24;2026-10-07T20:40:24.956Z;Courses de lévriers;OK;4,3;4280
07/10/2026 22:56:22;2026-10-07T20:56:22.004Z;Courses hippiques (PMU);OK;4,1;4058
07/10/2026 22:56:22;2026-10-07T20:56:22.004Z;Courses de lévriers;OK;4,6;4597
07/10/2026 23:01:50;2026-10-07T21:01:50.905Z;Courses hippiques (PMU);OK;5,3;5329
07/10/2026 23:01:50;2026-10-07T21:01:50.905Z;Courses de lévriers;OK;2,9;2919
07/10/2026 23:15:35;2026-10-07T21:15:35.263Z;Courses hippiques (PMU);OK;4,3;4316
07/10/2026 23:15:35;2026-10-07T21:15:35.263Z;Courses de lévriers;OK;5,4;5421
07/10/2026 23:25:13;2026-10-07T21:25:13.244Z;Courses hippiques (PMU);OK;4,4;4418
07/10/2026 23:25:13;2026-10-07T21:25:13.244Z;Courses de lévriers;OK;4,6;4624
